1.227416e-08,9.976848e-09,1.114731e-08,1.100720e-08,1.194376e-08,9.736138e-09,1.049957e-08,9.425913e-09,9.133938e-09,8.210839e-09,9.128127e-09,1.087965e-08,1.089559e-08,1.018393e-08,1.027499e-08,1.011620e-08,1.016913e-08,9.098455e-09,9.649033e-09,1.017007e-08,1.054517e-08,8.672201e-09,1.075637e-08,1.140193e-08,8.667797e-09,9.671047e-09,1.124090e-08,9.632903e-09,9.903898e-09,1.059499e-08,8.819067e-09,1.115582e-08,1.042418e-08,9.337067e-09,9.195847e-09,8.923218e-09,1.135924e-08,9.670704e-09,1.076018e-08,9.258173e-09,1.088133e-08,9.921684e-09,8.887613e-09,9.558975e-09,8.989183e-09,8.886405e-09,1.102603e-08,9.887184e-09,9.390421e-09,1.080166e-08,9.746367e-09,9.377643e-09,9.687732e-09,8.298583e-09,1.114891e-08,1.020128e-08,1.133311e-08,9.095687e-09,1.084366e-08,1.056394e-08,1.084824e-08,1.023647e-08,9.555243e-09,7.869370e-09,
7.142414e-09,8.716731e-09,1.118005e-08,1.015927e-08,9.318343e-09,1.028195e-08,9.408147e-09,9.702625e-09,1.051073e-08,1.193712e-08,8.629357e-09,9.406233e-09,1.070110e-08,9.543989e-09,8.865081e-09,1.063861e-08,8.922912e-09,9.818036e-09,9.467621e-09,1.196812e-08,9.461157e-09,9.693605e-09,8.198699e-09,9.661090e-09,9.837129e-09,9.465044e-09,8.409120e-09,1.024759e-08,1.243271e-08,1.048023e-08,1.037976e-08,8.160120e-09,9.545847e-09,1.041273e-08,9.222180e-09,9.660373e-09,8.285856e-09,1.081520e-08,8.906921e-09,1.219591e-08,1.045735e-08,9.689740e-09,9.042063e-09,9.820346e-09,7.810512e-09,9.595724e-09,1.163913e-08,1.030555e-08,9.996708e-09,8.728004e-09,1.083753e-08,1.047291e-08,1.078418e-08,1.026936e-08,8.558346e-09,9.622726e-09,1.082788e-08,1.051261e-08,1.097306e-08,1.075706e-08,1.015147e-08,9.650772e-09,1.063066e-08,1.011516e-08,
1.099988e-08,9.697863e-09,9.164922e-09,1.040221e-08,1.007518e-08,1.018138e-08,9.309969e-09,1.035075e-08,9.749564e-09,1.064898e-08,8.792192e-09,9.349169e-09,9.970253e-09,9.176001e-09,8.386043e-09,9.909279e-09,9.843753e-09,9.743637e-09,8.301472e-09,1.079511e-08,1.054645e-08,9.124692e-09,8.989624e-09,8.999712e-09,1.038052e-08,1.019357e-08,1.009643e-08,1.044067e-08,9.089314e-09,9.587009e-09,9.697042e-09,1.146794e-08,1.015891e-08,8.461628e-09,8.176277e-09,1.027774e-08,9.412212e-09,1.139580e-08,9.457328e-09,9.936808e-09,1.047537e-08,1.091936e-08,1.099735e-08,1.001727e-08,9.182834e-09,9.648655e-09,1.028278e-08,7.814398e-09,9.964955e-09,9.136245e-09,1.082525e-08,9.323406e-09,1.121268e-08,9.719902e-09,1.127293e-08,1.057290e-08,9.849882e-09,1.011863e-08,1.016070e-08,9.088066e-09,7.385828e-09,8.600186e-09,1.105815e-08,8.294940e-09,
9.121242e-09,1.009136e-08,1.025004e-08,1.074058e-08,1.157418e-08,9.443552e-09,8.930352e-09,9.534870e-09,8.897136e-09,9.784147e-09,1.200641e-08,8.622534e-09,1.106092e-08,1.019871e-08,8.868753e-09,9.488432e-09,8.794240e-09,1.008468e-08,1.039657e-08,9.674157e-09,9.353906e-09,9.452701e-09,1.067096e-08,9.478667e-09,1.139408e-08,9.376994e-09,8.378808e-09,9.553787e-09,1.040275e-08,1.029797e-08,9.240341e-09,1.059549e-08,9.088202e-09,9.465995e-09,9.143047e-09,1.107022e-08,1.001328e-08,9.591934e-09,7.434820e-09,1.019511e-08,8.626518e-09,1.001898e-08,8.933863e-09,1.094114e-08,9.137558e-09,8.704653e-09,9.725473e-09,1.044759e-08,1.183371e-08,8.615249e-09,8.855177e-09,9.514142e-09,1.070877e-08,8.683612e-09,9.877394e-09,9.130893e-09,1.151761e-08,1.027343e-08,9.848629e-09,6.955453e-09,8.217164e-09,9.210981e-09,9.635254e-09,1.128431e-08,
9.194058e-09,1.049869e-08,1.114206e-08,1.016436e-08,1.228666e-08,1.022697e-08,1.046504e-08,9.377316e-09,9.623500e-09,9.479381e-09,9.658348e-09,9.526523e-09,1.126078e-08,9.321323e-09,9.054661e-09,1.081403e-08,1.269187e-08,1.202917e-08,9.345897e-09,1.043404e-08,9.009692e-09,9.555559e-09,9.279836e-09,9.429648e-09,7.835750e-09,1.014902e-08,1.083816e-08,8.046161e-09,1.079402e-08,1.100780e-08,1.000973e-08,9.484633e-09,1.074499e-08,1.024865e-08,1.204978e-08,8.753594e-09,8.472074e-09,1.093389e-08,8.580184e-09,1.028261e-08,8.809421e-09,9.700319e-09,9.931485e-09,1.029983e-08,1.135622e-08,8.822996e-09,9.915326e-09,9.458704e-09,9.868555e-09,1.033815e-08,1.068784e-08,9.444231e-09,1.048981e-08,7.618398e-09,8.027113e-09,9.202901e-09,1.014872e-08,1.230667e-08,1.089652e-08,9.673560e-09,8.733438e-09,1.027454e-08,7.354250e-09,9.170148e-09,
1.091933e-08,8.784985e-09,9.523995e-09,9.671280e-09,9.823656e-09,9.273897e-09,1.003159e-08,1.138701e-08,9.164848e-09,1.063677e-08,8.674131e-09,8.851774e-09,9.212437e-09,1.031445e-08,9.524294e-09,9.595101e-09,9.449828e-09,1.068382e-08,1.146169e-08,1.188352e-08,9.958941e-09,1.079942e-08,1.041638e-08,1.188839e-08,1.023511e-08,9.750610e-09,9.427368e-09,1.207609e-08,1.111374e-08,1.106179e-08,1.027227e-08,1.056199e-08,9.760816e-09,1.020330e-08,1.124172e-08,9.498894e-09,9.845801e-09,9.199724e-09,1.089813e-08,8.918320e-09,1.111030e-08,1.222823e-08,9.855400e-09,1.290557e-08,1.210055e-08,1.022896e-08,7.606842e-09,9.804779e-09,1.023514e-08,9.866228e-09,9.803811e-09,8.232738e-09,1.102241e-08,1.031120e-08,1.013454e-08,1.107927e-08,8.424377e-09,1.108952e-08,7.924508e-09,9.002687e-09,9.010574e-09,1.116240e-08,9.715083e-09,9.995596e-09,
8.680194e-09,8.749736e-09,8.246244e-09,9.782901e-09,1.041926e-08,1.027797e-08,1.050500e-08,1.043417e-08,1.015775e-08,9.616302e-09,9.264643e-09,9.524460e-09,1.073472e-08,7.893251e-09,9.965742e-09,9.369428e-09,9.436447e-09,9.711754e-09,1.146917e-08,1.271765e-08,1.000809e-08,1.009640e-08,1.294102e-08,1.091417e-08,1.003393e-08,1.011261e-08,9.268301e-09,9.133027e-09,9.534993e-09,8.960810e-09,9.029996e-09,1.064701e-08,9.891455e-09,1.091250e-08,9.927266e-09,9.746069e-09,7.644618e-09,8.435854e-09,9.117683e-09,1.133965e-08,7.899025e-09,8.589201e-09,7.592547e-09,7.749651e-09,8.879492e-09,1.041126e-08,1.013882e-08,1.040898e-08,1.033682e-08,7.726867e-09,8.069909e-09,8.703642e-09,1.085532e-08,1.133222e-08,9.279802e-09,1.189613e-08,1.023073e-08,1.052577e-08,9.705012e-09,8.371149e-09,9.587149e-09,9.370810e-09,8.717500e-09,9.195602e-09,
9.036750e-09,8.385374e-09,9.221443e-09,9.348720e-09,1.037636e-08,9.647141e-09,8.423093e-09,8.759790e-09,8.771731e-09,1.013366e-08,1.052234e-08,1.119287e-08,9.412613e-09,1.074399e-08,1.179395e-08,1.100716e-08,8.456283e-09,9.681542e-09,1.148368e-08,1.025396e-08,1.068317e-08,1.089197e-08,1.029820e-08,1.157669e-08,9.422524e-09,1.066206e-08,9.030078e-09,1.023357e-08,1.023032e-08,1.018559e-08,1.050161e-08,9.073341e-09,1.052222e-08,9.323355e-09,8.897271e-09,1.034106e-08,1.039740e-08,1.028547e-08,9.990254e-09,9.503872e-09,8.529100e-09,1.044691e-08,1.103322e-08,1.044695e-08,9.668549e-09,1.147349e-08,1.162883e-08,9.533587e-09,9.500822e-09,9.997638e-09,1.106439e-08,1.107536e-08,1.037169e-08,1.111749e-08,1.180902e-08,8.547366e-09,1.230821e-08,1.038468e-08,1.077217e-08,1.067893e-08,1.058252e-08,1.020549e-08,1.122240e-08,9.446264e-09,
9.500179e-09,1.075019e-08,9.716679e-09,1.271817e-08,1.019567e-08,9.183333e-09,9.531018e-09,1.095234e-08,9.220524e-09,1.214128e-08,9.908668e-09,1.077060e-08,9.834096e-09,9.544129e-09,7.843825e-09,9.706637e-09,1.064263e-08,8.274462e-09,1.056367e-08,8.600724e-09,1.043210e-08,1.037058e-08,8.843730e-09,8.557620e-09,9.116203e-09,1.000277e-08,1.125928e-08,1.057065e-08,8.215112e-09,8.831976e-09,1.109310e-08,9.755919e-09,8.470411e-09,1.073887e-08,1.136531e-08,9.606530e-09,9.627130e-09,1.029664e-08,8.854308e-09,1.109085e-08,9.890044e-09,1.021596e-08,1.081126e-08,1.109400e-08,8.386233e-09,9.541813e-09,7.908540e-09,7.025582e-09,8.833766e-09,9.949362e-09,9.831559e-09,8.863936e-09,1.064559e-08,9.052674e-09,9.490171e-09,9.845334e-09,8.993849e-09,9.321110e-09,8.710935e-09,9.189951e-09,1.130898e-08,1.212835e-08,1.046182e-08,9.554250e-09,
9.963431e-09,7.244125e-09,8.857291e-09,1.036494e-08,7.647197e-09,1.030017e-08,1.047539e-08,1.012481e-08,8.924483e-09,1.069413e-08,1.037714e-08,8.670369e-09,1.057700e-08,9.755730e-09,9.649905e-09,1.064827e-08,1.046594e-08,1.049509e-08,1.164300e-08,1.096673e-08,1.101821e-08,9.668476e-09,1.136640e-08,1.123216e-08,1.041158e-08,1.085092e-08,1.137147e-08,1.022457e-08,9.585391e-09,8.338136e-09,1.004298e-08,9.699700e-09,8.623923e-09,1.057208e-08,1.026696e-08,1.187245e-08,9.179419e-09,1.015006e-08,9.153077e-09,1.219107e-08,1.011086e-08,9.231732e-09,9.656557e-09,9.118218e-09,8.921610e-09,1.236305e-08,8.696205e-09,1.058871e-08,9.944863e-09,1.086542e-08,1.160029e-08,9.320425e-09,1.156598e-08,9.465541e-09,9.168336e-09,8.731075e-09,1.064870e-08,1.016964e-08,9.879863e-09,1.048446e-08,1.048224e-08,1.017048e-08,1.133488e-08,9.451154e-09,
8.826518e-09,1.054609e-08,1.062724e-08,1.220942e-08,1.017583e-08,1.051808e-08,8.414024e-09,1.031417e-08,1.040925e-08,9.941972e-09,1.035713e-08,9.144008e-09,9.767566e-09,8.188776e-09,9.835094e-09,8.646640e-09,1.122888e-08,9.321648e-09,9.072650e-09,9.929099e-09,8.446298e-09,1.040740e-08,9.051833e-09,1.058319e-08,9.654433e-09,9.715519e-09,8.578714e-09,1.258738e-08,1.031367e-08,1.216436e-08,9.253484e-09,9.700981e-09,9.901512e-09,1.152879e-08,1.161307e-08,1.036798e-08,1.018277e-08,1.005715e-08,9.965702e-09,1.032636e-08,1.053964e-08,8.791736e-09,9.107723e-09,9.542483e-09,9.569114e-09,9.797352e-09,9.865097e-09,1.061628e-08,1.069908e-08,9.600809e-09,1.134609e-08,9.809910e-09,8.792965e-09,9.950116e-09,9.211468e-09,1.005768e-08,9.827204e-09,1.134612e-08,9.950576e-09,1.122601e-08,1.043493e-08,8.303833e-09,9.995176e-09,1.160147e-08,
1.018415e-08,1.056044e-08,9.441290e-09,1.014623e-08,1.110611e-08,9.281351e-09,1.069019e-08,8.453024e-09,8.941475e-09,9.817544e-09,1.152023e-08,8.759641e-09,9.953361e-09,1.269013e-08,7.423971e-09,1.058967e-08,9.557244e-09,9.875311e-09,1.076657e-08,9.925947e-09,9.814661e-09,9.183252e-09,9.498119e-09,9.339540e-09,1.105352e-08,8.604498e-09,1.049725e-08,9.890830e-09,1.075885e-08,1.066105e-08,8.344437e-09,8.976424e-09,8.250940e-09,1.050983e-08,1.046800e-08,9.140168e-09,9.617419e-09,9.565697e-09,9.868621e-09,1.069154e-08,9.832475e-09,9.522544e-09,9.820821e-09,9.963428e-09,1.007844e-08,8.823230e-09,1.110009e-08,8.884775e-09,1.018655e-08,1.065594e-08,9.362994e-09,1.065966e-08,1.055081e-08,1.098963e-08,9.118044e-09,9.758993e-09,9.848792e-09,1.053079e-08,1.018935e-08,9.251595e-09,9.537871e-09,9.440576e-09,9.343042e-09,8.360455e-09,
1.011624e-08,9.287036e-09,1.138890e-08,1.101388e-08,1.043734e-08,1.226780e-08,1.001296e-08,9.526595e-09,8.276789e-09,8.790015e-09,8.668271e-09,7.778202e-09,9.860149e-09,9.971849e-09,8.241675e-09,1.115458e-08,1.152932e-08,9.825027e-09,9.594258e-09,1.053349e-08,1.197172e-08,9.590959e-09,8.645030e-09,1.225195e-08,1.174605e-08,1.227683e-08,1.023966e-08,7.696286e-09,9.400227e-09,1.077337e-08,1.096410e-08,8.361087e-09,1.110025e-08,1.002443e-08,1.122460e-08,1.056320e-08,7.930235e-09,1.030885e-08,1.019493e-08,8.619974e-09,1.076382e-08,9.756684e-09,9.701348e-09,8.788978e-09,1.028773e-08,9.307965e-09,1.152698e-08,8.693688e-09,1.126371e-08,8.735261e-09,1.052528e-08,1.016544e-08,9.799231e-09,1.029939e-08,9.792063e-09,1.073125e-08,1.117227e-08,1.083963e-08,1.099091e-08,1.037472e-08,1.035383e-08,1.038612e-08,8.718861e-09,7.827762e-09,
1.064745e-08,1.012155e-08,1.113377e-08,1.145838e-08,8.553958e-09,1.076250e-08,1.064658e-08,1.072092e-08,9.821768e-09,9.557571e-09,1.013672e-08,9.714971e-09,8.377240e-09,1.176015e-08,9.782167e-09,9.366816e-09,7.989649e-09,1.017832e-08,9.918857e-09,9.404817e-09,9.333201e-09,1.224953e-08,8.874073e-09,1.042764e-08,1.050526e-08,8.940676e-09,9.837879e-09,9.644064e-09,1.050944e-08,1.120251e-08,1.003201e-08,9.024731e-09,1.014435e-08,1.013417e-08,9.855157e-09,9.055135e-09,1.077311e-08,1.144881e-08,1.091713e-08,9.530757e-09,9.861552e-09,9.982679e-09,9.496903e-09,1.016119e-08,9.581509e-09,1.167526e-08,1.040539e-08,1.124464e-08,1.107031e-08,8.741056e-09,1.155240e-08,1.099917e-08,1.122786e-08,9.574224e-09,9.332071e-09,1.026172e-08,8.770173e-09,9.305024e-09,1.097536e-08,9.864785e-09,9.986701e-09,1.000855e-08,8.188073e-09,8.700869e-09,
9.025647e-09,9.244977e-09,1.181660e-08,8.928680e-09,1.056577e-08,1.008477e-08,1.035313e-08,1.046130e-08,9.639184e-09,9.862949e-09,9.267071e-09,9.919475e-09,9.711102e-09,9.983298e-09,9.898967e-09,1.063406e-08,8.834613e-09,9.992647e-09,9.477419e-09,8.746048e-09,1.148043e-08,1.063951e-08,1.065040e-08,1.066578e-08,9.349026e-09,9.989612e-09,1.027811e-08,9.741956e-09,1.134881e-08,8.912701e-09,1.067894e-08,1.073075e-08,9.083279e-09,1.038539e-08,1.066459e-08,9.765203e-09,1.007727e-08,1.010531e-08,9.146054e-09,1.052986e-08,1.018709e-08,9.694072e-09,1.131449e-08,9.718017e-09,9.596872e-09,9.895667e-09,9.852318e-09,1.121775e-08,9.123111e-09,1.062836e-08,1.043928e-08,9.920398e-09,1.133312e-08,9.666265e-09,9.844913e-09,8.958026e-09,8.999045e-09,1.052320e-08,8.271224e-09,9.980973e-09,8.888618e-09,8.556078e-09,9.866537e-09,1.070438e-08,
1.134488e-08,6.738633e-09,9.108081e-09,1.176652e-08,9.852237e-09,1.101330e-08,1.179671e-08,7.984551e-09,9.790611e-09,1.031072e-08,1.085337e-08,1.086177e-08,9.760734e-09,1.053084e-08,1.026449e-08,1.004002e-08,8.602000e-09,1.017617e-08,1.120919e-08,1.180223e-08,8.480619e-09,9.895972e-09,9.364925e-09,9.889034e-09,1.137090e-08,1.018762e-08,1.099613e-08,9.729122e-09,9.259638e-09,1.025188e-08,9.473815e-09,9.054529e-09,9.466677e-09,9.630387e-09,1.023175e-08,9.900714e-09,8.809663e-09,8.701266e-09,1.067354e-08,8.907509e-09,9.538575e-09,1.060835e-08,1.113765e-08,9.534652e-09,9.837990e-09,8.235984e-09,7.763699e-09,9.408370e-09,1.014286e-08,1.008718e-08,9.807859e-09,1.014418e-08,7.969959e-09,1.019934e-08,6.854909e-09,1.133415e-08,1.013095e-08,7.695003e-09,8.816087e-09,9.959288e-09,8.525863e-09,1.008607e-08,9.731394e-09,9.742072e-09,
1.088972e-08,1.013257e-08,1.024482e-08,1.035678e-08,9.855749e-09,8.806677e-09,1.030418e-08,9.668966e-09,9.412999e-09,1.024697e-08,1.015617e-08,7.976963e-09,1.014260e-08,1.102337e-08,1.057478e-08,1.006036e-08,9.186308e-09,1.012235e-08,8.580322e-09,9.965395e-09,8.827140e-09,1.027931e-08,9.485423e-09,7.467384e-09,1.031372e-08,9.693334e-09,9.965804e-09,9.378417e-09,9.557185e-09,9.028899e-09,9.708743e-09,1.118003e-08,1.125440e-08,1.006683e-08,9.920976e-09,9.163387e-09,8.915988e-09,9.853456e-09,1.029758e-08,9.561366e-09,9.494727e-09,9.745656e-09,1.103878e-08,1.073275e-08,9.366139e-09,1.242032e-08,1.084035e-08,9.869261e-09,1.177553e-08,1.044358e-08,9.705581e-09,8.564888e-09,8.272808e-09,1.048804e-08,1.004592e-08,9.886802e-09,1.030742e-08,8.388252e-09,9.537995e-09,9.672870e-09,1.019288e-08,8.385246e-09,9.579927e-09,1.222495e-08,
1.009088e-08,7.969033e-09,9.751495e-09,8.643989e-09,9.501752e-09,9.830011e-09,9.491347e-09,8.215075e-09,1.028758e-08,1.131743e-08,9.854864e-09,1.164342e-08,9.733952e-09,1.061167e-08,1.113550e-08,1.032603e-08,1.003162e-08,9.633532e-09,8.816443e-09,9.142969e-09,9.369214e-09,9.486565e-09,8.177972e-09,1.171915e-08,8.544822e-09,1.060692e-08,1.164165e-08,8.889321e-09,1.079741e-08,1.068951e-08,9.493044e-09,1.023611e-08,9.950616e-09,1.045702e-08,9.420798e-09,1.003044e-08,9.158700e-09,1.150034e-08,9.646657e-09,1.068928e-08,1.121853e-08,1.018587e-08,9.291575e-09,1.130238e-08,1.072889e-08,1.020114e-08,8.748600e-09,1.339756e-08,8.793904e-09,9.126517e-09,1.212377e-08,9.154262e-09,1.034055e-08,9.540400e-09,9.444075e-09,1.023807e-08,7.996288e-09,1.068413e-08,9.640510e-09,1.034302e-08,8.550895e-09,7.903400e-09,1.176266e-08,1.007307e-08,
9.920139e-09,1.030803e-08,8.732775e-09,1.172621e-08,9.094249e-09,1.038349e-08,8.407529e-09,8.857624e-09,9.790925e-09,9.291356e-09,9.332633e-09,9.717555e-09,9.961305e-09,1.174462e-08,1.020071e-08,9.746245e-09,1.121911e-08,1.129296e-08,1.007335e-08,1.061101e-08,8.778350e-09,9.827163e-09,8.245865e-09,1.126489e-08,9.434419e-09,1.162354e-08,9.897116e-09,1.120406e-08,9.328152e-09,8.919701e-09,1.099462e-08,1.064527e-08,1.030874e-08,1.029057e-08,1.032927e-08,9.943177e-09,8.211075e-09,1.029223e-08,9.038750e-09,1.076789e-08,9.844477e-09,1.032552e-08,1.072738e-08,1.035141e-08,1.202551e-08,1.016844e-08,1.096479e-08,9.640990e-09,9.582093e-09,1.142989e-08,1.172962e-08,9.243165e-09,8.608486e-09,9.827561e-09,8.594490e-09,1.153039e-08,9.827649e-09,1.105254e-08,1.020330e-08,9.689233e-09,9.920916e-09,9.635759e-09,1.116501e-08,9.360943e-09,
1.200122e-08,1.115972e-08,1.074062e-08,7.995862e-09,1.078779e-08,8.282415e-09,1.057629e-08,8.688008e-09,1.059569e-08,1.025553e-08,1.137885e-08,9.121971e-09,9.556389e-09,9.679714e-09,1.114041e-08,1.077620e-08,1.189355e-08,9.775234e-09,1.040753e-08,1.046650e-08,1.023237e-08,9.628493e-09,1.041833e-08,9.035781e-09,9.275397e-09,9.683344e-09,1.130552e-08,9.693932e-09,9.160447e-09,9.772030e-09,1.009655e-08,9.653795e-09,1.076199e-08,9.722711e-09,9.255887e-09,1.032838e-08,9.954630e-09,9.672208e-09,9.782688e-09,1.160125e-08,9.671927e-09,1.013187e-08,9.544297e-09,9.525846e-09,9.149335e-09,8.196410e-09,1.030217e-08,9.519604e-09,1.131835e-08,9.952853e-09,7.824739e-09,1.074801e-08,9.551068e-09,1.035216e-08,9.267397e-09,1.091172e-08,1.022492e-08,1.024278e-08,9.933267e-09,1.097917e-08,1.013163e-08,7.605399e-09,1.158930e-08,9.549553e-09,
8.944424e-09,8.947017e-09,1.003793e-08,1.031246e-08,8.629296e-09,8.859816e-09,7.898873e-09,1.015435e-08,9.010746e-09,1.020037e-08,9.192121e-09,9.255838e-09,9.829092e-09,9.428202e-09,1.096936e-08,8.797859e-09,1.045065e-08,9.519974e-09,1.106504e-08,1.042921e-08,9.281256e-09,1.035832e-08,1.044779e-08,9.971064e-09,9.102888e-09,8.027265e-09,9.698520e-09,9.044462e-09,8.272130e-09,1.012906e-08,8.300343e-09,1.010342e-08,1.012235e-08,8.889310e-09,9.681712e-09,1.116924e-08,1.030380e-08,1.031521e-08,9.384105e-09,1.151108e-08,9.688394e-09,9.858113e-09,1.128373e-08,1.065182e-08,1.058990e-08,1.017647e-08,9.272189e-09,9.712380e-09,9.832793e-09,9.841392e-09,9.909180e-09,1.056608e-08,9.983308e-09,1.073928e-08,1.010930e-08,8.975884e-09,8.808502e-09,1.146043e-08,7.847163e-09,9.153359e-09,1.060300e-08,1.001351e-08,9.904981e-09,9.739672e-09,
1.164048e-08,1.094190e-08,9.583672e-09,9.141632e-09,9.889711e-09,9.332994e-09,1.036789e-08,9.873700e-09,9.645460e-09,1.098244e-08,1.007472e-08,1.111610e-08,9.794603e-09,7.538122e-09,1.073325e-08,8.677041e-09,1.189301e-08,9.439185e-09,9.578670e-09,1.088024e-08,1.092805e-08,8.576664e-09,1.016837e-08,1.130599e-08,1.106389e-08,1.152159e-08,1.033951e-08,1.059761e-08,9.984283e-09,1.137709e-08,1.028757e-08,9.168039e-09,1.008986e-08,9.824456e-09,1.034678e-08,1.020775e-08,8.943532e-09,8.815489e-09,1.063065e-08,1.014288e-08,1.115658e-08,1.134989e-08,1.267852e-08,1.012586e-08,9.819679e-09,1.064671e-08,1.099794e-08,1.038686e-08,8.782448e-09,1.095021e-08,1.072203e-08,1.054927e-08,1.077655e-08,9.801427e-09,9.193191e-09,1.131473e-08,8.540992e-09,9.474140e-09,9.594956e-09,9.093813e-09,9.145929e-09,8.773809e-09,9.973820e-09,1.011077e-08,
9.143686e-09,9.896242e-09,9.195280e-09,9.514872e-09,1.031971e-08,9.945683e-09,9.080756e-09,9.420066e-09,9.098580e-09,9.176139e-09,9.540014e-09,1.154046e-08,9.781525e-09,1.110678e-08,1.007168e-08,1.063246e-08,8.093707e-09,9.293788e-09,8.768967e-09,9.760004e-09,1.013377e-08,1.167097e-08,9.629913e-09,1.036624e-08,1.103062e-08,9.898401e-09,9.868930e-09,9.102170e-09,1.066134e-08,1.085708e-08,9.635989e-09,9.743730e-09,9.652793e-09,1.005309e-08,1.094897e-08,1.087168e-08,9.530444e-09,1.028781e-08,1.074026e-08,1.053324e-08,1.094504e-08,9.325973e-09,9.252676e-09,9.092121e-09,9.141804e-09,9.668180e-09,9.973572e-09,9.175206e-09,9.239570e-09,8.402569e-09,9.827180e-09,9.415762e-09,1.078973e-08,1.084956e-08,9.886714e-09,9.145360e-09,9.884421e-09,1.086341e-08,1.080752e-08,1.129954e-08,1.127083e-08,1.142397e-08,1.152902e-08,9.512807e-09,
9.847067e-09,9.257063e-09,1.101729e-08,1.144182e-08,1.224558e-08,7.649980e-09,1.006044e-08,9.942734e-09,1.020586e-08,9.697646e-09,9.648530e-09,1.069023e-08,7.383149e-09,7.835720e-09,1.044433e-08,9.614293e-09,1.069821e-08,9.332457e-09,1.061829e-08,9.788644e-09,9.467514e-09,9.440197e-09,1.034751e-08,1.119719e-08,7.557532e-09,9.637706e-09,8.789127e-09,8.435679e-09,1.217987e-08,9.788962e-09,9.892070e-09,9.627784e-09,1.051552e-08,8.952860e-09,1.098214e-08,8.137584e-09,1.155793e-08,9.967345e-09,1.105379e-08,8.430678e-09,9.645971e-09,1.162143e-08,1.023708e-08,1.115894e-08,1.037583e-08,9.608215e-09,9.106808e-09,1.161534e-08,1.169225e-08,9.798617e-09,1.076079e-08,9.597096e-09,9.645231e-09,9.536685e-09,9.721727e-09,1.153862e-08,9.275166e-09,1.042135e-08,9.605619e-09,1.082411e-08,9.686590e-09,7.906298e-09,1.078010e-08,1.115909e-08,
9.720833e-09,8.488239e-09,1.058888e-08,1.014829e-08,9.739345e-09,9.804074e-09,7.023173e-09,9.856234e-09,9.723151e-09,9.553483e-09,1.213269e-08,1.037747e-08,9.470482e-09,8.544302e-09,1.006326e-08,9.638762e-09,8.680615e-09,9.556248e-09,1.092016e-08,1.156609e-08,1.155636e-08,9.350608e-09,9.597441e-09,1.109102e-08,9.059440e-09,1.001615e-08,1.106853e-08,9.740544e-09,9.311546e-09,1.001712e-08,1.020375e-08,9.945883e-09,1.079352e-08,8.766802e-09,1.016434e-08,9.702160e-09,1.016318e-08,7.762866e-09,9.092378e-09,1.021714e-08,9.344157e-09,1.050983e-08,9.626694e-09,1.174078e-08,8.758153e-09,9.703023e-09,1.037519e-08,1.059048e-08,1.033809e-08,1.070677e-08,9.371976e-09,1.074453e-08,1.151506e-08,9.396044e-09,1.276636e-08,1.046592e-08,7.996416e-09,9.130765e-09,8.834828e-09,8.600970e-09,9.758077e-09,1.051047e-08,1.144988e-08,8.647077e-09,
8.102938e-09,1.016491e-08,8.815538e-09,9.694228e-09,1.196737e-08,1.042185e-08,9.749254e-09,9.295826e-09,1.007435e-08,1.084884e-08,1.095784e-08,1.019610e-08,9.886559e-09,9.391924e-09,9.477875e-09,1.061048e-08,9.400433e-09,1.105034e-08,1.044593e-08,9.697036e-09,1.116731e-08,9.587256e-09,1.048615e-08,1.083485e-08,1.140799e-08,1.004985e-08,9.169913e-09,9.796953e-09,1.142086e-08,9.997729e-09,9.974471e-09,1.112710e-08,1.079408e-08,1.002331e-08,9.951565e-09,9.823008e-09,9.230663e-09,9.419071e-09,9.171249e-09,1.105888e-08,1.192615e-08,1.104591e-08,1.037920e-08,9.762942e-09,1.002853e-08,7.082625e-09,1.222582e-08,9.233337e-09,8.920082e-09,1.122524e-08,9.740970e-09,9.531054e-09,1.022076e-08,1.029377e-08,1.164862e-08,9.697422e-09,1.036075e-08,8.727663e-09,8.926136e-09,9.970754e-09,1.105348e-08,9.745483e-09,9.684796e-09,1.122756e-08,
1.156926e-08,9.552890e-09,1.222938e-08,9.415743e-09,1.039850e-08,1.154924e-08,1.200956e-08,9.788114e-09,9.255145e-09,1.034581e-08,8.200464e-09,1.074179e-08,9.997044e-09,9.483888e-09,1.068380e-08,1.101631e-08,1.230843e-08,1.053003e-08,9.776751e-09,1.067655e-08,1.093008e-08,9.670425e-09,1.029914e-08,9.754032e-09,1.070026e-08,1.100237e-08,9.771173e-09,1.045427e-08,1.150178e-08,1.161501e-08,1.172573e-08,9.468963e-09,9.601815e-09,8.733246e-09,8.515767e-09,1.118874e-08,8.709249e-09,9.775467e-09,9.684854e-09,1.105004e-08,8.842942e-09,9.917961e-09,9.483348e-09,9.869815e-09,1.060445e-08,9.343981e-09,1.045014e-08,9.286162e-09,1.150005e-08,1.161886e-08,1.023765e-08,1.024287e-08,1.164046e-08,9.344496e-09,9.534353e-09,1.201263e-08,8.543109e-09,1.027121e-08,1.049849e-08,1.160741e-08,1.035293e-08,8.286248e-09,9.041242e-09,9.026810e-09,
8.465999e-09,9.610417e-09,9.405586e-09,1.059478e-08,7.763865e-09,1.045435e-08,1.295500e-08,9.757117e-09,9.747983e-09,8.728857e-09,8.934611e-09,1.099206e-08,9.719052e-09,1.034680e-08,1.036222e-08,9.064722e-09,1.062967e-08,1.166304e-08,1.113387e-08,1.015682e-08,1.042482e-08,1.110542e-08,1.115284e-08,9.976338e-09,1.081710e-08,1.225079e-08,1.003767e-08,1.131199e-08,1.003682e-08,9.882481e-09,1.060962e-08,9.773875e-09,1.058902e-08,9.518643e-09,9.582077e-09,9.925995e-09,9.612813e-09,9.854799e-09,9.497698e-09,9.810627e-09,8.333112e-09,9.246882e-09,8.449768e-09,1.075630e-08,9.579694e-09,9.960817e-09,1.049223e-08,9.296067e-09,9.626606e-09,1.104218e-08,1.083855e-08,1.016139e-08,9.426667e-09,1.023716e-08,9.105548e-09,9.455016e-09,1.007925e-08,1.224962e-08,8.956843e-09,1.107482e-08,1.157894e-08,1.157114e-08,9.487305e-09,1.029759e-08,
1.119630e-08,1.045276e-08,9.313215e-09,1.121051e-08,1.111929e-08,1.107101e-08,9.524133e-09,8.303737e-09,1.064234e-08,1.033589e-08,9.496181e-09,9.205171e-09,1.071510e-08,1.003655e-08,9.837936e-09,9.028689e-09,1.050474e-08,1.292594e-08,1.086893e-08,8.394692e-09,9.225102e-09,1.036532e-08,1.012712e-08,1.020802e-08,9.725745e-09,1.003287e-08,1.011171e-08,9.327179e-09,7.510035e-09,9.165688e-09,1.214610e-08,1.106714e-08,7.205020e-09,7.390059e-09,9.597306e-09,8.790810e-09,9.867867e-09,9.518155e-09,1.041925e-08,9.847876e-09,1.136317e-08,9.462919e-09,9.411607e-09,9.623406e-09,9.372595e-09,8.765048e-09,9.620482e-09,1.184926e-08,1.099962e-08,1.046302e-08,1.007246e-08,1.005879e-08,1.115340e-08,8.602006e-09,8.708536e-09,1.133790e-08,1.062821e-08,9.193979e-09,8.756637e-09,9.715857e-09,1.025629e-08,1.068929e-08,9.414552e-09,1.038814e-08,
1.177743e-08,9.172035e-09,1.014031e-08,1.101065e-08,1.062234e-08,7.869898e-09,1.076382e-08,1.066206e-08,1.024485e-08,9.349017e-09,1.040971e-08,9.978326e-09,1.116153e-08,9.547019e-09,1.118082e-08,1.069779e-08,1.051751e-08,1.016787e-08,1.023456e-08,9.739639e-09,8.561548e-09,1.023600e-08,1.042622e-08,1.014665e-08,1.214523e-08,1.295970e-08,8.517927e-09,1.140841e-08,8.821116e-09,1.184789e-08,1.011664e-08,1.032998e-08,1.166177e-08,1.200989e-08,9.827303e-09,9.517698e-09,9.901760e-09,9.360015e-09,1.073225e-08,9.277826e-09,1.027076e-08,9.594572e-09,1.020422e-08,1.170919e-08,1.111072e-08,8.999689e-09,9.381500e-09,8.521320e-09,9.933459e-09,9.854189e-09,9.955301e-09,1.099789e-08,9.701888e-09,1.043437e-08,1.041067e-08,9.628290e-09,9.475026e-09,9.475066e-09,8.989187e-09,8.607956e-09,1.020628e-08,9.146167e-09,9.783328e-09,1.235144e-08,
1.070715e-08,1.147564e-08,1.158904e-08,1.043767e-08,9.451627e-09,1.063015e-08,1.169610e-08,1.016319e-08,1.014390e-08,1.038764e-08,1.108410e-08,7.485361e-09,9.850747e-09,8.500576e-09,1.076048e-08,1.092806e-08,9.797591e-09,1.061831e-08,1.091728e-08,1.138726e-08,1.123530e-08,8.665180e-09,1.033319e-08,9.794464e-09,1.137174e-08,1.056367e-08,1.041737e-08,1.092066e-08,8.985749e-09,1.102569e-08,9.573707e-09,9.454308e-09,1.062829e-08,1.115267e-08,8.692104e-09,1.042715e-08,1.029497e-08,1.264389e-08,1.070006e-08,1.180994e-08,7.836163e-09,9.553439e-09,9.984426e-09,9.402073e-09,1.141804e-08,9.246327e-09,9.026017e-09,9.896161e-09,1.007585e-08,1.230258e-08,1.166998e-08,9.434040e-09,1.094818e-08,9.797601e-09,9.481141e-09,1.125657e-08,7.821413e-09,9.606361e-09,9.900045e-09,1.075893e-08,8.359502e-09,8.804814e-09,9.173146e-09,8.266940e-09,
9.976116e-09,7.556297e-09,8.208404e-09,1.043792e-08,1.009445e-08,1.114443e-08,1.036548e-08,9.876404e-09,9.126867e-09,1.002447e-08,1.112732e-08,1.022204e-08,9.087599e-09,9.704914e-09,1.007269e-08,1.093976e-08,1.056667e-08,9.173212e-09,9.413253e-09,9.212949e-09,9.814993e-09,9.463330e-09,9.228157e-09,1.138290e-08,1.126451e-08,1.105419e-08,8.751193e-09,1.012737e-08,9.617839e-09,9.222651e-09,9.144120e-09,8.752682e-09,1.075881e-08,1.139762e-08,9.799787e-09,1.114157e-08,1.125601e-08,1.042915e-08,1.071145e-08,9.143855e-09,1.034988e-08,1.092630e-08,1.023111e-08,1.031510e-08,8.747490e-09,1.150893e-08,9.759281e-09,1.101934e-08,9.613243e-09,1.080869e-08,9.964856e-09,9.780700e-09,9.406876e-09,9.725420e-09,8.840486e-09,1.119093e-08,9.843905e-09,1.082740e-08,8.437119e-09,9.223272e-09,9.629274e-09,1.095816e-08,9.717265e-09,8.498330e-09,
9.472748e-09,9.525517e-09,1.063561e-08,9.731487e-09,9.964565e-09,1.199686e-08,1.137208e-08,8.912710e-09,9.217277e-09,9.224866e-09,9.360273e-09,1.031479e-08,1.049062e-08,8.203635e-09,1.027801e-08,8.593750e-09,1.110467e-08,1.129952e-08,8.954435e-09,9.482768e-09,1.134137e-08,1.012561e-08,1.026867e-08,8.269141e-09,1.045059e-08,1.106679e-08,9.747372e-09,1.124705e-08,8.656242e-09,8.701619e-09,1.064884e-08,8.057017e-09,1.040616e-08,1.005228e-08,9.541926e-09,1.043334e-08,1.164311e-08,1.075189e-08,1.151721e-08,9.783461e-09,1.011271e-08,1.120549e-08,1.082738e-08,9.471202e-09,1.034679e-08,1.023959e-08,9.686412e-09,9.763984e-09,9.968991e-09,8.523592e-09,9.885971e-09,1.040993e-08,9.247714e-09,8.970130e-09,9.249397e-09,1.014984e-08,9.784665e-09,8.496814e-09,8.995569e-09,1.071699e-08,1.058654e-08,8.284814e-09,1.120645e-08,1.125354e-08,
8.247442e-09,1.037761e-08,8.389218e-09,9.064422e-09,9.265265e-09,8.984157e-09,1.189715e-08,1.113737e-08,1.001244e-08,1.052181e-08,1.196606e-08,1.036708e-08,1.189114e-08,9.261868e-09,1.096916e-08,8.578180e-09,1.209523e-08,9.422141e-09,1.180189e-08,8.158560e-09,9.862806e-09,1.079173e-08,9.112823e-09,1.012000e-08,1.071830e-08,1.101677e-08,8.876204e-09,9.799653e-09,1.078548e-08,1.141693e-08,1.046255e-08,1.020650e-08,9.775966e-09,1.129658e-08,9.179162e-09,1.124290e-08,1.044280e-08,8.843636e-09,9.237835e-09,9.737902e-09,1.057723e-08,9.824171e-09,1.029717e-08,9.078884e-09,9.679125e-09,1.011338e-08,1.077151e-08,1.005094e-08,1.061307e-08,1.036554e-08,9.420803e-09,8.056828e-09,9.800059e-09,1.182527e-08,8.281998e-09,1.057144e-08,8.561632e-09,9.238945e-09,9.902766e-09,8.736187e-09,1.082124e-08,1.051967e-08,8.650000e-09,1.059052e-08,
1.011152e-08,9.597120e-09,1.066478e-08,1.182628e-08,9.595913e-09,1.064394e-08,1.137999e-08,9.304944e-09,9.555362e-09,1.030174e-08,9.537532e-09,1.038703e-08,9.025871e-09,1.000113e-08,1.183340e-08,8.898197e-09,1.015237e-08,9.668127e-09,8.733109e-09,9.764304e-09,8.942073e-09,1.032463e-08,1.068694e-08,1.093909e-08,8.749063e-09,9.425204e-09,1.044133e-08,1.140173e-08,9.704085e-09,1.093378e-08,1.159079e-08,8.803348e-09,1.043118e-08,1.092775e-08,1.056429e-08,9.982242e-09,1.292294e-08,1.090976e-08,9.351903e-09,9.708205e-09,1.100645e-08,1.021687e-08,1.050903e-08,1.017607e-08,1.013009e-08,9.946427e-09,1.049986e-08,8.337948e-09,1.095659e-08,1.040131e-08,9.298982e-09,9.209591e-09,1.005711e-08,9.875592e-09,9.547103e-09,9.466928e-09,1.085512e-08,1.022555e-08,9.904071e-09,1.067828e-08,8.897633e-09,1.113174e-08,1.056470e-08,1.033097e-08,
1.057543e-08,1.026574e-08,1.089044e-08,1.001958e-08,9.507106e-09,9.689768e-09,8.210225e-09,1.153537e-08,8.084248e-09,1.083782e-08,1.029303e-08,1.088143e-08,1.007627e-08,1.034013e-08,1.072432e-08,9.912952e-09,1.107137e-08,8.969824e-09,1.045242e-08,1.082889e-08,1.074551e-08,9.219600e-09,1.135462e-08,9.180283e-09,1.148402e-08,1.125511e-08,1.077443e-08,9.966435e-09,1.145968e-08,8.516890e-09,1.004586e-08,1.022951e-08,1.094482e-08,9.255374e-09,9.096440e-09,1.091608e-08,1.125515e-08,1.010672e-08,9.388656e-09,9.440846e-09,8.915264e-09,1.052994e-08,1.094783e-08,7.309714e-09,8.993351e-09,8.887792e-09,1.043508e-08,1.000980e-08,1.033753e-08,9.121941e-09,1.015412e-08,1.008036e-08,9.279326e-09,1.128786e-08,1.055861e-08,9.500435e-09,1.080460e-08,9.794146e-09,1.004393e-08,1.065092e-08,1.119531e-08,9.729742e-09,1.075399e-08,1.071308e-08,
8.968324e-09,1.207707e-08,1.000644e-08,1.187610e-08,9.046761e-09,9.972211e-09,1.039237e-08,1.075621e-08,1.224693e-08,8.209776e-09,1.090866e-08,1.172683e-08,1.010096e-08,1.212454e-08,1.004362e-08,1.008129e-08,9.201924e-09,9.464615e-09,8.509491e-09,1.053045e-08,1.102885e-08,1.096406e-08,1.029225e-08,9.924149e-09,1.054407e-08,1.069239e-08,9.130248e-09,1.219173e-08,1.089241e-08,1.235099e-08,1.073516e-08,9.496224e-09,9.891174e-09,9.660035e-09,9.746776e-09,9.249783e-09,9.874195e-09,9.585660e-09,9.330580e-09,8.275262e-09,9.302550e-09,1.062073e-08,1.066881e-08,1.020618e-08,1.233812e-08,1.013283e-08,1.062972e-08,1.005325e-08,9.405688e-09,9.126481e-09,9.966772e-09,1.069117e-08,1.087188e-08,1.007532e-08,1.077105e-08,1.058423e-08,1.043200e-08,8.603845e-09,1.025564e-08,1.098003e-08,9.758036e-09,1.065144e-08,1.156591e-08,1.051493e-08,
9.964203e-09,9.341383e-09,9.451330e-09,1.173912e-08,1.050889e-08,1.035583e-08,1.181967e-08,1.156938e-08,8.617591e-09,1.024855e-08,7.478784e-09,9.556864e-09,8.971120e-09,1.015805e-08,1.106095e-08,7.206869e-09,9.673284e-09,9.958361e-09,1.004632e-08,1.029906e-08,9.779417e-09,9.828993e-09,1.157058e-08,1.095401e-08,9.593822e-09,1.108944e-08,7.385783e-09,8.805057e-09,1.189782e-08,1.125874e-08,1.037380e-08,1.165671e-08,1.110285e-08,9.678833e-09,8.689248e-09,1.117102e-08,9.482872e-09,1.063088e-08,9.565363e-09,8.188197e-09,1.026586e-08,1.200782e-08,9.504690e-09,1.084258e-08,1.136321e-08,8.364695e-09,1.306300e-08,8.674816e-09,9.311406e-09,1.081073e-08,1.195185e-08,8.893525e-09,1.063716e-08,1.137273e-08,9.242985e-09,8.847025e-09,1.126391e-08,9.508674e-09,1.122934e-08,9.982275e-09,1.012712e-08,9.145007e-09,8.396920e-09,9.490301e-09,
8.670494e-09,1.033416e-08,7.736682e-09,1.014046e-08,9.786210e-09,9.342720e-09,1.095386e-08,1.185738e-08,1.002614e-08,9.228509e-09,8.762016e-09,1.097443e-08,8.522290e-09,8.588226e-09,9.561013e-09,9.750020e-09,1.073198e-08,9.368437e-09,8.563631e-09,9.809013e-09,9.626750e-09,9.396055e-09,8.576982e-09,1.096134e-08,9.190054e-09,1.114270e-08,1.065119e-08,9.297423e-09,9.684688e-09,9.548614e-09,9.867130e-09,8.745509e-09,9.402155e-09,1.047711e-08,9.713497e-09,1.150733e-08,8.958941e-09,8.223218e-09,9.498335e-09,1.056941e-08,1.172099e-08,1.089941e-08,9.944109e-09,1.073672e-08,1.171332e-08,1.003397e-08,1.095220e-08,1.002454e-08,9.178915e-09,1.032887e-08,8.666546e-09,9.125413e-09,1.147271e-08,1.041837e-08,1.049273e-08,1.155263e-08,1.081902e-08,1.009927e-08,1.083805e-08,1.046114e-08,9.749675e-09,9.282166e-09,1.109075e-08,1.000899e-08,
9.148101e-09,9.414353e-09,8.206879e-09,9.869104e-09,9.269764e-09,1.163258e-08,9.754368e-09,1.119329e-08,1.075653e-08,1.000721e-08,9.322164e-09,9.260560e-09,1.071632e-08,1.138234e-08,1.056105e-08,1.074739e-08,1.176154e-08,1.031927e-08,6.804121e-09,8.223654e-09,8.988913e-09,1.027615e-08,8.878678e-09,1.007680e-08,1.005261e-08,1.034778e-08,1.050448e-08,8.890610e-09,1.007106e-08,9.658810e-09,1.201054e-08,9.482850e-09,9.493607e-09,9.709775e-09,9.774098e-09,9.401282e-09,9.767599e-09,9.934551e-09,1.033807e-08,8.286918e-09,1.242643e-08,1.068629e-08,8.681334e-09,1.064515e-08,8.293103e-09,1.074611e-08,9.278060e-09,9.410178e-09,8.244846e-09,1.069408e-08,1.165990e-08,1.030085e-08,9.979341e-09,1.004900e-08,1.023894e-08,9.758012e-09,1.121237e-08,1.009035e-08,7.785358e-09,8.187451e-09,1.045373e-08,9.483009e-09,1.115162e-08,1.084454e-08,
8.044492e-09,1.031171e-08,9.919226e-09,1.022517e-08,8.718374e-09,8.156274e-09,8.554938e-09,9.310647e-09,9.839799e-09,9.933361e-09,1.040493e-08,8.393269e-09,1.080964e-08,1.059798e-08,1.005629e-08,9.780099e-09,1.166889e-08,1.029218e-08,1.137271e-08,9.148570e-09,8.922120e-09,7.006796e-09,9.254035e-09,9.058835e-09,9.759596e-09,9.867152e-09,1.100334e-08,7.918133e-09,1.015388e-08,1.008809e-08,9.907278e-09,1.015228e-08,9.802353e-09,9.257952e-09,9.744674e-09,9.443706e-09,1.103309e-08,9.781411e-09,1.016176e-08,9.823895e-09,9.315674e-09,1.029948e-08,8.806727e-09,8.574553e-09,9.741432e-09,1.029031e-08,9.283449e-09,1.065151e-08,1.063795e-08,9.656858e-09,8.851642e-09,9.956046e-09,1.079235e-08,9.296382e-09,1.029943e-08,1.043234e-08,1.059080e-08,1.151273e-08,1.020869e-08,9.056234e-09,8.944767e-09,1.055807e-08,9.635613e-09,1.145903e-08,
1.013794e-08,1.116623e-08,1.020555e-08,8.014794e-09,1.007823e-08,9.387678e-09,9.812377e-09,1.021055e-08,8.861964e-09,8.313292e-09,1.044765e-08,1.204430e-08,1.046437e-08,9.594402e-09,1.017002e-08,1.112738e-08,1.099786e-08,9.333758e-09,9.576487e-09,1.025582e-08,8.508837e-09,1.102838e-08,1.053687e-08,1.124301e-08,9.852218e-09,1.063652e-08,1.135922e-08,1.095785e-08,8.469981e-09,8.121185e-09,1.114800e-08,1.081579e-08,1.049357e-08,1.113348e-08,8.396963e-09,9.369872e-09,9.373770e-09,9.381711e-09,9.686639e-09,9.519840e-09,9.680835e-09,9.977599e-09,9.383817e-09,1.133147e-08,1.087027e-08,1.092605e-08,1.200390e-08,1.141101e-08,1.002665e-08,9.003329e-09,8.563776e-09,9.889195e-09,1.141605e-08,9.653711e-09,1.126841e-08,8.505995e-09,9.459223e-09,9.754999e-09,9.812159e-09,1.051572e-08,9.990639e-09,1.157917e-08,8.738311e-09,9.731672e-09,
8.470892e-09,8.955252e-09,1.051015e-08,9.932754e-09,1.238429e-08,1.151602e-08,1.072080e-08,1.033558e-08,1.119119e-08,1.025938e-08,1.133044e-08,1.153699e-08,1.137187e-08,7.783298e-09,1.321035e-08,1.068096e-08,1.005241e-08,9.675235e-09,1.032010e-08,1.093274e-08,1.069159e-08,1.116317e-08,1.069876e-08,1.118830e-08,9.114544e-09,1.135693e-08,9.757974e-09,1.017183e-08,1.025377e-08,9.620676e-09,1.026968e-08,8.984960e-09,9.030096e-09,1.017836e-08,1.098499e-08,1.126890e-08,1.055110e-08,7.919443e-09,8.192696e-09,8.679622e-09,9.374489e-09,9.822963e-09,9.683937e-09,1.027736e-08,9.285039e-09,1.028240e-08,1.099083e-08,1.019425e-08,9.844726e-09,9.115422e-09,9.005240e-09,1.045434e-08,1.018297e-08,1.105276e-08,1.190087e-08,1.110669e-08,1.010793e-08,1.058329e-08,1.144194e-08,1.194964e-08,9.384137e-09,1.091651e-08,7.729411e-09,1.074634e-08,
8.845115e-09,9.707072e-09,1.028053e-08,1.017757e-08,1.038254e-08,1.000409e-08,1.022804e-08,8.936936e-09,1.019665e-08,8.587419e-09,1.152924e-08,9.618140e-09,1.176518e-08,8.942443e-09,9.486426e-09,9.420891e-09,1.048516e-08,1.019426e-08,1.000025e-08,1.012939e-08,9.643868e-09,1.041372e-08,1.104609e-08,9.728440e-09,9.394455e-09,1.048320e-08,9.171779e-09,9.294476e-09,1.073205e-08,7.988993e-09,1.143049e-08,9.510048e-09,9.668651e-09,1.117593e-08,8.812058e-09,9.351185e-09,9.742810e-09,1.145343e-08,1.184175e-08,9.083755e-09,1.001626e-08,9.176358e-09,1.112267e-08,9.247939e-09,1.098580e-08,1.095658e-08,1.025878e-08,1.052795e-08,9.939053e-09,9.965552e-09,9.625113e-09,1.012914e-08,9.042130e-09,8.992330e-09,1.070415e-08,9.718221e-09,1.092803e-08,9.488959e-09,9.408433e-09,1.056646e-08,8.562857e-09,1.007934e-08,9.296443e-09,9.651194e-09,
9.765863e-09,9.144680e-09,9.486449e-09,1.033699e-08,9.616800e-09,1.250066e-08,1.028658e-08,1.018138e-08,1.051637e-08,1.010034e-08,9.482799e-09,1.083344e-08,8.745158e-09,1.011258e-08,9.572014e-09,9.957575e-09,1.169758e-08,9.947811e-09,1.222595e-08,9.637601e-09,7.886250e-09,1.104286e-08,1.087043e-08,1.114363e-08,1.045097e-08,9.914528e-09,1.065076e-08,9.502432e-09,8.531062e-09,1.106698e-08,1.002852e-08,9.158675e-09,9.712884e-09,9.147082e-09,1.042634e-08,1.041191e-08,9.441930e-09,1.020056e-08,1.014142e-08,1.196236e-08,1.069488e-08,1.024988e-08,9.097654e-09,1.038547e-08,9.938298e-09,1.001392e-08,1.002854e-08,9.892384e-09,9.524807e-09,1.103825e-08,8.473953e-09,9.007725e-09,9.767013e-09,1.005261e-08,8.688103e-09,8.944465e-09,1.044137e-08,8.868210e-09,1.101496e-08,9.105669e-09,9.570319e-09,7.866842e-09,1.111562e-08,9.848057e-09,
9.234323e-09,8.012522e-09,1.054487e-08,1.129507e-08,1.168520e-08,8.413873e-09,9.423451e-09,1.039646e-08,1.196311e-08,1.043234e-08,1.078282e-08,1.124633e-08,1.032424e-08,9.377430e-09,1.020640e-08,1.009337e-08,9.772628e-09,1.010138e-08,1.040101e-08,9.134497e-09,1.105364e-08,1.269272e-08,1.165619e-08,1.029610e-08,9.596942e-09,9.773544e-09,1.173284e-08,9.208362e-09,9.947206e-09,9.175785e-09,1.026608e-08,9.458310e-09,9.638411e-09,9.529730e-09,9.275201e-09,9.748382e-09,1.038753e-08,9.143249e-09,9.057833e-09,1.060881e-08,8.169117e-09,7.791655e-09,1.053082e-08,1.012395e-08,8.654798e-09,9.656419e-09,1.058762e-08,9.526077e-09,8.935487e-09,1.040091e-08,8.099826e-09,1.098124e-08,9.701845e-09,9.336310e-09,9.982133e-09,8.257081e-09,1.074780e-08,9.509098e-09,1.121523e-08,8.571181e-09,1.128240e-08,1.161834e-08,8.846267e-09,9.964045e-09,
1.121732e-08,9.299633e-09,1.056980e-08,1.063054e-08,1.288449e-08,8.087994e-09,7.721259e-09,1.055698e-08,8.573794e-09,1.093834e-08,7.370249e-09,8.357563e-09,9.632284e-09,1.077902e-08,8.688748e-09,9.133633e-09,7.958239e-09,1.013613e-08,7.848041e-09,1.169246e-08,1.004966e-08,1.120621e-08,8.162417e-09,9.065309e-09,9.394917e-09,9.577781e-09,9.901100e-09,1.096334e-08,9.750333e-09,1.227290e-08,1.136944e-08,1.065186e-08,1.017899e-08,1.074107e-08,1.124879e-08,9.710207e-09,1.102132e-08,1.064920e-08,9.252953e-09,1.058620e-08,8.530237e-09,9.864644e-09,9.129175e-09,1.241231e-08,8.472725e-09,9.938988e-09,9.222356e-09,8.551059e-09,1.033675e-08,1.132754e-08,1.011067e-08,8.412984e-09,1.113258e-08,9.325307e-09,8.835533e-09,1.071856e-08,9.650092e-09,9.482618e-09,7.769785e-09,1.043649e-08,1.032082e-08,1.103055e-08,1.028014e-08,1.149826e-08,
1.056498e-08,1.031062e-08,9.993129e-09,1.045342e-08,9.247988e-09,9.719563e-09,1.048260e-08,9.787686e-09,1.013621e-08,9.687624e-09,8.749426e-09,1.163649e-08,1.034693e-08,1.147418e-08,9.230678e-09,9.797585e-09,1.075759e-08,1.142234e-08,1.112916e-08,1.094569e-08,9.563776e-09,8.461217e-09,9.964894e-09,1.088185e-08,8.823595e-09,1.070017e-08,9.345768e-09,1.099428e-08,1.051304e-08,9.269502e-09,1.031338e-08,1.022867e-08,8.176394e-09,1.257753e-08,1.013072e-08,1.124005e-08,8.968403e-09,1.046969e-08,9.062834e-09,8.481319e-09,9.754410e-09,9.262500e-09,8.281726e-09,9.430052e-09,9.689266e-09,8.817774e-09,1.083430e-08,9.780322e-09,1.027150e-08,9.360160e-09,1.062041e-08,8.827656e-09,9.472902e-09,1.075054e-08,1.139587e-08,9.234920e-09,9.629931e-09,9.452909e-09,1.195753e-08,9.598284e-09,9.653608e-09,1.045745e-08,9.009579e-09,1.037983e-08,
1.192714e-08,1.073592e-08,9.821876e-09,8.345662e-09,9.470707e-09,8.320368e-09,9.061952e-09,1.010574e-08,1.173819e-08,1.011246e-08,1.054504e-08,8.790182e-09,1.022768e-08,9.603480e-09,9.812474e-09,9.267098e-09,8.828649e-09,1.031940e-08,9.040241e-09,9.936988e-09,8.280144e-09,1.093842e-08,9.499655e-09,1.024858e-08,1.067254e-08,1.268592e-08,7.750956e-09,1.024924e-08,8.933000e-09,9.725099e-09,9.057122e-09,9.067143e-09,1.074442e-08,8.204261e-09,1.007427e-08,1.105236e-08,1.014211e-08,1.110157e-08,1.002405e-08,8.670732e-09,1.079340e-08,9.015642e-09,9.643499e-09,8.774971e-09,8.320180e-09,9.158561e-09,1.172271e-08,1.035192e-08,9.208870e-09,9.407557e-09,9.737502e-09,1.044845e-08,1.262064e-08,1.129207e-08,8.374330e-09,1.042597e-08,9.726167e-09,1.098541e-08,9.831729e-09,1.062042e-08,1.105825e-08,1.062411e-08,9.569267e-09,9.931800e-09,
1.159436e-08,1.098396e-08,1.111759e-08,8.534585e-09,1.141154e-08,1.085741e-08,1.124161e-08,1.101490e-08,9.428957e-09,9.772166e-09,1.047748e-08,1.085657e-08,9.725206e-09,1.019697e-08,1.141966e-08,1.071174e-08,1.108585e-08,9.414973e-09,9.003846e-09,9.569412e-09,1.062790e-08,9.081806e-09,1.083861e-08,8.760358e-09,8.995918e-09,1.054949e-08,9.736923e-09,1.005121e-08,9.830806e-09,8.002951e-09,1.029927e-08,8.725568e-09,8.433993e-09,1.015909e-08,8.226411e-09,1.091268e-08,9.512066e-09,9.013260e-09,1.069169e-08,1.091359e-08,1.021114e-08,1.009592e-08,9.949408e-09,9.678947e-09,1.058412e-08,1.084525e-08,1.116032e-08,1.053985e-08,9.501567e-09,9.712547e-09,1.001034e-08,9.650516e-09,1.093701e-08,1.069206e-08,1.070022e-08,1.147388e-08,1.023014e-08,1.033196e-08,1.075381e-08,9.936307e-09,1.192997e-08,1.067900e-08,9.768871e-09,8.959871e-09,
1.028831e-08,1.225128e-08,1.169393e-08,1.054853e-08,9.749365e-09,9.527674e-09,8.453331e-09,1.085976e-08,1.029932e-08,9.659126e-09,8.018207e-09,8.576004e-09,1.112908e-08,9.590141e-09,9.169469e-09,1.032048e-08,1.011932e-08,9.950267e-09,9.878222e-09,9.239976e-09,1.019023e-08,1.052746e-08,9.659516e-09,1.124876e-08,1.103294e-08,1.035376e-08,9.957800e-09,1.048325e-08,9.315082e-09,1.162970e-08,8.641691e-09,1.030496e-08,1.101145e-08,9.328341e-09,1.082803e-08,1.033398e-08,9.414991e-09,1.050817e-08,9.471983e-09,8.383673e-09,1.143679e-08,9.219204e-09,7.978051e-09,1.129820e-08,1.090977e-08,8.086386e-09,1.096446e-08,9.446581e-09,9.562945e-09,1.162730e-08,1.102574e-08,8.939641e-09,9.374836e-09,1.021886e-08,1.133101e-08,9.889147e-09,8.295070e-09,8.816750e-09,9.156629e-09,1.294019e-08,9.296473e-09,7.950944e-09,1.078125e-08,9.801900e-09,
8.607463e-09,9.429571e-09,1.120127e-08,9.817317e-09,9.866876e-09,9.250908e-09,1.005579e-08,1.062532e-08,9.193540e-09,9.682699e-09,1.005268e-08,9.532504e-09,8.235916e-09,8.924478e-09,8.664053e-09,8.237938e-09,8.854692e-09,1.064571e-08,1.148545e-08,8.829808e-09,9.971629e-09,9.298961e-09,1.198217e-08,1.133152e-08,9.403111e-09,1.118409e-08,1.068231e-08,9.947653e-09,1.126045e-08,8.590048e-09,8.351063e-09,1.090974e-08,9.844315e-09,1.044315e-08,8.787473e-09,9.128796e-09,8.259357e-09,1.007430e-08,8.730177e-09,9.012858e-09,8.510363e-09,1.033237e-08,1.002938e-08,9.956168e-09,9.330008e-09,1.095677e-08,1.016094e-08,1.031230e-08,1.080276e-08,9.426047e-09,9.781586e-09,9.717986e-09,1.054749e-08,8.664466e-09,1.021978e-08,1.009222e-08,9.163199e-09,9.252753e-09,1.033626e-08,1.024993e-08,1.095646e-08,1.066005e-08,1.090333e-08,9.019431e-09,
1.116045e-08,1.001732e-08,1.069574e-08,1.067903e-08,1.069429e-08,9.992370e-09,9.937788e-09,1.191146e-08,1.044235e-08,1.161751e-08,8.785709e-09,1.186630e-08,1.116348e-08,1.163024e-08,1.020105e-08,9.613630e-09,1.010099e-08,1.075284e-08,9.734437e-09,1.088682e-08,8.761022e-09,9.474246e-09,8.798196e-09,9.363326e-09,9.527787e-09,1.020756e-08,9.400574e-09,8.170931e-09,1.129407e-08,1.157055e-08,1.130684e-08,8.407129e-09,9.430271e-09,1.044574e-08,1.014839e-08,9.498735e-09,8.654463e-09,1.012719e-08,9.137773e-09,9.875218e-09,9.002014e-09,9.511316e-09,9.247339e-09,1.032529e-08,1.149210e-08,9.622735e-09,1.089193e-08,9.086963e-09,9.969268e-09,1.100200e-08,1.054419e-08,1.009438e-08,9.994672e-09,9.701586e-09,9.700384e-09,9.648093e-09,9.044323e-09,9.622366e-09,1.030348e-08,8.269441e-09,1.213063e-08,1.095634e-08,1.054960e-08,9.483313e-09,
1.074443e-08,1.043656e-08,1.124874e-08,1.293879e-08,9.019881e-09,1.002430e-08,1.215104e-08,9.875243e-09,9.675981e-09,8.181940e-09,1.096709e-08,1.133863e-08,1.082292e-08,1.124899e-08,9.326138e-09,1.065994e-08,8.811518e-09,7.958525e-09,1.062291e-08,8.490412e-09,9.761633e-09,1.167366e-08,9.866671e-09,1.002989e-08,8.872223e-09,1.180044e-08,1.072135e-08,1.076855e-08,8.899628e-09,9.900932e-09,9.795862e-09,1.218657e-08,1.155915e-08,1.003075e-08,1.019611e-08,1.081008e-08,1.102596e-08,1.013972e-08,8.756273e-09,9.043377e-09,1.049913e-08,1.090316e-08,1.182478e-08,8.117739e-09,1.068541e-08,1.166496e-08,1.152774e-08,9.858064e-09,9.111171e-09,9.316567e-09,9.530189e-09,1.046665e-08,1.021413e-08,8.868877e-09,9.912194e-09,1.021679e-08,9.189031e-09,1.008009e-08,1.074299e-08,9.492574e-09,1.080488e-08,1.213122e-08,9.661935e-09,1.138738e-08,
1.037061e-08,9.886931e-09,9.858587e-09,1.108750e-08,9.916256e-09,9.060785e-09,1.068686e-08,9.579755e-09,1.096831e-08,8.334807e-09,9.347233e-09,8.432825e-09,1.056607e-08,1.022423e-08,9.649066e-09,9.128205e-09,1.035545e-08,1.028145e-08,1.277828e-08,1.019126e-08,8.854098e-09,9.380253e-09,8.314194e-09,9.899790e-09,9.576396e-09,1.204897e-08,7.767756e-09,1.092309e-08,9.114883e-09,9.347270e-09,1.084156e-08,1.024581e-08,1.057224e-08,8.385816e-09,8.897992e-09,1.082056e-08,9.663898e-09,1.023194e-08,1.062362e-08,1.104454e-08,9.607141e-09,9.852575e-09,1.082166e-08,1.036518e-08,1.013262e-08,9.675385e-09,1.259799e-08,9.995990e-09,1.133338e-08,1.084139e-08,1.115655e-08,1.000880e-08,1.206180e-08,9.530271e-09,9.166562e-09,1.075461e-08,1.080081e-08,8.321297e-09,9.335637e-09,1.017782e-08,1.051098e-08,9.606065e-09,1.119523e-08,1.096559e-08,
1.015733e-08,9.433833e-09,1.067193e-08,9.814687e-09,1.072529e-08,1.006913e-08,1.013612e-08,1.017353e-08,9.361912e-09,8.169183e-09,9.049943e-09,1.140616e-08,9.276328e-09,8.393477e-09,9.494310e-09,1.046250e-08,1.159665e-08,8.924553e-09,1.167589e-08,7.143245e-09,1.015832e-08,9.994139e-09,9.341198e-09,1.114470e-08,8.673693e-09,1.142456e-08,9.843153e-09,8.871748e-09,8.204517e-09,9.215605e-09,1.123320e-08,1.190690e-08,9.862596e-09,1.083389e-08,8.519823e-09,1.016281e-08,1.071467e-08,1.039443e-08,1.086653e-08,1.061761e-08,1.130278e-08,9.584591e-09,1.106091e-08,1.072369e-08,8.527299e-09,8.522616e-09,8.981242e-09,1.074675e-08,1.175717e-08,1.033917e-08,1.068258e-08,1.050932e-08,8.223368e-09,9.714355e-09,1.153005e-08,9.567708e-09,9.945292e-09,1.052708e-08,1.056640e-08,1.032114e-08,1.053943e-08,9.594393e-09,1.166597e-08,1.016594e-08,
1.013708e-08,1.141150e-08,1.013398e-08,1.035199e-08,9.692905e-09,9.287027e-09,9.199320e-09,8.577796e-09,1.029897e-08,1.095085e-08,1.090984e-08,9.318636e-09,8.849768e-09,1.083959e-08,9.575891e-09,8.565679e-09,8.936193e-09,1.212001e-08,1.073915e-08,1.178562e-08,9.706307e-09,1.012535e-08,1.204159e-08,9.959190e-09,1.098382e-08,1.005633e-08,8.765480e-09,1.168462e-08,9.276212e-09,1.013552e-08,1.002571e-08,1.040870e-08,9.487788e-09,1.102454e-08,1.115695e-08,9.906788e-09,1.187847e-08,8.992110e-09,1.062499e-08,1.058022e-08,9.679945e-09,1.093334e-08,1.087717e-08,9.484348e-09,8.581411e-09,9.500906e-09,9.457284e-09,1.068637e-08,9.268955e-09,1.014868e-08,1.044558e-08,1.020560e-08,1.004981e-08,9.195230e-09,1.124447e-08,1.013886e-08,1.025344e-08,8.833701e-09,1.070950e-08,8.987416e-09,1.204139e-08,9.907773e-09,7.302553e-09,1.028154e-08,
1.019776e-08,9.389250e-09,9.387544e-09,8.161896e-09,1.050562e-08,1.140206e-08,9.769202e-09,8.456960e-09,1.239750e-08,8.449709e-09,1.182794e-08,8.703533e-09,9.757436e-09,9.320758e-09,9.385292e-09,9.510251e-09,8.152971e-09,1.146107e-08,9.281080e-09,9.386265e-09,9.591574e-09,9.036327e-09,8.662500e-09,1.088398e-08,1.077165e-08,1.179855e-08,8.271159e-09,1.086070e-08,1.052845e-08,1.240464e-08,9.101546e-09,9.141255e-09,1.055043e-08,1.088061e-08,9.536825e-09,1.048760e-08,9.729669e-09,1.012570e-08,1.023523e-08,1.117371e-08,9.911881e-09,1.075460e-08,1.016828e-08,1.008758e-08,1.020302e-08,1.017352e-08,9.143507e-09,1.016960e-08,1.100432e-08,1.117265e-08,9.876048e-09,9.529619e-09,7.997562e-09,1.033914e-08,1.038044e-08,8.799822e-09,1.026343e-08,1.009899e-08,9.914311e-09,1.221896e-08,1.085237e-08,1.066475e-08,9.062865e-09,1.113002e-08,
8.715064e-09,9.540416e-09,1.101746e-08,1.122958e-08,1.051632e-08,9.413106e-09,8.739224e-09,1.007054e-08,9.259344e-09,1.130522e-08,1.027207e-08,1.092530e-08,9.183547e-09,1.026652e-08,9.561989e-09,9.150015e-09,8.918580e-09,9.870247e-09,1.054863e-08,9.614212e-09,9.224120e-09,1.002763e-08,9.832579e-09,1.131711e-08,1.066944e-08,1.099502e-08,1.095262e-08,8.847129e-09,1.032087e-08,1.170508e-08,1.098612e-08,7.950197e-09,9.672830e-09,8.757066e-09,1.063985e-08,9.647248e-09,1.167205e-08,9.755090e-09,1.085789e-08,1.051059e-08,1.155953e-08,1.030446e-08,9.236574e-09,9.334895e-09,9.002641e-09,9.523262e-09,1.032561e-08,8.899638e-09,1.015097e-08,1.088763e-08,8.068462e-09,1.082462e-08,1.003468e-08,8.320333e-09,1.079055e-08,1.077167e-08,1.021008e-08,8.098633e-09,9.717351e-09,9.148718e-09,8.957767e-09,1.129136e-08,1.129751e-08,1.167916e-08,
1.136428e-08,1.044910e-08,1.033498e-08,9.869870e-09,9.301825e-09,8.515401e-09,9.071269e-09,9.833464e-09,9.188099e-09,9.794320e-09,8.892828e-09,1.203698e-08,1.021051e-08,8.578141e-09,1.051973e-08,1.150646e-08,1.063301e-08,8.206317e-09,9.809489e-09,9.257335e-09,9.618804e-09,1.160085e-08,1.156785e-08,8.746700e-09,8.304526e-09,1.085406e-08,9.538129e-09,9.561384e-09,1.094104e-08,9.250598e-09,1.003766e-08,9.587283e-09,1.022193e-08,9.847275e-09,9.424648e-09,9.835105e-09,9.683935e-09,1.075183e-08,9.080798e-09,9.125506e-09,1.284537e-08,9.824204e-09,1.128254e-08,8.293391e-09,9.929280e-09,9.826553e-09,1.019230e-08,8.979411e-09,6.729209e-09,1.028178e-08,1.004247e-08,7.857442e-09,1.048034e-08,8.679905e-09,1.138094e-08,1.090056e-08,8.969492e-09,9.410846e-09,8.752087e-09,9.609417e-09,1.006430e-08,1.174867e-08,9.868298e-09,9.160254e-09,
1.091644e-08,1.089182e-08,1.012867e-08,8.675457e-09,1.101121e-08,1.081530e-08,1.150329e-08,9.563699e-09,9.312846e-09,9.145535e-09,1.050057e-08,1.072349e-08,9.031752e-09,9.003173e-09,1.153884e-08,9.899716e-09,1.087803e-08,9.292815e-09,9.148778e-09,9.760651e-09,8.977838e-09,1.018543e-08,9.751753e-09,8.421832e-09,9.482974e-09,9.952258e-09,1.007366e-08,1.060556e-08,9.913178e-09,9.525355e-09,8.039401e-09,1.020699e-08,9.767521e-09,1.031817e-08,9.917402e-09,8.606253e-09,8.329989e-09,8.972023e-09,9.217952e-09,1.014013e-08,9.862211e-09,1.163216e-08,1.051527e-08,1.078928e-08,1.127991e-08,9.943883e-09,1.141392e-08,9.016742e-09,9.573473e-09,9.629019e-09,9.944452e-09,1.266542e-08,1.058275e-08,1.016375e-08,9.861684e-09,1.264789e-08,1.092912e-08,8.926860e-09,8.766428e-09,9.826978e-09,1.026943e-08,9.996337e-09,9.655641e-09,1.005808e-08,
1.189059e-08,9.270132e-09,9.316464e-09,1.012446e-08,9.698168e-09,1.131042e-08,8.449782e-09,1.016489e-08,1.140585e-08,8.792781e-09,9.120590e-09,9.498024e-09,1.087662e-08,9.177893e-09,1.019361e-08,9.675189e-09,1.198431e-08,9.716963e-09,8.646495e-09,1.041071e-08,8.580042e-09,9.796859e-09,9.395592e-09,9.189229e-09,1.000553e-08,1.036286e-08,9.998424e-09,1.103509e-08,1.071664e-08,7.935015e-09,9.498682e-09,9.927553e-09,9.862889e-09,1.049086e-08,9.491668e-09,1.004637e-08,1.091729e-08,1.203147e-08,1.032933e-08,1.096160e-08,1.097909e-08,9.040042e-09,1.182964e-08,1.051422e-08,8.339150e-09,1.050466e-08,1.038978e-08,1.121659e-08,1.098845e-08,9.072848e-09,1.147532e-08,1.018097e-08,9.703804e-09,8.404803e-09,1.062697e-08,1.045610e-08,9.765057e-09,1.041965e-08,1.070769e-08,9.663938e-09,8.726055e-09,1.026869e-08,8.901601e-09,1.175325e-08,
1.004407e-08,1.248751e-08,1.073849e-08,1.147514e-08,9.904915e-09,1.089605e-08,7.286773e-09,1.104418e-08,8.270926e-09,8.984986e-09,8.738144e-09,1.072777e-08,9.417532e-09,9.190754e-09,1.075241e-08,1.059387e-08,8.984892e-09,1.085999e-08,8.870605e-09,1.081324e-08,8.608331e-09,1.065830e-08,1.041012e-08,1.085526e-08,1.031417e-08,8.514625e-09,1.025839e-08,9.588916e-09,1.074121e-08,7.350436e-09,1.061631e-08,8.447856e-09,1.060147e-08,8.514350e-09,1.238978e-08,1.009085e-08,9.436486e-09,9.908109e-09,8.365360e-09,9.941069e-09,1.081228e-08,1.140605e-08,8.947623e-09,1.231302e-08,1.023860e-08,9.267368e-09,1.105107e-08,8.163998e-09,9.086840e-09,8.964140e-09,9.784199e-09,9.634149e-09,1.119993e-08,1.000826e-08,9.416678e-09,1.003225e-08,9.680187e-09,9.782603e-09,9.207140e-09,1.029128e-08,1.004477e-08,9.775644e-09,9.979201e-09,9.047946e-09,
6.801868e-09,1.105123e-08,9.844872e-09,9.641751e-09,1.022907e-08,1.086467e-08,9.365290e-09,1.121260e-08,9.784445e-09,1.030977e-08,1.075187e-08,9.778558e-09,1.117616e-08,9.505793e-09,9.337897e-09,1.063054e-08,8.452868e-09,9.148715e-09,8.648973e-09,1.019581e-08,1.013855e-08,9.769300e-09,9.470899e-09,8.112363e-09,1.042352e-08,9.513566e-09,1.148845e-08,1.092023e-08,1.032314e-08,9.551220e-09,8.429299e-09,1.051280e-08,9.321501e-09,1.143720e-08,8.900053e-09,1.141727e-08,1.144206e-08,8.843946e-09,1.008171e-08,1.049747e-08,7.376103e-09,9.669074e-09,8.434267e-09,1.064930e-08,1.150922e-08,9.864475e-09,1.116221e-08,8.815956e-09,1.064451e-08,9.788558e-09,9.672964e-09,9.087551e-09,1.151013e-08,9.473301e-09,8.684067e-09,8.598106e-09,1.048243e-08,8.332225e-09,9.727229e-09,1.359390e-08,1.062180e-08,7.606506e-09,9.583281e-09,8.425170e-09,
===
3.405591e-08,3.563320e-08,3.560299e-08,3.461281e-08,3.539872e-08,3.735565e-08,3.457138e-08,3.467633e-08,3.732066e-08,3.477455e-08,3.434512e-08,3.719967e-08,3.519742e-08,3.548101e-08,3.553338e-08,3.573136e-08,3.641084e-08,3.544236e-08,3.394408e-08,3.512168e-08,3.425643e-08,3.444214e-08,3.544022e-08,3.494621e-08,3.637403e-08,3.567445e-08,3.658343e-08,3.622341e-08,3.314038e-08,3.482898e-08,3.580350e-08,3.537083e-08,3.633263e-08,3.701471e-08,3.427209e-08,3.504988e-08,3.565626e-08,3.565879e-08,3.698764e-08,3.554764e-08,3.480311e-08,3.660678e-08,3.444359e-08,3.661650e-08,3.479064e-08,3.460278e-08,3.505380e-08,3.551594e-08,3.464693e-08,3.645813e-08,3.393956e-08,3.386470e-08,3.556183e-08,3.558597e-08,3.565633e-08,3.485586e-08,3.599557e-08,3.506007e-08,3.398238e-08,3.447656e-08,3.877683e-08,3.562524e-08,3.486304e-08,3.441393e-08,
3.687695e-08,3.644083e-08,3.567768e-08,3.590454e-08,3.479881e-08,3.392597e-08,3.412175e-08,3.305513e-08,3.622072e-08,3.566495e-08,3.366110e-08,3.499564e-08,3.421741e-08,3.578304e-08,3.383933e-08,3.440014e-08,3.390975e-08,3.483595e-08,3.381822e-08,3.510818e-08,3.677731e-08,3.496890e-08,3.542851e-08,3.261875e-08,3.661983e-08,3.401533e-08,3.366049e-08,3.622768e-08,3.640863e-08,3.671997e-08,3.585630e-08,3.403610e-08,3.452309e-08,3.610124e-08,3.518370e-08,3.617064e-08,3.491367e-08,3.594318e-08,3.408512e-08,3.545645e-08,3.476070e-08,3.398175e-08,3.581187e-08,3.700945e-08,3.499460e-08,3.575814e-08,3.637654e-08,3.623902e-08,3.619188e-08,3.581687e-08,3.422674e-08,3.295241e-08,3.472700e-08,3.482463e-08,3.460292e-08,3.406016e-08,3.347332e-08,3.703780e-08,3.578136e-08,3.544751e-08,3.509480e-08,3.542797e-08,3.409080e-08,3.636126e-08,
3.480277e-08,3.640666e-08,3.658795e-08,3.646487e-08,3.326235e-08,3.581515e-08,3.617457e-08,3.519293e-08,3.562489e-08,3.549020e-08,3.510747e-08,3.424025e-08,3.548645e-08,3.520528e-08,3.468786e-08,3.452865e-08,3.656030e-08,3.551282e-08,3.504361e-08,3.594208e-08,3.518505e-08,3.737457e-08,3.538071e-08,3.370986e-08,3.653617e-08,3.495444e-08,3.693593e-08,3.466705e-08,3.508474e-08,3.595111e-08,3.406180e-08,3.442403e-08,3.426278e-08,3.381429e-08,3.779905e-08,3.726094e-08,3.593316e-08,3.526273e-08,3.552610e-08,3.556096e-08,3.497529e-08,3.567323e-08,3.590200e-08,3.599435e-08,3.308206e-08,3.655650e-08,3.685995e-08,3.673526e-08,3.489062e-08,3.484941e-08,3.378789e-08,3.642243e-08,3.575701e-08,3.394922e-08,3.553087e-08,3.617781e-08,3.437003e-08,3.716203e-08,3.612110e-08,3.512569e-08,3.497728e-08,3.541338e-08,3.445077e-08,3.502869e-08,
3.697212e-08,3.654061e-08,3.581710e-08,3.593598e-08,3.565189e-08,3.520148e-08,3.586292e-08,3.683982e-08,3.661641e-08,3.604941e-08,3.531433e-08,3.724766e-08,3.578898e-08,3.527639e-08,3.444372e-08,3.412184e-08,3.707336e-08,3.454343e-08,3.580217e-08,3.588691e-08,3.479108e-08,3.446602e-08,3.569492e-08,3.558005e-08,3.620936e-08,3.619872e-08,3.666474e-08,3.395762e-08,3.479759e-08,3.627538e-08,3.632843e-08,3.638127e-08,3.583179e-08,3.435152e-08,3.448806e-08,3.737703e-08,3.531127e-08,3.571272e-08,3.654026e-08,3.616809e-08,3.674246e-08,3.475499e-08,3.534020e-08,3.536232e-08,3.518710e-08,3.642797e-08,3.602204e-08,3.677159e-08,3.507764e-08,3.636195e-08,3.858993e-08,3.547610e-08,3.464422e-08,3.517278e-08,3.611669e-08,3.538650e-08,3.697821e-08,3.548537e-08,3.485463e-08,3.477975e-08,3.645066e-08,3.492145e-08,3.870012e-08,3.499746e-08,
3.511702e-08,3.424226e-08,3.486835e-08,3.493175e-08,3.361887e-08,3.582920e-08,3.508823e-08,3.371929e-08,3.660611e-08,3.527465e-08,3.698193e-08,3.504715e-08,3.474288e-08,3.563632e-08,3.282059e-08,3.553099e-08,3.463704e-08,3.435505e-08,3.515179e-08,3.452396e-08,3.468640e-08,3.464024e-08,3.445478e-08,3.481356e-08,3.449036e-08,3.452502e-08,3.466819e-08,3.594140e-08,3.718633e-08,3.613426e-08,3.442780e-08,3.659939e-08,3.373288e-08,3.472223e-08,3.564364e-08,3.571299e-08,3.465637e-08,3.588231e-08,3.488998e-08,3.637448e-08,3.490359e-08,3.564737e-08,3.493608e-08,3.527486e-08,3.540709e-08,3.558526e-08,3.437392e-08,3.575356e-08,3.488546e-08,3.681765e-08,3.673921e-08,3.406648e-08,3.624103e-08,3.430647e-08,3.453307e-08,3.767315e-08,3.369133e-08,3.537197e-08,3.363981e-08,3.554838e-08,3.564005e-08,3.446072e-08,3.621250e-08,3.534247e-08,
3.596238e-08,3.569004e-08,3.634417e-08,3.391528e-08,3.457422e-08,3.508379e-08,3.658754e-08,3.609429e-08,3.500981e-08,3.599295e-08,3.659064e-08,3.453122e-08,3.376147e-08,3.536735e-08,3.556875e-08,3.605068e-08,3.517749e-08,3.503237e-08,3.535214e-08,3.560442e-08,3.492474e-08,3.560472e-08,3.431124e-08,3.599724e-08,3.657266e-08,3.647633e-08,3.762325e-08,3.639474e-08,3.546927e-08,3.557372e-08,3.523883e-08,3.478607e-08,3.608080e-08,3.539891e-08,3.584365e-08,3.633892e-08,3.493192e-08,3.617642e-08,3.545549e-08,3.489066e-08,3.494845e-08,3.791840e-08,3.585100e-08,3.646385e-08,3.491020e-08,3.532649e-08,3.538947e-08,3.667777e-08,3.599212e-08,3.288682e-08,3.585038e-08,3.417335e-08,3.449948e-08,3.618493e-08,3.582901e-08,3.546060e-08,3.487634e-08,3.608172e-08,3.545570e-08,3.680533e-08,3.514725e-08,3.538668e-08,3.311196e-08,3.511636e-08,
3.428694e-08,3.629067e-08,3.632314e-08,3.639681e-08,3.763554e-08,3.712231e-08,3.578901e-08,3.356175e-08,3.474397e-08,3.663679e-08,3.529415e-08,3.413210e-08,3.664497e-08,3.546850e-08,3.489114e-08,3.652184e-08,3.743825e-08,3.485924e-08,3.477369e-08,3.629064e-08,3.616410e-08,3.591794e-08,3.393247e-08,3.782000e-08,3.565507e-08,3.662873e-08,3.687802e-08,3.642676e-08,3.759605e-08,3.401895e-08,3.375383e-08,3.512116e-08,3.781824e-08,3.446540e-08,3.472377e-08,3.633847e-08,3.724530e-08,3.433539e-08,3.528695e-08,3.566679e-08,3.631415e-08,3.639124e-08,3.564253e-08,3.531320e-08,3.349286e-08,3.678384e-08,3.617834e-08,3.501181e-08,3.536577e-08,3.523005e-08,3.667402e-08,3.469639e-08,3.519997e-08,3.461159e-08,3.459651e-08,3.740944e-08,3.570605e-08,3.502276e-08,3.536349e-08,3.731964e-08,3.529149e-08,3.581633e-08,3.606145e-08,3.349930e-08,
3.356051e-08,3.600548e-08,3.430908e-08,3.260531e-08,3.515634e-08,3.526597e-08,3.488146e-08,3.566783e-08,3.633407e-08,3.549561e-08,3.657218e-08,3.561157e-08,3.541752e-08,3.427658e-08,3.516900e-08,3.845440e-08,3.576931e-08,3.407252e-08,3.513701e-08,3.405308e-08,3.430820e-08,3.676006e-08,3.493202e-08,3.540911e-08,3.427641e-08,3.419456e-08,3.639160e-08,3.535875e-08,3.589077e-08,3.615734e-08,3.601923e-08,3.564030e-08,3.449196e-08,3.590350e-08,3.612230e-08,3.614036e-08,3.464961e-08,3.470643e-08,3.591580e-08,3.395634e-08,3.417862e-08,3.606565e-08,3.465561e-08,3.535665e-08,3.406942e-08,3.555801e-08,3.513482e-08,3.548242e-08,3.564825e-08,3.507908e-08,3.566013e-08,3.478783e-08,3.598842e-08,3.508123e-08,3.570105e-08,3.502816e-08,3.652025e-08,3.531928e-08,3.473286e-08,3.701703e-08,3.376835e-08,3.599473e-08,3.572816e-08,3.511876e-08,
3.624018e-08,3.469787e-08,3.809950e-08,3.562988e-08,3.601165e-08,3.707076e-08,3.703792e-08,3.527621e-08,3.512123e-08,3.558421e-08,3.606439e-08,3.542409e-08,3.561097e-08,3.670228e-08,3.475590e-08,3.627880e-08,3.410375e-08,3.433668e-08,3.532691e-08,3.430294e-08,3.613201e-08,3.545367e-08,3.412540e-08,3.637238e-08,3.522113e-08,3.540377e-08,3.507095e-08,3.435336e-08,3.540963e-08,3.515126e-08,3.613610e-08,3.365921e-08,3.626551e-08,3.433268e-08,3.310018e-08,3.605024e-08,3.573376e-08,3.682461e-08,3.632108e-08,3.521543e-08,3.637504e-08,3.505723e-08,3.528149e-08,3.523260e-08,3.671210e-08,3.555103e-08,3.555451e-08,3.431597e-08,3.516701e-08,3.558057e-08,3.635458e-08,3.509528e-08,3.613459e-08,3.469978e-08,3.544751e-08,3.479941e-08,3.595702e-08,3.565686e-08,3.517171e-08,3.503681e-08,3.478215e-08,3.424707e-08,3.715632e-08,3.648906e-08,
3.585478e-08,3.427824e-08,3.486807e-08,3.398694e-08,3.367756e-08,3.628153e-08,3.505605e-08,3.592975e-08,3.680357e-08,3.662395e-08,3.625977e-08,3.438167e-08,3.303572e-08,3.410757e-08,3.454586e-08,3.587140e-08,3.604947e-08,3.655957e-08,3.537159e-08,3.712052e-08,3.553490e-08,3.355008e-08,3.651194e-08,3.557807e-08,3.612368e-08,3.715028e-08,3.445521e-08,3.497175e-08,3.705687e-08,3.727940e-08,3.450215e-08,3.683131e-08,3.586845e-08,3.591391e-08,3.471640e-08,3.702057e-08,3.614435e-08,3.547093e-08,3.776148e-08,3.679998e-08,3.647651e-08,3.597401e-08,3.555134e-08,3.683405e-08,3.712916e-08,3.554101e-08,3.692327e-08,3.455280e-08,3.563048e-08,3.458061e-08,3.426435e-08,3.396817e-08,3.550607e-08,3.760054e-08,3.523450e-08,3.400601e-08,3.481932e-08,3.416917e-08,3.472574e-08,3.706935e-08,3.663599e-08,3.584949e-08,3.755333e-08,3.430150e-08,
3.467607e-08,3.751746e-08,3.513464e-08,3.496787e-08,3.592954e-08,3.559739e-08,3.506286e-08,3.541427e-08,3.516368e-08,3.831369e-08,3.608259e-08,3.360779e-08,3.633414e-08,3.384676e-08,3.567206e-08,3.492172e-08,3.669661e-08,3.474939e-08,3.484637e-08,3.507899e-08,3.619795e-08,3.689770e-08,3.479654e-08,3.280373e-08,3.397361e-08,3.713862e-08,3.659362e-08,3.741912e-08,3.606709e-08,3.682357e-08,3.425360e-08,3.574869e-08,3.489244e-08,3.357366e-08,3.521750e-08,3.460390e-08,3.432094e-08,3.496943e-08,3.519704e-08,3.366602e-08,3.442083e-08,3.559679e-08,3.535744e-08,3.459592e-08,3.549248e-08,3.621653e-08,3.508610e-08,3.383101e-08,3.594696e-08,3.643088e-08,3.418773e-08,3.742532e-08,3.585526e-08,3.428341e-08,3.718250e-08,3.430685e-08,3.554679e-08,3.567799e-08,3.548699e-08,3.498927e-08,3.591018e-08,3.646384e-08,3.708618e-08,3.483492e-08,
3.399273e-08,3.494612e-08,3.687725e-08,3.618210e-08,3.733011e-08,3.536153e-08,3.508794e-08,3.607650e-08,3.604867e-08,3.590563e-08,3.578996e-08,3.445810e-08,3.607942e-08,3.513689e-08,3.360856e-08,3.642132e-08,3.444855e-08,3.501558e-08,3.569674e-08,3.550005e-08,3.741811e-08,3.561156e-08,3.523102e-08,3.553543e-08,3.462225e-08,3.545638e-08,3.552871e-08,3.689374e-08,3.444743e-08,3.595261e-08,3.508639e-08,3.638122e-08,3.421959e-08,3.621995e-08,3.631206e-08,3.485756e-08,3.589877e-08,3.619741e-08,3.478965e-08,3.494520e-08,3.737896e-08,3.467687e-08,3.660348e-08,3.494710e-08,3.541831e-08,3.484799e-08,3.530387e-08,3.525856e-08,3.436195e-08,3.745983e-08,3.591820e-08,3.701957e-08,3.624384e-08,3.567400e-08,3.501908e-08,3.583931e-08,3.521360e-08,3.634366e-08,3.340163e-08,3.629716e-08,3.526047e-08,3.521402e-08,3.419034e-08,3.720245e-08,
3.366863e-08,3.424832e-08,3.615751e-08,3.457535e-08,3.685252e-08,3.534443e-08,3.817271e-08,3.628128e-08,3.462498e-08,3.501954e-08,3.640189e-08,3.625818e-08,3.534745e-08,3.483836e-08,3.495391e-08,3.537493e-08,3.515451e-08,3.424754e-08,3.369728e-08,3.605324e-08,3.465218e-08,3.534465e-08,3.662754e-08,3.521877e-08,3.637272e-08,3.486524e-08,3.589885e-08,3.398986e-08,3.431992e-08,3.564160e-08,3.503910e-08,3.555986e-08,3.663400e-08,3.431214e-08,3.511604e-08,3.422921e-08,3.465328e-08,3.446946e-08,3.616522e-08,3.434185e-08,3.354020e-08,3.635582e-08,3.703235e-08,3.466852e-08,3.717807e-08,3.606801e-08,3.715477e-08,3.560752e-08,3.629359e-08,3.532914e-08,3.530459e-08,3.454694e-08,3.661321e-08,3.581634e-08,3.352425e-08,3.542145e-08,3.652348e-08,3.607784e-08,3.459468e-08,3.661309e-08,3.717959e-08,3.581225e-08,3.457696e-08,3.484316e-08,
3.655334e-08,3.427158e-08,3.683685e-08,3.399313e-08,3.499567e-08,3.466722e-08,3.563423e-08,3.517810e-08,3.617144e-08,3.421906e-08,3.505260e-08,3.605573e-08,3.341869e-08,3.628114e-08,3.542065e-08,3.537608e-08,3.350142e-08,3.500394e-08,3.393282e-08,3.668877e-08,3.403545e-08,3.434972e-08,3.594447e-08,3.643802e-08,3.550074e-08,3.400603e-08,3.540104e-08,3.663586e-08,3.368751e-08,3.531355e-08,3.610764e-08,3.674244e-08,3.527930e-08,3.354350e-08,3.457247e-08,3.544370e-08,3.755605e-08,3.762700e-08,3.584066e-08,3.551584e-08,3.497916e-08,3.466289e-08,3.503816e-08,3.438829e-08,3.663343e-08,3.497688e-08,3.608975e-08,3.623201e-08,3.605662e-08,3.466229e-08,3.695632e-08,3.582899e-08,3.501055e-08,3.532819e-08,3.640874e-08,3.569642e-08,3.647006e-08,3.562069e-08,3.475700e-08,3.408218e-08,3.485613e-08,3.537465e-08,3.565594e-08,3.499718e-08,
3.447644e-08,3.682066e-08,3.590214e-08,3.471947e-08,3.347421e-08,3.732534e-08,3.461658e-08,3.667776e-08,3.449172e-08,3.524434e-08,3.574886e-08,3.523046e-08,3.685816e-08,3.321262e-08,3.690632e-08,3.494017e-08,3.715255e-08,3.327635e-08,3.460152e-08,3.533263e-08,3.627630e-08,3.696369e-08,3.619357e-08,3.537912e-08,3.640074e-08,3.694579e-08,3.539766e-08,3.395070e-08,3.651810e-08,3.483094e-08,3.571232e-08,3.522503e-08,3.590396e-08,3.555106e-08,3.501481e-08,3.339164e-08,3.473213e-08,3.535823e-08,3.488677e-08,3.549064e-08,3.527997e-08,3.495901e-08,3.461930e-08,3.729633e-08,3.607158e-08,3.495898e-08,3.623988e-08,3.455766e-08,3.686638e-08,3.484220e-08,3.578379e-08,3.577016e-08,3.642445e-08,3.582338e-08,3.362408e-08,3.758934e-08,3.627151e-08,3.672268e-08,3.582457e-08,3.681594e-08,3.540447e-08,3.442127e-08,3.599125e-08,3.445536e-08,
3.629783e-08,3.588716e-08,3.507544e-08,3.607617e-08,3.347206e-08,3.402952e-08,3.542615e-08,3.534301e-08,3.438591e-08,3.340702e-08,3.540653e-08,3.515859e-08,3.492723e-08,3.506978e-08,3.552372e-08,3.538015e-08,3.217006e-08,3.602527e-08,3.596207e-08,3.487454e-08,3.519561e-08,3.665894e-08,3.507719e-08,3.637967e-08,3.504104e-08,3.681525e-08,3.532706e-08,3.616374e-08,3.523807e-08,3.405124e-08,3.619148e-08,3.484974e-08,3.530629e-08,3.607495e-08,3.494131e-08,3.475183e-08,3.628800e-08,3.458095e-08,3.553977e-08,3.689338e-08,3.605524e-08,3.477308e-08,3.653548e-08,3.473615e-08,3.520701e-08,3.633044e-08,3.601299e-08,3.401405e-08,3.518943e-08,3.438067e-08,3.476538e-08,3.452839e-08,3.506149e-08,3.599913e-08,3.469347e-08,3.676212e-08,3.620360e-08,3.586413e-08,3.315466e-08,3.509933e-08,3.441880e-08,3.604823e-08,3.518309e-08,3.489743e-08,
3.631185e-08,3.581437e-08,3.483492e-08,3.529438e-08,3.557459e-08,3.690161e-08,3.568701e-08,3.570097e-08,3.594141e-08,3.562702e-08,3.643972e-08,3.707671e-08,3.527445e-08,3.432286e-08,3.537915e-08,3.487145e-08,3.633003e-08,3.356102e-08,3.578709e-08,3.453843e-08,3.588984e-08,3.504253e-08,3.322197e-08,3.572928e-08,3.504616e-08,3.474759e-08,3.630885e-08,3.733226e-08,3.548404e-08,3.477454e-08,3.569469e-08,3.673047e-08,3.521182e-08,3.354043e-08,3.669894e-08,3.382098e-08,3.698569e-08,3.534423e-08,3.448513e-08,3.695955e-08,3.527823e-08,3.522200e-08,3.533771e-08,3.785028e-08,3.528512e-08,3.432621e-08,3.541064e-08,3.507027e-08,3.545561e-08,3.477985e-08,3.566994e-08,3.345957e-08,3.638462e-08,3.659577e-08,3.474831e-08,3.589373e-08,3.644441e-08,3.547706e-08,3.602097e-08,3.504055e-08,3.490508e-08,3.605097e-08,3.518568e-08,3.463889e-08,
3.561787e-08,3.541876e-08,3.559675e-08,3.547723e-08,3.425543e-08,3.653814e-08,3.585538e-08,3.790904e-08,3.552224e-08,3.524148e-08,3.634407e-08,3.633054e-08,3.549833e-08,3.440819e-08,3.276847e-08,3.535360e-08,3.550395e-08,3.594822e-08,3.526658e-08,3.467199e-08,3.399175e-08,3.464180e-08,3.603261e-08,3.544447e-08,3.546953e-08,3.514210e-08,3.401426e-08,3.526801e-08,3.664289e-08,3.783978e-08,3.558569e-08,3.538562e-08,3.432281e-08,3.660747e-08,3.521849e-08,3.589337e-08,3.574885e-08,3.791253e-08,3.343685e-08,3.631280e-08,3.546048e-08,3.721194e-08,3.717307e-08,3.413659e-08,3.707254e-08,3.510309e-08,3.563779e-08,3.513990e-08,3.376799e-08,3.527402e-08,3.640053e-08,3.380580e-08,3.562949e-08,3.525897e-08,3.501051e-08,3.590266e-08,3.518244e-08,3.623537e-08,3.446995e-08,3.544536e-08,3.498464e-08,3.445126e-08,3.619484e-08,3.302580e-08,
3.490919e-08,3.545760e-08,3.602671e-08,3.497766e-08,3.540553e-08,3.373472e-08,3.412585e-08,3.782669e-08,3.503915e-08,3.604941e-08,3.848353e-08,3.510941e-08,3.532617e-08,3.635259e-08,3.509557e-08,3.631182e-08,3.534689e-08,3.680220e-08,3.488225e-08,3.513743e-08,3.496775e-08,3.484305e-08,3.673566e-08,3.584067e-08,3.634513e-08,3.456395e-08,3.707341e-08,3.367514e-08,3.598431e-08,3.435939e-08,3.489951e-08,3.716589e-08,3.585513e-08,3.646337e-08,3.466415e-08,3.488573e-08,3.553400e-08,3.539596e-08,3.607264e-08,3.421761e-08,3.518040e-08,3.564501e-08,3.682043e-08,3.580212e-08,3.733527e-08,3.527684e-08,3.744597e-08,3.514998e-08,3.672855e-08,3.588826e-08,3.760286e-08,3.524135e-08,3.507163e-08,3.577379e-08,3.611553e-08,3.507289e-08,3.548059e-08,3.467308e-08,3.619229e-08,3.682770e-08,3.473446e-08,3.472040e-08,3.430944e-08,3.628896e-08,
3.486549e-08,3.720225e-08,3.634332e-08,3.584370e-08,3.792603e-08,3.396024e-08,3.479301e-08,3.811951e-08,3.345805e-08,3.576886e-08,3.497521e-08,3.362643e-08,3.720172e-08,3.372467e-08,3.706046e-08,3.584617e-08,3.681445e-08,3.606294e-08,3.455098e-08,3.341799e-08,3.479693e-08,3.526373e-08,3.416464e-08,3.561174e-08,3.664152e-08,3.456357e-08,3.569765e-08,3.494738e-08,3.491810e-08,3.585617e-08,3.444721e-08,3.583765e-08,3.481475e-08,3.506383e-08,3.641458e-08,3.519327e-08,3.646457e-08,3.758742e-08,3.687896e-08,3.382020e-08,3.610579e-08,3.656939e-08,3.518735e-08,3.579793e-08,3.545792e-08,3.649592e-08,3.563190e-08,3.300117e-08,3.624653e-08,3.585618e-08,3.558693e-08,3.560100e-08,3.427645e-08,3.482143e-08,3.446677e-08,3.531467e-08,3.547674e-08,3.540436e-08,3.571484e-08,3.369021e-08,3.625973e-08,3.558732e-08,3.550238e-08,3.575605e-08,
3.341818e-08,3.546328e-08,3.592668e-08,3.460473e-08,3.626217e-08,3.565065e-08,3.536339e-08,3.634727e-08,3.552508e-08,3.698536e-08,3.517544e-08,3.837279e-08,3.445601e-08,3.618611e-08,3.362649e-08,3.455935e-08,3.628047e-08,3.589878e-08,3.472762e-08,3.378905e-08,3.540313e-08,3.679960e-08,3.442649e-08,3.643179e-08,3.523187e-08,3.547187e-08,3.685444e-08,3.685985e-08,3.487975e-08,3.578270e-08,3.550369e-08,3.550096e-08,3.373327e-08,3.477337e-08,3.619953e-08,3.649265e-08,3.555938e-08,3.645092e-08,3.383492e-08,3.529667e-08,3.425914e-08,3.751941e-08,3.522046e-08,3.557357e-08,3.569082e-08,3.628251e-08,3.506617e-08,3.641823e-08,3.599806e-08,3.547909e-08,3.489520e-08,3.554540e-08,3.520556e-08,3.461699e-08,3.496110e-08,3.459223e-08,3.471764e-08,3.784036e-08,3.568729e-08,3.558425e-08,3.627991e-08,3.738563e-08,3.547130e-08,3.554138e-08,
3.728691e-08,3.327525e-08,3.522473e-08,3.521137e-08,3.627111e-08,3.543583e-08,3.631042e-08,3.709734e-08,3.640303e-08,3.424499e-08,3.737410e-08,3.655927e-08,3.413451e-08,3.607761e-08,3.633895e-08,3.521931e-08,3.479369e-08,3.468224e-08,3.336962e-08,3.566662e-08,3.694938e-08,3.525612e-08,3.626475e-08,3.218646e-08,3.787412e-08,3.565810e-08,3.705401e-08,3.602772e-08,3.706476e-08,3.530472e-08,3.464961e-08,3.641001e-08,3.479309e-08,3.563008e-08,3.497604e-08,3.431525e-08,3.492108e-08,3.493984e-08,3.470896e-08,3.618781e-08,3.510850e-08,3.563878e-08,3.655887e-08,3.700711e-08,3.439322e-08,3.410224e-08,3.682221e-08,3.474351e-08,3.751630e-08,3.443747e-08,3.514679e-08,3.601274e-08,3.648282e-08,3.667458e-08,3.459442e-08,3.529536e-08,3.600507e-08,3.615692e-08,3.439652e-08,3.493093e-08,3.540646e-08,3.521169e-08,3.532699e-08,3.309006e-08,
3.630903e-08,3.785976e-08,3.549770e-08,3.457141e-08,3.679091e-08,3.697652e-08,3.708555e-08,3.670785e-08,3.579851e-08,3.391114e-08,3.708988e-08,3.598809e-08,3.538839e-08,3.533859e-08,3.755396e-08,3.558233e-08,3.602725e-08,3.673367e-08,3.818996e-08,3.529779e-08,3.491928e-08,3.647040e-08,3.541451e-08,3.465357e-08,3.365810e-08,3.545103e-08,3.346357e-08,3.717503e-08,3.644779e-08,3.584496e-08,3.506112e-08,3.602859e-08,3.701970e-08,3.634234e-08,3.673774e-08,3.554104e-08,3.584855e-08,3.611844e-08,3.480457e-08,3.628473e-08,3.737048e-08,3.606276e-08,3.726823e-08,3.598490e-08,3.268527e-08,3.550836e-08,3.387371e-08,3.627631e-08,3.340504e-08,3.505894e-08,3.704144e-08,3.555772e-08,3.658268e-08,3.581127e-08,3.478005e-08,3.573685e-08,3.542792e-08,3.503647e-08,3.572416e-08,3.672991e-08,3.465266e-08,3.490838e-08,3.514901e-08,3.526458e-08,
3.460471e-08,3.526401e-08,3.530752e-08,3.582198e-08,3.571240e-08,3.448371e-08,3.486245e-08,3.669675e-08,3.524608e-08,3.676456e-08,3.569163e-08,3.480324e-08,3.475264e-08,3.555974e-08,3.456857e-08,3.377101e-08,3.539702e-08,3.731456e-08,3.552587e-08,3.489726e-08,3.643171e-08,3.462675e-08,3.675039e-08,3.435297e-08,3.606363e-08,3.526845e-08,3.688962e-08,3.597220e-08,3.389991e-08,3.566665e-08,3.607822e-08,3.580327e-08,3.618362e-08,3.696764e-08,3.532474e-08,3.598973e-08,3.524079e-08,3.625343e-08,3.468007e-08,3.555380e-08,3.448680e-08,3.627432e-08,3.520321e-08,3.363310e-08,3.611599e-08,3.667400e-08,3.594084e-08,3.491226e-08,3.507102e-08,3.684993e-08,3.462582e-08,3.542269e-08,3.597062e-08,3.426245e-08,3.691018e-08,3.712377e-08,3.515232e-08,3.661200e-08,3.561548e-08,3.459288e-08,3.703623e-08,3.360144e-08,3.615665e-08,3.438771e-08,
3.597513e-08,3.501203e-08,3.565166e-08,3.497382e-08,3.564063e-08,3.398082e-08,3.414248e-08,3.658958e-08,3.477147e-08,3.500380e-08,3.441400e-08,3.388599e-08,3.590998e-08,3.566608e-08,3.410404e-08,3.664635e-08,3.610716e-08,3.469103e-08,3.588887e-08,3.617211e-08,3.581031e-08,3.505522e-08,3.496726e-08,3.666329e-08,3.663841e-08,3.532354e-08,3.546437e-08,3.399551e-08,3.638803e-08,3.748102e-08,3.537348e-08,3.600007e-08,3.436369e-08,3.549522e-08,3.484535e-08,3.559889e-08,3.539839e-08,3.531335e-08,3.661097e-08,3.618294e-08,3.615659e-08,3.615286e-08,3.520781e-08,3.661610e-08,3.394360e-08,3.587271e-08,3.386217e-08,3.471807e-08,3.561950e-08,3.402093e-08,3.537597e-08,3.432156e-08,3.578388e-08,3.472546e-08,3.478139e-08,3.453089e-08,3.417529e-08,3.455637e-08,3.540587e-08,3.452610e-08,3.413116e-08,3.688980e-08,3.403956e-08,3.424799e-08,
3.598148e-08,3.685995e-08,3.650038e-08,3.560196e-08,3.536053e-08,3.397528e-08,3.517913e-08,3.461833e-08,3.577036e-08,3.639451e-08,3.547303e-08,3.466614e-08,3.744750e-08,3.451394e-08,3.498615e-08,3.645324e-08,3.614606e-08,3.412899e-08,3.669677e-08,3.516448e-08,3.670775e-08,3.476577e-08,3.722162e-08,3.651799e-08,3.551762e-08,3.607435e-08,3.579583e-08,3.542368e-08,3.658495e-08,3.542103e-08,3.410881e-08,3.499856e-08,3.580930e-08,3.550080e-08,3.525594e-08,3.730684e-08,3.685721e-08,3.573211e-08,3.706128e-08,3.784571e-08,3.501219e-08,3.595250e-08,3.527667e-08,3.454692e-08,3.477708e-08,3.453293e-08,3.505896e-08,3.464253e-08,3.723394e-08,3.647274e-08,3.694916e-08,3.547014e-08,3.420415e-08,3.408356e-08,3.717329e-08,3.557350e-08,3.551807e-08,3.337948e-08,3.527868e-08,3.666845e-08,3.566262e-08,3.566182e-08,3.493778e-08,3.575592e-08,
3.552902e-08,3.600235e-08,3.595364e-08,3.497722e-08,3.503811e-08,3.583225e-08,3.487527e-08,3.639839e-08,3.404859e-08,3.452897e-08,3.537299e-08,3.597785e-08,3.592505e-08,3.608228e-08,3.416588e-08,3.541133e-08,3.395698e-08,3.394964e-08,3.629039e-08,3.652823e-08,3.551089e-08,3.305722e-08,3.547371e-08,3.575935e-08,3.497101e-08,3.629599e-08,3.600617e-08,3.454528e-08,3.608219e-08,3.666561e-08,3.576411e-08,3.470759e-08,3.570918e-08,3.683111e-08,3.440217e-08,3.632353e-08,3.574144e-08,3.575069e-08,3.616352e-08,3.491461e-08,3.420198e-08,3.679635e-08,3.486944e-08,3.426853e-08,3.588116e-08,3.493513e-08,3.457920e-08,3.668908e-08,3.531465e-08,3.634583e-08,3.430880e-08,3.651783e-08,3.331669e-08,3.552407e-08,3.470003e-08,3.466294e-08,3.462147e-08,3.562966e-08,3.740372e-08,3.565226e-08,3.524679e-08,3.569321e-08,3.647821e-08,3.571155e-08,
3.591921e-08,3.654337e-08,3.700352e-08,3.565683e-08,3.456806e-08,3.706257e-08,3.755179e-08,3.515843e-08,3.568621e-08,3.365017e-08,3.622484e-08,3.642702e-08,3.636593e-08,3.405412e-08,3.541340e-08,3.644503e-08,3.550171e-08,3.561168e-08,3.473093e-08,3.430001e-08,3.416657e-08,3.171833e-08,3.647912e-08,3.624918e-08,3.566570e-08,3.609687e-08,3.374376e-08,3.575574e-08,3.483998e-08,3.642548e-08,3.690688e-08,3.654260e-08,3.504767e-08,3.516854e-08,3.835253e-08,3.389723e-08,3.579745e-08,3.793327e-08,3.551059e-08,3.775746e-08,3.684975e-08,3.479832e-08,3.416716e-08,3.495325e-08,3.503568e-08,3.624581e-08,3.406097e-08,3.635599e-08,3.825616e-08,3.365822e-08,3.538446e-08,3.443523e-08,3.584970e-08,3.703243e-08,3.661214e-08,3.709181e-08,3.636114e-08,3.590275e-08,3.757611e-08,3.657885e-08,3.618701e-08,3.617592e-08,3.684239e-08,3.474950e-08,
3.544927e-08,3.536875e-08,3.480761e-08,3.292429e-08,3.454153e-08,3.502319e-08,3.484724e-08,3.531325e-08,3.476815e-08,3.546962e-08,3.477402e-08,3.530185e-08,3.628135e-08,3.546516e-08,3.533010e-08,3.558328e-08,3.563832e-08,3.557896e-08,3.499574e-08,3.501525e-08,3.477093e-08,3.646246e-08,3.413455e-08,3.490237e-08,3.496531e-08,3.599026e-08,3.565151e-08,3.638276e-08,3.668660e-08,3.569247e-08,3.457124e-08,3.569444e-08,3.569282e-08,3.568835e-08,3.667931e-08,3.617730e-08,3.560613e-08,3.524608e-08,3.545051e-08,3.655225e-08,3.335975e-08,3.458295e-08,3.588465e-08,3.558405e-08,3.391579e-08,3.456233e-08,3.433828e-08,3.631446e-08,3.488045e-08,3.504356e-08,3.575161e-08,3.658217e-08,3.587576e-08,3.649123e-08,3.497855e-08,3.694702e-08,3.598816e-08,3.563372e-08,3.303420e-08,3.570090e-08,3.599280e-08,3.531649e-08,3.406122e-08,3.621791e-08,
3.542650e-08,3.606261e-08,3.615065e-08,3.611347e-08,3.675231e-08,3.511273e-08,3.695333e-08,3.510781e-08,3.554795e-08,3.338060e-08,3.311724e-08,3.742736e-08,3.441050e-08,3.694700e-08,3.555121e-08,3.259770e-08,3.511640e-08,3.586488e-08,3.647556e-08,3.529248e-08,3.463108e-08,3.486809e-08,3.507073e-08,3.677844e-08,3.419129e-08,3.526803e-08,3.409949e-08,3.479488e-08,3.770768e-08,3.722571e-08,3.369319e-08,3.453529e-08,3.554909e-08,3.627662e-08,3.483385e-08,3.353628e-08,3.489792e-08,3.642084e-08,3.578868e-08,3.643789e-08,3.616940e-08,3.423521e-08,3.355069e-08,3.434991e-08,3.681912e-08,3.538409e-08,3.641792e-08,3.430258e-08,3.603125e-08,3.593773e-08,3.764456e-08,3.383440e-08,3.439429e-08,3.666404e-08,3.493882e-08,3.447915e-08,3.392472e-08,3.575704e-08,3.650286e-08,3.419229e-08,3.500894e-08,3.519084e-08,3.481290e-08,3.570890e-08,
3.569775e-08,3.469715e-08,3.563416e-08,3.616189e-08,3.551462e-08,3.655589e-08,3.577418e-08,3.690748e-08,3.561920e-08,3.446512e-08,3.477463e-08,3.602806e-08,3.419850e-08,3.497939e-08,3.521528e-08,3.599826e-08,3.338045e-08,3.621249e-08,3.762005e-08,3.637793e-08,3.426904e-08,3.546405e-08,3.523246e-08,3.420250e-08,3.515486e-08,3.552487e-08,3.560057e-08,3.532845e-08,3.612574e-08,3.319100e-08,3.698633e-08,3.379534e-08,3.704299e-08,3.447827e-08,3.377614e-08,3.529700e-08,3.506914e-08,3.591013e-08,3.583581e-08,3.642113e-08,3.561735e-08,3.429407e-08,3.656233e-08,3.558427e-08,3.436637e-08,3.599419e-08,3.412847e-08,3.668872e-08,3.635143e-08,3.574404e-08,3.595679e-08,3.425735e-08,3.384433e-08,3.502689e-08,3.678420e-08,3.557266e-08,3.642590e-08,3.356789e-08,3.599768e-08,3.443464e-08,3.716346e-08,3.580441e-08,3.550663e-08,3.326523e-08,
3.527691e-08,3.745192e-08,3.315131e-08,3.737627e-08,3.481609e-08,3.551011e-08,3.544686e-08,3.535203e-08,3.458854e-08,3.720197e-08,3.620357e-08,3.633095e-08,3.566344e-08,3.563265e-08,3.536687e-08,3.432758e-08,3.457758e-08,3.534503e-08,3.648695e-08,3.562879e-08,3.679312e-08,3.546220e-08,3.577014e-08,3.565867e-08,3.473898e-08,3.553644e-08,3.568450e-08,3.528886e-08,3.408178e-08,3.472668e-08,3.478323e-08,3.695031e-08,3.406099e-08,3.637255e-08,3.572258e-08,3.548476e-08,3.535629e-08,3.521706e-08,3.516619e-08,3.573816e-08,3.497702e-08,3.550135e-08,3.620333e-08,3.468696e-08,3.621349e-08,3.390255e-08,3.628629e-08,3.793421e-08,3.534809e-08,3.646930e-08,3.555289e-08,3.494512e-08,3.466243e-08,3.504903e-08,3.631895e-08,3.534408e-08,3.326629e-08,3.517860e-08,3.677837e-08,3.479769e-08,3.522373e-08,3.539389e-08,3.633773e-08,3.467728e-08,
3.669493e-08,3.648949e-08,3.670094e-08,3.710903e-08,3.754318e-08,3.743417e-08,3.582584e-08,3.720893e-08,3.552148e-08,3.733906e-08,3.549907e-08,3.472602e-08,3.560457e-08,3.475620e-08,3.505871e-08,3.543721e-08,3.635122e-08,3.585178e-08,3.519156e-08,3.634075e-08,3.600836e-08,3.574008e-08,3.710990e-08,3.623528e-08,3.481536e-08,3.581239e-08,3.483450e-08,3.516141e-08,3.493327e-08,3.524967e-08,3.543200e-08,3.460769e-08,3.491705e-08,3.507556e-08,3.646261e-08,3.481597e-08,3.418789e-08,3.607551e-08,3.491334e-08,3.654595e-08,3.416180e-08,3.605551e-08,3.447858e-08,3.532274e-08,3.487064e-08,3.557139e-08,3.514550e-08,3.629544e-08,3.610556e-08,3.445627e-08,3.492773e-08,3.507845e-08,3.471824e-08,3.452175e-08,3.464230e-08,3.560166e-08,3.632798e-08,3.476080e-08,3.591453e-08,3.566346e-08,3.529921e-08,3.574467e-08,3.612603e-08,3.550833e-08,
3.673008e-08,3.534959e-08,3.524164e-08,3.596226e-08,3.568868e-08,3.302178e-08,3.594758e-08,3.590410e-08,3.551291e-08,3.641389e-08,3.597693e-08,3.597315e-08,3.573641e-08,3.675845e-08,3.420139e-08,3.629007e-08,3.776202e-08,3.500409e-08,3.575868e-08,3.424209e-08,3.635384e-08,3.410808e-08,3.562028e-08,3.545970e-08,3.659479e-08,3.736037e-08,3.731701e-08,3.580239e-08,3.592620e-08,3.632123e-08,3.609375e-08,3.524492e-08,3.475988e-08,3.522779e-08,3.455649e-08,3.601091e-08,3.470246e-08,3.618024e-08,3.517736e-08,3.491692e-08,3.734769e-08,3.666353e-08,3.638306e-08,3.749367e-08,3.495405e-08,3.462478e-08,3.526709e-08,3.602223e-08,3.580137e-08,3.688387e-08,3.501911e-08,3.464331e-08,3.631809e-08,3.442028e-08,3.394158e-08,3.617456e-08,3.637016e-08,3.530314e-08,3.505101e-08,3.698613e-08,3.573094e-08,3.619386e-08,3.567696e-08,3.560099e-08,
3.675509e-08,3.476094e-08,3.556352e-08,3.584056e-08,3.388162e-08,3.473027e-08,3.418779e-08,3.662056e-08,3.593587e-08,3.653662e-08,3.534675e-08,3.632205e-08,3.623396e-08,3.615579e-08,3.506887e-08,3.530901e-08,3.483676e-08,3.580572e-08,3.529404e-08,3.666930e-08,3.458701e-08,3.644621e-08,3.683974e-08,3.571751e-08,3.596368e-08,3.530227e-08,3.378599e-08,3.627683e-08,3.505283e-08,3.584319e-08,3.391975e-08,3.438990e-08,3.361775e-08,3.551178e-08,3.386837e-08,3.467299e-08,3.670931e-08,3.362851e-08,3.536167e-08,3.763557e-08,3.374143e-08,3.573395e-08,3.425946e-08,3.709251e-08,3.352910e-08,3.644472e-08,3.595969e-08,3.630414e-08,3.642400e-08,3.563557e-08,3.474874e-08,3.331468e-08,3.619676e-08,3.574091e-08,3.550958e-08,3.502959e-08,3.647129e-08,3.482852e-08,3.656300e-08,3.590362e-08,3.715845e-08,3.491606e-08,3.546001e-08,3.619493e-08,
3.595717e-08,3.734534e-08,3.558576e-08,3.411903e-08,3.395066e-08,3.473515e-08,3.610391e-08,3.576672e-08,3.433354e-08,3.633297e-08,3.693624e-08,3.618479e-08,3.477078e-08,3.433977e-08,3.607601e-08,3.551721e-08,3.330050e-08,3.567055e-08,3.468968e-08,3.460770e-08,3.583533e-08,3.481663e-08,3.609686e-08,3.599715e-08,3.437646e-08,3.546146e-08,3.432071e-08,3.628058e-08,3.571807e-08,3.413491e-08,3.699349e-08,3.530167e-08,3.446775e-08,3.500217e-08,3.519265e-08,3.513475e-08,3.737804e-08,3.604584e-08,3.639910e-08,3.525831e-08,3.466844e-08,3.639946e-08,3.695231e-08,3.531463e-08,3.669238e-08,3.573271e-08,3.349942e-08,3.574862e-08,3.704939e-08,3.397713e-08,3.717189e-08,3.629607e-08,3.582775e-08,3.434478e-08,3.552332e-08,3.436084e-08,3.537601e-08,3.413431e-08,3.479367e-08,3.576304e-08,3.566349e-08,3.697049e-08,3.561363e-08,3.473277e-08,
3.474255e-08,3.585988e-08,3.573210e-08,3.448679e-08,3.590855e-08,3.577604e-08,3.532406e-08,3.500871e-08,3.693814e-08,3.550300e-08,3.615026e-08,3.479299e-08,3.344399e-08,3.589207e-08,3.597279e-08,3.524899e-08,3.545880e-08,3.455512e-08,3.698125e-08,3.550816e-08,3.669415e-08,3.716337e-08,3.441246e-08,3.609738e-08,3.444726e-08,3.477004e-08,3.447254e-08,3.527793e-08,3.589931e-08,3.499586e-08,3.582881e-08,3.427089e-08,3.459289e-08,3.515976e-08,3.540357e-08,3.701468e-08,3.513236e-08,3.477547e-08,3.609175e-08,3.490943e-08,3.571600e-08,3.601882e-08,3.542220e-08,3.536111e-08,3.537785e-08,3.850979e-08,3.540007e-08,3.705869e-08,3.600724e-08,3.457649e-08,3.398263e-08,3.609934e-08,3.609723e-08,3.628303e-08,3.525031e-08,3.602694e-08,3.620262e-08,3.682938e-08,3.486376e-08,3.419783e-08,3.621915e-08,3.436844e-08,3.652851e-08,3.513225e-08,
3.705285e-08,3.817643e-08,3.667437e-08,3.549811e-08,3.716959e-08,3.740728e-08,3.526484e-08,3.384103e-08,3.554381e-08,3.377914e-08,3.427990e-08,3.529255e-08,3.554453e-08,3.457218e-08,3.594920e-08,3.498854e-08,3.617551e-08,3.433850e-08,3.587732e-08,3.501850e-08,3.464074e-08,3.543257e-08,3.525593e-08,3.560240e-08,3.481726e-08,3.491775e-08,3.546519e-08,3.629077e-08,3.542792e-08,3.702162e-08,3.467524e-08,3.527617e-08,3.631754e-08,3.526307e-08,3.618917e-08,3.522859e-08,3.555440e-08,3.609443e-08,3.539479e-08,3.470231e-08,3.801809e-08,3.592372e-08,3.521473e-08,3.604183e-08,3.602534e-08,3.636579e-08,3.578426e-08,3.620950e-08,3.473252e-08,3.531417e-08,3.500520e-08,3.453161e-08,3.430785e-08,3.304510e-08,3.437223e-08,3.573990e-08,3.440692e-08,3.517844e-08,3.550204e-08,3.324068e-08,3.614254e-08,3.356418e-08,3.711959e-08,3.313200e-08,
3.690720e-08,3.649429e-08,3.499710e-08,3.574561e-08,3.490034e-08,3.735585e-08,3.706476e-08,3.607847e-08,3.494776e-08,3.356583e-08,3.527433e-08,3.492603e-08,3.581453e-08,3.413653e-08,3.382339e-08,3.509194e-08,3.577328e-08,3.500923e-08,3.465061e-08,3.468990e-08,3.824510e-08,3.534479e-08,3.533070e-08,3.655047e-08,3.609959e-08,3.504610e-08,3.549973e-08,3.460759e-08,3.742763e-08,3.621477e-08,3.367249e-08,3.435262e-08,3.733394e-08,3.623122e-08,3.447681e-08,3.731887e-08,3.462314e-08,3.438678e-08,3.604742e-08,3.576758e-08,3.537907e-08,3.428157e-08,3.531464e-08,3.662992e-08,3.589776e-08,3.537151e-08,3.533355e-08,3.784227e-08,3.607688e-08,3.469411e-08,3.565020e-08,3.791460e-08,3.342201e-08,3.419477e-08,3.499156e-08,3.545602e-08,3.607942e-08,3.663042e-08,3.530966e-08,3.570699e-08,3.456700e-08,3.723262e-08,3.437869e-08,3.528123e-08,
3.486977e-08,3.475362e-08,3.418689e-08,3.530161e-08,3.446049e-08,3.658279e-08,3.746588e-08,3.648232e-08,3.579644e-08,3.481219e-08,3.300697e-08,3.632678e-08,3.533664e-08,3.717355e-08,3.465557e-08,3.374685e-08,3.636748e-08,3.632626e-08,3.397090e-08,3.501582e-08,3.492428e-08,3.465529e-08,3.457512e-08,3.697278e-08,3.428797e-08,3.671194e-08,3.637958e-08,3.471641e-08,3.453213e-08,3.593647e-08,3.566531e-08,3.692470e-08,3.547867e-08,3.615690e-08,3.656961e-08,3.357554e-08,3.368737e-08,3.530623e-08,3.469994e-08,3.498644e-08,3.618873e-08,3.587965e-08,3.469692e-08,3.735604e-08,3.708680e-08,3.568198e-08,3.459958e-08,3.581113e-08,3.493549e-08,3.705224e-08,3.627262e-08,3.595109e-08,3.494758e-08,3.480430e-08,3.453091e-08,3.588860e-08,3.739409e-08,3.389748e-08,3.608998e-08,3.540617e-08,3.473421e-08,3.690720e-08,3.607178e-08,3.577640e-08,
3.662575e-08,3.492769e-08,3.472060e-08,3.447357e-08,3.595585e-08,3.480266e-08,3.692119e-08,3.564823e-08,3.594636e-08,3.633347e-08,3.541168e-08,3.511482e-08,3.659369e-08,3.511038e-08,3.466307e-08,3.691788e-08,3.633067e-08,3.633968e-08,3.657363e-08,3.643663e-08,3.571083e-08,3.379940e-08,3.594110e-08,3.577597e-08,3.442230e-08,3.460836e-08,3.605704e-08,3.392096e-08,3.531595e-08,3.538184e-08,3.643281e-08,3.636547e-08,3.481251e-08,3.419866e-08,3.516550e-08,3.481338e-08,3.533274e-08,3.572866e-08,3.304449e-08,3.440179e-08,3.546970e-08,3.678353e-08,3.710978e-08,3.430991e-08,3.762323e-08,3.627906e-08,3.741851e-08,3.408784e-08,3.708491e-08,3.504921e-08,3.415767e-08,3.626591e-08,3.730131e-08,3.564709e-08,3.634254e-08,3.673925e-08,3.509640e-08,3.444728e-08,3.723774e-08,3.461075e-08,3.351357e-08,3.577258e-08,3.664937e-08,3.445282e-08,
3.804816e-08,3.555857e-08,3.408596e-08,3.569683e-08,3.516167e-08,3.419547e-08,3.614534e-08,3.465713e-08,3.491366e-08,3.620274e-08,3.413171e-08,3.596517e-08,3.682460e-08,3.590735e-08,3.553908e-08,3.689861e-08,3.557114e-08,3.487732e-08,3.458519e-08,3.578512e-08,3.601490e-08,3.852653e-08,3.490440e-08,3.589413e-08,3.626091e-08,3.546838e-08,3.546976e-08,3.570701e-08,3.458054e-08,3.627423e-08,3.584008e-08,3.477317e-08,3.433600e-08,3.599372e-08,3.422546e-08,3.383711e-08,3.501225e-08,3.583005e-08,3.449457e-08,3.425635e-08,3.636549e-08,3.482058e-08,3.615341e-08,3.783856e-08,3.480349e-08,3.769104e-08,3.584566e-08,3.531335e-08,3.622682e-08,3.590072e-08,3.637485e-08,3.625643e-08,3.506153e-08,3.502102e-08,3.654984e-08,3.709726e-08,3.702777e-08,3.516851e-08,3.511657e-08,3.659887e-08,3.524424e-08,3.491374e-08,3.426003e-08,3.592565e-08,
3.517925e-08,3.745459e-08,3.408528e-08,3.532377e-08,3.644676e-08,3.516343e-08,3.571215e-08,3.463276e-08,3.679724e-08,3.632371e-08,3.602948e-08,3.474351e-08,3.585852e-08,3.416518e-08,3.566161e-08,3.503244e-08,3.538028e-08,3.507369e-08,3.611461e-08,3.544557e-08,3.684153e-08,3.598541e-08,3.585789e-08,3.480437e-08,3.461736e-08,3.496481e-08,3.501910e-08,3.460340e-08,3.628672e-08,3.570390e-08,3.637387e-08,3.519105e-08,3.610195e-08,3.712647e-08,3.532740e-08,3.467503e-08,3.676837e-08,3.506372e-08,3.580921e-08,3.469051e-08,3.469051e-08,3.701002e-08,3.522959e-08,3.492834e-08,3.687208e-08,3.656738e-08,3.653198e-08,3.597002e-08,3.430813e-08,3.625490e-08,3.500678e-08,3.481311e-08,3.469280e-08,3.394699e-08,3.555066e-08,3.460630e-08,3.629757e-08,3.716026e-08,3.444943e-08,3.519149e-08,3.520465e-08,3.612285e-08,3.535810e-08,3.403639e-08,
3.578912e-08,3.535940e-08,3.509190e-08,3.536405e-08,3.500836e-08,3.578177e-08,3.530830e-08,3.484744e-08,3.439940e-08,3.786494e-08,3.518619e-08,3.646489e-08,3.647361e-08,3.499462e-08,3.590470e-08,3.576412e-08,3.459060e-08,3.403043e-08,3.696090e-08,3.687675e-08,3.594354e-08,3.600311e-08,3.552229e-08,3.562901e-08,3.690862e-08,3.621903e-08,3.525986e-08,3.695042e-08,3.501987e-08,3.621993e-08,3.617106e-08,3.593225e-08,3.713735e-08,3.608501e-08,3.448317e-08,3.566318e-08,3.654234e-08,3.476389e-08,3.704904e-08,3.367814e-08,3.457342e-08,3.510875e-08,3.549045e-08,3.568304e-08,3.387878e-08,3.563359e-08,3.392916e-08,3.741807e-08,3.362519e-08,3.657409e-08,3.518881e-08,3.589952e-08,3.897578e-08,3.516472e-08,3.589046e-08,3.431186e-08,3.450152e-08,3.336613e-08,3.770399e-08,3.588597e-08,3.404871e-08,3.408621e-08,3.557734e-08,3.720600e-08,
3.622891e-08,3.523286e-08,3.518288e-08,3.550469e-08,3.587756e-08,3.658100e-08,3.491732e-08,3.471009e-08,3.505855e-08,3.675527e-08,3.499227e-08,3.471273e-08,3.544801e-08,3.419687e-08,3.583730e-08,3.596489e-08,3.574832e-08,3.558055e-08,3.558548e-08,3.529463e-08,3.413665e-08,3.639329e-08,3.759218e-08,3.690882e-08,3.526615e-08,3.550339e-08,3.604147e-08,3.540008e-08,3.523966e-08,3.601798e-08,3.551454e-08,3.590459e-08,3.697264e-08,3.571479e-08,3.573786e-08,3.534535e-08,3.642406e-08,3.580647e-08,3.598216e-08,3.490632e-08,3.532483e-08,3.602367e-08,3.588413e-08,3.426537e-08,3.590630e-08,3.593066e-08,3.335076e-08,3.678844e-08,3.449235e-08,3.587275e-08,3.541051e-08,3.603556e-08,3.484118e-08,3.677046e-08,3.591733e-08,3.424271e-08,3.542612e-08,3.523419e-08,3.681790e-08,3.801585e-08,3.474007e-08,3.439203e-08,3.398524e-08,3.689623e-08,
3.536043e-08,3.538662e-08,3.698242e-08,3.638509e-08,3.619130e-08,3.590457e-08,3.669363e-08,3.534235e-08,3.566333e-08,3.703163e-08,3.674663e-08,3.530910e-08,3.569658e-08,3.594528e-08,3.548317e-08,3.568750e-08,3.600232e-08,3.552751e-08,3.749828e-08,3.647593e-08,3.345288e-08,3.516564e-08,3.584465e-08,3.404224e-08,3.487123e-08,3.506577e-08,3.471227e-08,3.598888e-08,3.499900e-08,3.479466e-08,3.576641e-08,3.507775e-08,3.421247e-08,3.593719e-08,3.414505e-08,3.442551e-08,3.480407e-08,3.917233e-08,3.654128e-08,3.540159e-08,3.435091e-08,3.690987e-08,3.461992e-08,3.496326e-08,3.608558e-08,3.579995e-08,3.719700e-08,3.441418e-08,3.609106e-08,3.423367e-08,3.357026e-08,3.532180e-08,3.452327e-08,3.648899e-08,3.554180e-08,3.591892e-08,3.462549e-08,3.320229e-08,3.521515e-08,3.426047e-08,3.511648e-08,3.700582e-08,3.676876e-08,3.588360e-08,
3.466644e-08,3.526643e-08,3.430790e-08,3.581561e-08,3.399388e-08,3.681067e-08,3.600380e-08,3.470578e-08,3.369824e-08,3.511546e-08,3.505511e-08,3.562994e-08,3.589148e-08,3.551891e-08,3.579815e-08,3.422563e-08,3.596282e-08,3.777449e-08,3.446461e-08,3.586296e-08,3.407527e-08,3.497615e-08,3.432195e-08,3.561841e-08,3.770153e-08,3.487643e-08,3.763647e-08,3.657752e-08,3.615137e-08,3.619418e-08,3.683311e-08,3.722598e-08,3.537970e-08,3.448554e-08,3.609444e-08,3.636558e-08,3.893282e-08,3.592250e-08,3.578482e-08,3.347006e-08,3.653741e-08,3.440321e-08,3.368366e-08,3.588818e-08,3.549392e-08,3.591551e-08,3.531119e-08,3.581270e-08,3.672147e-08,3.477235e-08,3.582091e-08,3.690185e-08,3.479514e-08,3.467256e-08,3.352141e-08,3.569060e-08,3.676663e-08,3.412126e-08,3.482500e-08,3.602718e-08,3.475276e-08,3.563619e-08,3.458611e-08,3.562893e-08,
3.541079e-08,3.585981e-08,3.472900e-08,3.690213e-08,3.634901e-08,3.448883e-08,3.464330e-08,3.536461e-08,3.502400e-08,3.624446e-08,3.557683e-08,3.565448e-08,3.489797e-08,3.553810e-08,3.550683e-08,3.412451e-08,3.542160e-08,3.666138e-08,3.556860e-08,3.570419e-08,3.385041e-08,3.494527e-08,3.534376e-08,3.492731e-08,3.461853e-08,3.729408e-08,3.552106e-08,3.680128e-08,3.563409e-08,3.706104e-08,3.541840e-08,3.645112e-08,3.596638e-08,3.436014e-08,3.506331e-08,3.582343e-08,3.548646e-08,3.682965e-08,3.385737e-08,3.664625e-08,3.611187e-08,3.591116e-08,3.515941e-08,3.475436e-08,3.545201e-08,3.447316e-08,3.565173e-08,3.569050e-08,3.355748e-08,3.487626e-08,3.545683e-08,3.430730e-08,3.558044e-08,3.630987e-08,3.474320e-08,3.427522e-08,3.564060e-08,3.630634e-08,3.640929e-08,3.492881e-08,3.500122e-08,3.555541e-08,3.452598e-08,3.551895e-08,
3.531554e-08,3.493563e-08,3.529849e-08,3.511898e-08,3.616586e-08,3.511426e-08,3.693051e-08,3.645457e-08,3.516014e-08,3.583613e-08,3.512785e-08,3.515743e-08,3.633669e-08,3.576056e-08,3.460647e-08,3.568575e-08,3.572818e-08,3.453696e-08,3.539478e-08,3.472069e-08,3.582542e-08,3.462281e-08,3.608741e-08,3.552218e-08,3.498448e-08,3.519422e-08,3.382507e-08,3.423587e-08,3.345996e-08,3.606055e-08,3.597216e-08,3.514748e-08,3.479276e-08,3.656797e-08,3.616773e-08,3.358456e-08,3.529337e-08,3.461753e-08,3.312026e-08,3.585398e-08,3.459689e-08,3.469452e-08,3.526687e-08,3.640123e-08,3.601400e-08,3.438127e-08,3.514748e-08,3.561154e-08,3.659310e-08,3.461790e-08,3.598395e-08,3.639409e-08,3.639163e-08,3.477924e-08,3.689850e-08,3.609265e-08,3.585657e-08,3.464035e-08,3.520328e-08,3.592846e-08,3.566306e-08,3.454502e-08,3.376047e-08,3.476776e-08,
3.288664e-08,3.473251e-08,3.541235e-08,3.393299e-08,3.640629e-08,3.778055e-08,3.534797e-08,3.532110e-08,3.631735e-08,3.392067e-08,3.534211e-08,3.553609e-08,3.318914e-08,3.502076e-08,3.648090e-08,3.427379e-08,3.618885e-08,3.704273e-08,3.541415e-08,3.781786e-08,3.549981e-08,3.714367e-08,3.630820e-08,3.490769e-08,3.426917e-08,3.631627e-08,3.539893e-08,3.687650e-08,3.531710e-08,3.502311e-08,3.523986e-08,3.642215e-08,3.585509e-08,3.654956e-08,3.608622e-08,3.632657e-08,3.582285e-08,3.374066e-08,3.553270e-08,3.549514e-08,3.638093e-08,3.615851e-08,3.491392e-08,3.642031e-08,3.552369e-08,3.417433e-08,3.383974e-08,3.397506e-08,3.510846e-08,3.534454e-08,3.795180e-08,3.460915e-08,3.627056e-08,3.592577e-08,3.534697e-08,3.630696e-08,3.573604e-08,3.679807e-08,3.435976e-08,3.739393e-08,3.531627e-08,3.367079e-08,3.597525e-08,3.254817e-08,
3.462245e-08,3.619986e-08,3.454343e-08,3.488375e-08,3.563769e-08,3.595466e-08,3.592401e-08,3.533715e-08,3.565775e-08,3.513611e-08,3.655550e-08,3.612125e-08,3.851630e-08,3.613870e-08,3.419337e-08,3.452707e-08,3.862061e-08,3.421344e-08,3.574310e-08,3.429129e-08,3.459503e-08,3.628060e-08,3.494990e-08,3.435850e-08,3.548739e-08,3.572580e-08,3.596350e-08,3.576762e-08,3.492591e-08,3.501479e-08,3.574955e-08,3.484604e-08,3.292512e-08,3.505573e-08,3.541841e-08,3.458454e-08,3.509771e-08,3.553096e-08,3.516143e-08,3.650637e-08,3.707386e-08,3.680681e-08,3.600973e-08,3.624063e-08,3.554243e-08,3.505931e-08,3.489741e-08,3.506688e-08,3.492473e-08,3.518288e-08,3.303009e-08,3.646157e-08,3.644249e-08,3.514184e-08,3.733631e-08,3.513923e-08,3.526099e-08,3.521728e-08,3.687059e-08,3.557340e-08,3.635872e-08,3.463047e-08,3.540689e-08,3.565346e-08,
3.517178e-08,3.558829e-08,3.419544e-08,3.571248e-08,3.429169e-08,3.535537e-08,3.489833e-08,3.547302e-08,3.612387e-08,3.533262e-08,3.536326e-08,3.581969e-08,3.602367e-08,3.595764e-08,3.438130e-08,3.388126e-08,3.590826e-08,3.548509e-08,3.693856e-08,3.473452e-08,3.523009e-08,3.615868e-08,3.636996e-08,3.433059e-08,3.594258e-08,3.567153e-08,3.775951e-08,3.639597e-08,3.422899e-08,3.440230e-08,3.541293e-08,3.531162e-08,3.354229e-08,3.540755e-08,3.896598e-08,3.469862e-08,3.725925e-08,3.541726e-08,3.454415e-08,3.611483e-08,3.516901e-08,3.799453e-08,3.493244e-08,3.774949e-08,3.674462e-08,3.434732e-08,3.383431e-08,3.437682e-08,3.579633e-08,3.567874e-08,3.612040e-08,3.550515e-08,3.575897e-08,3.684106e-08,3.658131e-08,3.600326e-08,3.564023e-08,3.536653e-08,3.543750e-08,3.561127e-08,3.572084e-08,3.456380e-08,3.604525e-08,3.702778e-08,
3.534591e-08,3.427150e-08,3.644351e-08,3.640405e-08,3.597319e-08,3.558961e-08,3.598470e-08,3.526697e-08,3.651938e-08,3.575405e-08,3.415223e-08,3.711972e-08,3.664159e-08,3.599578e-08,3.603593e-08,3.810376e-08,3.368663e-08,3.537116e-08,3.365787e-08,3.489673e-08,3.504845e-08,3.583406e-08,3.555287e-08,3.571924e-08,3.640945e-08,3.623729e-08,3.543310e-08,3.457371e-08,3.363972e-08,3.494860e-08,3.577544e-08,3.506310e-08,3.497269e-08,3.791388e-08,3.574488e-08,3.458560e-08,3.699252e-08,3.435194e-08,3.627043e-08,3.635345e-08,3.502565e-08,3.628223e-08,3.452295e-08,3.662496e-08,3.412178e-08,3.527927e-08,3.607301e-08,3.520161e-08,3.785197e-08,3.590803e-08,3.478386e-08,3.710057e-08,3.490347e-08,3.378599e-08,3.483194e-08,3.439253e-08,3.699758e-08,3.530239e-08,3.505559e-08,3.541155e-08,3.315496e-08,3.503700e-08,3.428920e-08,3.476582e-08,
3.678662e-08,3.499444e-08,3.538500e-08,3.563287e-08,3.717652e-08,3.533837e-08,3.474850e-08,3.527199e-08,3.515968e-08,3.638418e-08,3.399760e-08,3.749842e-08,3.416753e-08,3.396008e-08,3.496610e-08,3.761233e-08,3.624105e-08,3.615822e-08,3.582802e-08,3.346338e-08,3.433527e-08,3.723062e-08,3.447430e-08,3.431048e-08,3.559133e-08,3.461172e-08,3.462555e-08,3.473933e-08,3.469338e-08,3.708495e-08,3.387961e-08,3.703484e-08,3.539556e-08,3.555109e-08,3.470135e-08,3.499739e-08,3.544756e-08,3.584834e-08,3.532740e-08,3.611843e-08,3.583647e-08,3.683453e-08,3.567554e-08,3.530398e-08,3.441941e-08,3.787233e-08,3.560113e-08,3.635723e-08,3.662512e-08,3.820720e-08,3.601229e-08,3.668961e-08,3.594535e-08,3.421834e-08,3.656142e-08,3.699101e-08,3.476512e-08,3.502584e-08,3.528093e-08,3.503265e-08,3.520916e-08,3.679995e-08,3.553799e-08,3.665319e-08,
3.665534e-08,3.721813e-08,3.530259e-08,3.658906e-08,3.668000e-08,3.640385e-08,3.666886e-08,3.831986e-08,3.549516e-08,3.668204e-08,3.494028e-08,3.701932e-08,3.831865e-08,3.552943e-08,3.617064e-08,3.548456e-08,3.500280e-08,3.339590e-08,3.617700e-08,3.746211e-08,3.457399e-08,3.664442e-08,3.673533e-08,3.443329e-08,3.605458e-08,3.581204e-08,3.555693e-08,3.510028e-08,3.641187e-08,3.626817e-08,3.647439e-08,3.455291e-08,3.458446e-08,3.551488e-08,3.493961e-08,3.564009e-08,3.645392e-08,3.533572e-08,3.373609e-08,3.447695e-08,3.463157e-08,3.545945e-08,3.542620e-08,3.666690e-08,3.604178e-08,3.385094e-08,3.696665e-08,3.566099e-08,3.556601e-08,3.451698e-08,3.539705e-08,3.546657e-08,3.573509e-08,3.651405e-08,3.682240e-08,3.649637e-08,3.444406e-08,3.706022e-08,3.428813e-08,3.615826e-08,3.535578e-08,3.510571e-08,3.633572e-08,3.509324e-08,
3.641757e-08,3.440510e-08,3.623213e-08,3.565960e-08,3.494968e-08,3.636888e-08,3.370124e-08,3.688668e-08,3.617192e-08,3.575034e-08,3.686525e-08,3.651559e-08,3.564096e-08,3.698893e-08,3.440455e-08,3.679291e-08,3.528130e-08,3.434071e-08,3.612040e-08,3.604995e-08,3.731569e-08,3.594017e-08,3.517916e-08,3.651791e-08,3.694798e-08,3.626388e-08,3.634393e-08,3.421515e-08,3.580446e-08,3.585957e-08,3.632847e-08,3.589151e-08,3.544624e-08,3.486929e-08,3.533037e-08,3.601316e-08,3.360095e-08,3.601986e-08,3.426344e-08,3.573346e-08,3.632466e-08,3.407101e-08,3.603504e-08,3.595505e-08,3.399539e-08,3.580426e-08,3.583658e-08,3.853316e-08,3.509478e-08,3.442829e-08,3.610942e-08,3.637124e-08,3.495560e-08,3.491849e-08,3.524312e-08,3.613953e-08,3.554532e-08,3.283873e-08,3.570763e-08,3.598139e-08,3.591163e-08,3.700676e-08,3.852280e-08,3.703790e-08,
3.521382e-08,3.477314e-08,3.409574e-08,3.529848e-08,3.469073e-08,3.437290e-08,3.530309e-08,3.537979e-08,3.520822e-08,3.509558e-08,3.614642e-08,3.512074e-08,3.690248e-08,3.516884e-08,3.495233e-08,3.557917e-08,3.350261e-08,3.551099e-08,3.618984e-08,3.583228e-08,3.607380e-08,3.414285e-08,3.683174e-08,3.601540e-08,3.518470e-08,3.484182e-08,3.480667e-08,3.581592e-08,3.687535e-08,3.765484e-08,3.543335e-08,3.631152e-08,3.476421e-08,3.505343e-08,3.560909e-08,3.458741e-08,3.561085e-08,3.587779e-08,3.475542e-08,3.525276e-08,3.447266e-08,3.596474e-08,3.589447e-08,3.510141e-08,3.487855e-08,3.515922e-08,3.406343e-08,3.449210e-08,3.461828e-08,3.516234e-08,3.644700e-08,3.613289e-08,3.566443e-08,3.521495e-08,3.534694e-08,3.665610e-08,3.534862e-08,3.669956e-08,3.604995e-08,3.657194e-08,3.550533e-08,3.443259e-08,3.487883e-08,3.290068e-08,
3.605792e-08,3.483502e-08,3.540317e-08,3.491114e-08,3.467387e-08,3.509174e-08,3.520154e-08,3.502159e-08,3.529101e-08,3.603032e-08,3.568585e-08,3.514181e-08,3.503960e-08,3.625623e-08,3.319520e-08,3.433729e-08,3.519662e-08,3.667952e-08,3.726996e-08,3.620766e-08,3.593597e-08,3.859008e-08,3.657255e-08,3.706509e-08,3.484965e-08,3.503223e-08,3.430147e-08,3.510636e-08,3.581390e-08,3.585907e-08,3.619280e-08,3.516518e-08,3.703718e-08,3.453355e-08,3.559476e-08,3.423681e-08,3.377799e-08,3.533080e-08,3.433276e-08,3.592242e-08,3.632949e-08,3.517843e-08,3.519175e-08,3.401744e-08,3.498109e-08,3.597165e-08,3.697321e-08,3.480528e-08,3.534025e-08,3.632422e-08,3.466908e-08,3.465453e-08,3.620143e-08,3.506528e-08,3.553197e-08,3.745302e-08,3.620749e-08,3.670113e-08,3.609750e-08,3.609018e-08,3.572872e-08,3.761000e-08,3.521887e-08,3.605015e-08,
3.444240e-08,3.606829e-08,3.516448e-08,3.481726e-08,3.652032e-08,3.497982e-08,3.429557e-08,3.537894e-08,3.518631e-08,3.600234e-08,3.739674e-08,3.554472e-08,3.449736e-08,3.488072e-08,3.603672e-08,3.542840e-08,3.495117e-08,3.625996e-08,3.564315e-08,3.442388e-08,3.646218e-08,3.654508e-08,3.685951e-08,3.565771e-08,3.643303e-08,3.677697e-08,3.569485e-08,3.517765e-08,3.570533e-08,3.696621e-08,3.652855e-08,3.550253e-08,3.526146e-08,3.443430e-08,3.704765e-08,3.454265e-08,3.632919e-08,3.433171e-08,3.409534e-08,3.515155e-08,3.640875e-08,3.609427e-08,3.669841e-08,3.584737e-08,3.593772e-08,3.316753e-08,3.457736e-08,3.441178e-08,3.513599e-08,3.455248e-08,3.434823e-08,3.497745e-08,3.587575e-08,3.384204e-08,3.605537e-08,3.570396e-08,3.859226e-08,3.330817e-08,3.436655e-08,3.385412e-08,3.346687e-08,3.594677e-08,3.656117e-08,3.606727e-08,
3.643994e-08,3.528230e-08,3.618700e-08,3.407460e-08,3.592371e-08,3.530879e-08,3.471303e-08,3.604078e-08,3.603373e-08,3.678358e-08,3.254554e-08,3.578991e-08,3.703248e-08,3.684122e-08,3.723028e-08,3.411403e-08,3.481165e-08,3.461309e-08,3.592650e-08,3.756797e-08,3.647860e-08,3.587396e-08,3.769142e-08,3.411469e-08,3.516015e-08,3.673309e-08,3.627552e-08,3.461592e-08,3.562027e-08,3.447736e-08,3.382111e-08,3.455965e-08,3.410847e-08,3.760386e-08,3.451488e-08,3.632827e-08,3.528050e-08,3.562554e-08,3.524272e-08,3.525706e-08,3.459517e-08,3.454053e-08,3.349341e-08,3.535419e-08,3.606380e-08,3.502071e-08,3.539099e-08,3.460214e-08,3.515672e-08,3.660425e-08,3.494197e-08,3.466978e-08,3.532208e-08,3.609385e-08,3.535039e-08,3.629675e-08,3.489088e-08,3.581475e-08,3.725802e-08,3.462472e-08,3.532965e-08,3.561915e-08,3.631867e-08,3.657642e-08,
3.519736e-08,3.497208e-08,3.735209e-08,3.651243e-08,3.491511e-08,3.531332e-08,3.642070e-08,3.593761e-08,3.522805e-08,3.696067e-08,3.826785e-08,3.495668e-08,3.609908e-08,3.508971e-08,3.540543e-08,3.572167e-08,3.552220e-08,3.636188e-08,3.428655e-08,3.523378e-08,3.510654e-08,3.638399e-08,3.385232e-08,3.630254e-08,3.539903e-08,3.585753e-08,3.531992e-08,3.359695e-08,3.514177e-08,3.484706e-08,3.516086e-08,3.487935e-08,3.581711e-08,3.535316e-08,3.594996e-08,3.472086e-08,3.793066e-08,3.569925e-08,3.584565e-08,3.726341e-08,3.668549e-08,3.636047e-08,3.431493e-08,3.513191e-08,3.548430e-08,3.634465e-08,3.402283e-08,3.652266e-08,3.444597e-08,3.405879e-08,3.482717e-08,3.703248e-08,3.607442e-08,3.500700e-08,3.543585e-08,3.418972e-08,3.593061e-08,3.473186e-08,3.580629e-08,3.552202e-08,3.496560e-08,3.585100e-08,3.460705e-08,3.490013e-08,
3.579299e-08,3.541327e-08,3.733833e-08,3.473334e-08,3.488366e-08,3.268835e-08,3.574410e-08,3.671151e-08,3.555308e-08,3.346627e-08,3.541565e-08,3.628327e-08,3.745853e-08,3.519419e-08,3.660403e-08,3.623811e-08,3.633688e-08,3.655651e-08,3.631116e-08,3.603086e-08,3.559195e-08,3.584025e-08,3.597242e-08,3.597366e-08,3.742827e-08,3.502916e-08,3.559229e-08,3.559196e-08,3.400507e-08,3.648828e-08,3.564521e-08,3.432019e-08,3.529779e-08,3.689239e-08,3.478743e-08,3.462315e-08,3.389333e-08,3.672386e-08,3.507899e-08,3.418657e-08,3.636302e-08,3.700354e-08,3.507550e-08,3.425416e-08,3.565373e-08,3.600846e-08,3.712450e-08,3.544934e-08,3.681350e-08,3.575353e-08,3.575404e-08,3.342725e-08,3.553136e-08,3.550413e-08,3.438513e-08,3.560219e-08,3.431761e-08,3.651428e-08,3.584715e-08,3.695088e-08,3.572737e-08,3.521284e-08,3.301904e-08,3.538403e-08,
3.293380e-08,3.574462e-08,3.487832e-08,3.680544e-08,3.616365e-08,3.566574e-08,3.726964e-08,3.490434e-08,3.502237e-08,3.513113e-08,3.497051e-08,3.453642e-08,3.512910e-08,3.496177e-08,3.556547e-08,3.453349e-08,3.661047e-08,3.579232e-08,3.570721e-08,3.702828e-08,3.501027e-08,3.524188e-08,3.527553e-08,3.517756e-08,3.407031e-08,3.738657e-08,3.571425e-08,3.614493e-08,3.573934e-08,3.659048e-08,3.483940e-08,3.415087e-08,3.609965e-08,3.502561e-08,3.520599e-08,3.662910e-08,3.629343e-08,3.385499e-08,3.665330e-08,3.449045e-08,3.549239e-08,3.552849e-08,3.574748e-08,3.614071e-08,3.600022e-08,3.678255e-08,3.716402e-08,3.441001e-08,3.487248e-08,3.654883e-08,3.477841e-08,3.597060e-08,3.411838e-08,3.585931e-08,3.629567e-08,3.529137e-08,3.482453e-08,3.554588e-08,3.522067e-08,3.728457e-08,3.571805e-08,3.607187e-08,3.667294e-08,3.416779e-08,
3.521900e-08,3.560628e-08,3.413643e-08,3.750837e-08,3.438281e-08,3.600386e-08,3.554341e-08,3.636415e-08,3.452475e-08,3.596868e-08,3.538638e-08,3.494364e-08,3.567750e-08,3.514445e-08,3.612689e-08,3.454656e-08,3.513616e-08,3.614064e-08,3.548295e-08,3.577784e-08,3.655746e-08,3.548422e-08,3.838669e-08,3.469341e-08,3.540879e-08,3.571750e-08,3.308995e-08,3.407677e-08,3.563959e-08,3.595763e-08,3.493477e-08,3.643354e-08,3.496399e-08,3.532305e-08,3.549553e-08,3.625896e-08,3.539348e-08,3.541798e-08,3.509689e-08,3.569788e-08,3.519070e-08,3.605539e-08,3.251533e-08,3.546329e-08,3.602484e-08,3.421168e-08,3.430152e-08,3.617020e-08,3.594117e-08,3.542393e-08,3.531433e-08,3.517111e-08,3.658472e-08,3.494996e-08,3.588611e-08,3.594278e-08,3.407948e-08,3.625917e-08,3.413081e-08,3.522413e-08,3.523460e-08,3.418309e-08,3.559182e-08,3.716820e-08,
===
5.466364e-08,5.173510e-08,5.541308e-08,5.467556e-08,5.415312e-08,5.396804e-08,5.375520e-08,5.233635e-08,5.330038e-08,5.325107e-08,5.431013e-08,5.588123e-08,5.373741e-08,5.356335e-08,5.425357e-08,5.383664e-08,5.356196e-08,5.537519e-08,5.480509e-08,5.161025e-08,5.362700e-08,5.465447e-08,5.427251e-08,5.342246e-08,5.203312e-08,5.442835e-08,5.464402e-08,5.344754e-08,5.330475e-08,5.480170e-08,5.200432e-08,5.453077e-08,5.308562e-08,5.460481e-08,5.447269e-08,5.464869e-08,5.394494e-08,5.500210e-08,5.503476e-08,5.324351e-08,5.476391e-08,5.403905e-08,5.124217e-08,5.418111e-08,5.212458e-08,5.219912e-08,5.308717e-08,5.530950e-08,5.394236e-08,5.394256e-08,5.456320e-08,5.424201e-08,5.352068e-08,5.303252e-08,5.430401e-08,5.473106e-08,5.471258e-08,5.441882e-08,5.637133e-08,5.259455e-08,5.350066e-08,5.333690e-08,5.082847e-08,5.439523e-08,
5.388340e-08,5.418474e-08,5.468588e-08,5.356608e-08,5.434063e-08,5.407980e-08,5.570364e-08,5.490585e-08,5.352148e-08,5.322682e-08,5.320976e-08,5.496152e-08,5.463863e-08,5.416028e-08,5.354225e-08,5.364155e-08,5.398262e-08,5.338477e-08,5.293931e-08,5.404461e-08,5.300603e-08,5.496817e-08,5.238465e-08,5.215503e-08,5.197316e-08,5.308018e-08,5.447161e-08,5.399133e-08,5.121431e-08,5.313942e-08,5.300478e-08,5.632014e-08,5.317713e-08,5.475386e-08,5.464663e-08,5.448018e-08,5.317881e-08,5.494670e-08,5.229232e-08,5.248581e-08,5.500714e-08,5.538956e-08,5.446974e-08,5.427553e-08,5.473919e-08,5.275057e-08,5.373919e-08,5.434469e-08,5.379841e-08,5.314157e-08,5.383509e-08,5.537273e-08,5.375478e-08,5.306675e-08,5.435629e-08,5.258439e-08,5.418315e-08,5.159835e-08,5.212107e-08,5.505891e-08,5.456708e-08,5.225450e-08,5.345128e-08,5.565191e-08,
5.317223e-08,5.189663e-08,5.313371e-08,5.389839e-08,5.308659e-08,5.304290e-08,5.148391e-08,5.482824e-08,5.412599e-08,5.389739e-08,5.372249e-08,5.603560e-08,5.182475e-08,5.274781e-08,5.274250e-08,5.332934e-08,5.306716e-08,5.466102e-08,5.342273e-08,5.513243e-08,5.421088e-08,5.421136e-08,5.320285e-08,5.381486e-08,5.326470e-08,5.457123e-08,5.232231e-08,5.479588e-08,5.264081e-08,5.295404e-08,5.327465e-08,5.307705e-08,5.187647e-08,5.417941e-08,5.441029e-08,5.479227e-08,5.331520e-08,5.304977e-08,5.383085e-08,5.525265e-08,5.374766e-08,5.471278e-08,5.429050e-08,5.384479e-08,5.297121e-08,5.246609e-08,5.592515e-08,5.464382e-08,5.394668e-08,5.250785e-08,5.516516e-08,5.281717e-08,5.357014e-08,5.375209e-08,5.265284e-08,5.484929e-08,5.483893e-08,5.477908e-08,5.463781e-08,5.110622e-08,5.417314e-08,5.298662e-08,5.436775e-08,5.407402e-08,
5.081718e-08,5.385862e-08,5.450309e-08,5.536636e-08,5.205925e-08,5.355842e-08,5.283821e-08,5.367466e-08,5.340865e-08,5.243824e-08,5.623290e-08,5.537095e-08,5.368006e-08,5.412724e-08,5.197326e-08,5.383482e-08,5.342142e-08,5.416370e-08,5.298672e-08,5.311913e-08,5.531262e-08,5.393930e-08,5.351451e-08,5.322767e-08,5.524421e-08,5.430115e-08,5.440330e-08,5.381798e-08,5.458772e-08,5.411595e-08,5.350063e-08,5.387899e-08,5.360717e-08,5.227132e-08,5.356548e-08,5.271204e-08,5.210738e-08,5.507626e-08,5.183647e-08,5.397123e-08,5.365650e-08,5.292437e-08,5.412072e-08,5.362713e-08,5.625780e-08,5.316216e-08,5.296553e-08,5.356412e-08,5.313192e-08,5.318650e-08,5.237318e-08,5.418259e-08,5.283145e-08,5.430965e-08,5.376513e-08,5.365972e-08,5.337486e-08,5.446001e-08,5.489334e-08,5.594284e-08,5.442026e-08,5.476874e-08,5.347092e-08,5.448751e-08,
5.393994e-08,5.482087e-08,5.286740e-08,5.219724e-08,5.532373e-08,5.358609e-08,5.286515e-08,5.467326e-08,5.432160e-08,5.393597e-08,5.314918e-08,5.247357e-08,5.298835e-08,5.270849e-08,5.283884e-08,5.509851e-08,5.299941e-08,5.549802e-08,5.310485e-08,5.524814e-08,5.275743e-08,5.470001e-08,5.287651e-08,5.347557e-08,5.475728e-08,5.334019e-08,5.457938e-08,5.516863e-08,5.398305e-08,5.301550e-08,5.314570e-08,5.526241e-08,5.395781e-08,5.342891e-08,5.294022e-08,5.444080e-08,5.212162e-08,5.309072e-08,5.401974e-08,5.271616e-08,5.374121e-08,5.388702e-08,5.308753e-08,5.204610e-08,5.376116e-08,5.292509e-08,5.538217e-08,5.203268e-08,5.512991e-08,5.226401e-08,5.312498e-08,5.473509e-08,5.323323e-08,5.241135e-08,5.502025e-08,5.494418e-08,5.319654e-08,5.360736e-08,5.552554e-08,5.278867e-08,5.465167e-08,5.268919e-08,5.274484e-08,5.297185e-08,
5.402221e-08,5.601645e-08,5.289194e-08,5.461466e-08,5.451728e-08,5.332469e-08,5.266772e-08,5.452592e-08,5.340574e-08,5.320547e-08,5.276393e-08,5.328062e-08,5.432191e-08,5.330376e-08,5.595316e-08,5.397968e-08,5.296103e-08,5.283000e-08,5.381364e-08,5.580883e-08,5.378913e-08,5.395476e-08,5.485509e-08,5.375054e-08,5.284331e-08,5.394114e-08,5.386617e-08,5.576617e-08,5.385399e-08,5.588359e-08,5.466438e-08,5.597845e-08,5.207935e-08,5.287654e-08,5.369271e-08,5.491472e-08,5.391534e-08,5.363685e-08,5.427242e-08,5.247081e-08,5.524301e-08,5.541284e-08,5.499998e-08,5.488273e-08,5.353458e-08,5.355281e-08,5.494824e-08,5.302199e-08,5.442725e-08,5.423280e-08,5.454452e-08,5.539135e-08,5.485191e-08,5.450175e-08,5.332287e-08,5.411684e-08,5.481714e-08,5.407204e-08,5.486979e-08,5.294102e-08,5.328292e-08,5.304531e-08,5.422212e-08,5.402486e-08,
5.438207e-08,5.273578e-08,5.375359e-08,5.422182e-08,5.338668e-08,5.242379e-08,5.360963e-08,5.348384e-08,5.314611e-08,5.332515e-08,5.348828e-08,5.295868e-08,5.311950e-08,5.450520e-08,5.410868e-08,5.332594e-08,5.383252e-08,5.416601e-08,5.418660e-08,5.392054e-08,5.236565e-08,5.530171e-08,5.328289e-08,5.425199e-08,5.424396e-08,5.556617e-08,5.532272e-08,5.325438e-08,5.404844e-08,5.517486e-08,5.391251e-08,5.542565e-08,5.182588e-08,5.417532e-08,5.186665e-08,5.493310e-08,5.419010e-08,5.340882e-08,5.456690e-08,5.419240e-08,5.248665e-08,5.369226e-08,5.407178e-08,5.322697e-08,5.288699e-08,5.415662e-08,5.396701e-08,5.239111e-08,5.404819e-08,5.560461e-08,5.372939e-08,5.382972e-08,5.243733e-08,5.511773e-08,5.350706e-08,5.329937e-08,5.274299e-08,5.421457e-08,5.354429e-08,5.339386e-08,5.420013e-08,5.506210e-08,5.427558e-08,5.384157e-08,
5.346651e-08,5.390876e-08,5.382452e-08,5.444051e-08,5.466182e-08,5.171148e-08,5.391390e-08,5.327759e-08,5.457398e-08,5.296811e-08,5.365330e-08,5.234720e-08,5.305001e-08,5.412195e-08,5.395867e-08,5.283896e-08,5.351669e-08,5.348122e-08,5.477878e-08,5.617091e-08,5.365861e-08,5.379456e-08,5.281984e-08,5.339278e-08,5.247025e-08,5.392833e-08,5.402721e-08,5.384529e-08,5.304278e-08,5.302672e-08,5.305308e-08,5.242054e-08,5.426013e-08,5.326124e-08,5.578821e-08,5.621086e-08,5.134434e-08,5.551445e-08,5.525182e-08,5.350339e-08,5.359653e-08,5.470796e-08,5.413812e-08,5.308209e-08,5.348037e-08,5.265147e-08,5.287070e-08,5.527305e-08,5.293929e-08,5.396988e-08,5.723716e-08,5.530799e-08,5.454939e-08,5.369407e-08,5.423409e-08,5.440827e-08,5.367746e-08,5.272209e-08,5.241997e-08,5.531138e-08,5.189263e-08,5.308435e-08,5.304876e-08,5.306164e-08,
5.200347e-08,5.300956e-08,5.245125e-08,5.457034e-08,5.343464e-08,5.372023e-08,5.467616e-08,5.246904e-08,5.407695e-08,5.392651e-08,5.355797e-08,5.240399e-08,5.442102e-08,5.390114e-08,5.385170e-08,5.247747e-08,5.544030e-08,5.483045e-08,5.371549e-08,5.351509e-08,5.378221e-08,5.205237e-08,5.212020e-08,5.443308e-08,5.307440e-08,5.425154e-08,5.521011e-08,5.476441e-08,5.328926e-08,5.381353e-08,5.340259e-08,5.247714e-08,5.444200e-08,5.395936e-08,5.465281e-08,5.294101e-08,5.157593e-08,5.357868e-08,5.515002e-08,5.568038e-08,5.384749e-08,5.318111e-08,5.302373e-08,5.371385e-08,5.445483e-08,5.358054e-08,5.336959e-08,5.630944e-08,5.615362e-08,5.318676e-08,5.444641e-08,5.445174e-08,5.397863e-08,5.336163e-08,5.399091e-08,5.250327e-08,5.316558e-08,5.305159e-08,5.303458e-08,5.315974e-08,5.356436e-08,5.472226e-08,5.449158e-08,5.465768e-08,
5.429849e-08,5.361643e-08,5.346629e-08,5.377461e-08,5.441155e-08,5.182663e-08,5.311716e-08,5.391854e-08,5.461904e-08,5.182042e-08,5.550658e-08,5.355997e-08,5.281723e-08,5.484010e-08,5.219655e-08,5.471853e-08,5.415681e-08,5.613900e-08,5.366576e-08,5.433587e-08,5.435517e-08,5.435624e-08,5.519471e-08,5.393707e-08,5.139338e-08,5.386250e-08,5.263906e-08,5.474490e-08,5.379982e-08,5.492320e-08,5.322464e-08,5.350300e-08,5.294320e-08,5.314267e-08,5.201887e-08,5.373458e-08,5.438940e-08,5.183375e-08,5.415275e-08,5.323800e-08,5.293572e-08,5.400161e-08,5.496818e-08,5.407022e-08,5.315161e-08,5.223855e-08,5.349717e-08,5.562493e-08,5.232001e-08,5.404326e-08,5.417315e-08,5.370624e-08,5.544530e-08,5.265391e-08,5.527278e-08,5.235636e-08,5.483325e-08,5.389697e-08,5.245516e-08,5.476780e-08,5.518355e-08,5.373150e-08,5.440412e-08,5.367027e-08,
5.442829e-08,5.428905e-08,5.350383e-08,5.430255e-08,5.434777e-08,5.265911e-08,5.404268e-08,5.432585e-08,5.401183e-08,5.324836e-08,5.429231e-08,5.382354e-08,5.367276e-08,5.451136e-08,5.399435e-08,5.356573e-08,5.483140e-08,5.412614e-08,5.438911e-08,5.422266e-08,5.448336e-08,5.207439e-08,5.536812e-08,5.397578e-08,5.455177e-08,5.542841e-08,5.444219e-08,5.335286e-08,5.236864e-08,5.390358e-08,5.173104e-08,5.279490e-08,5.413596e-08,5.476838e-08,5.251624e-08,5.549329e-08,5.588322e-08,5.351617e-08,5.297149e-08,5.512425e-08,5.447099e-08,5.399586e-08,5.366175e-08,5.287997e-08,5.372176e-08,5.587584e-08,5.549389e-08,5.452404e-08,5.451452e-08,5.477281e-08,5.497343e-08,5.316966e-08,5.274325e-08,5.294219e-08,5.430042e-08,5.372997e-08,5.358338e-08,5.345518e-08,5.467382e-08,5.315013e-08,5.314887e-08,5.476390e-08,5.458897e-08,5.424293e-08,
5.276606e-08,5.385887e-08,5.602195e-08,5.436098e-08,5.299864e-08,5.329003e-08,5.374046e-08,5.392116e-08,5.324982e-08,5.507420e-08,5.267824e-08,5.456838e-08,5.404327e-08,5.198460e-08,5.351580e-08,5.413221e-08,5.472697e-08,5.261050e-08,5.356973e-08,5.422813e-08,5.493030e-08,5.546148e-08,5.166348e-08,5.296847e-08,5.435060e-08,5.283946e-08,5.366462e-08,5.534537e-08,5.304831e-08,5.421391e-08,5.505365e-08,5.396322e-08,5.508870e-08,5.433582e-08,5.313391e-08,5.541559e-08,5.295364e-08,5.453223e-08,5.428630e-08,5.440332e-08,5.275277e-08,5.403799e-08,5.428921e-08,5.360780e-08,5.345023e-08,5.424475e-08,5.503868e-08,5.452019e-08,5.272271e-08,5.449275e-08,5.486437e-08,5.410089e-08,5.487040e-08,5.481339e-08,5.500224e-08,5.362079e-08,5.412868e-08,5.335234e-08,5.182439e-08,5.477481e-08,5.384106e-08,5.408594e-08,5.302992e-08,5.244950e-08,
5.340889e-08,5.345694e-08,5.572753e-08,5.410220e-08,5.349863e-08,5.421254e-08,5.324045e-08,5.476770e-08,5.253102e-08,5.293749e-08,5.505245e-08,5.366497e-08,5.367300e-08,5.185064e-08,5.528357e-08,5.333868e-08,5.365860e-08,5.314960e-08,5.302449e-08,5.294177e-08,5.284209e-08,5.382084e-08,5.375370e-08,5.430781e-08,5.395079e-08,5.431939e-08,5.431564e-08,5.270467e-08,5.399449e-08,5.490149e-08,5.620431e-08,5.509299e-08,5.500889e-08,5.447311e-08,5.290403e-08,5.523262e-08,5.419619e-08,5.480347e-08,5.286265e-08,5.436452e-08,5.190304e-08,5.438338e-08,5.404845e-08,5.399218e-08,5.329327e-08,5.353296e-08,5.276157e-08,5.354222e-08,5.367765e-08,5.402426e-08,5.429483e-08,5.510114e-08,5.360249e-08,5.178945e-08,5.276834e-08,5.454034e-08,5.363215e-08,5.537244e-08,5.370856e-08,5.340237e-08,5.381531e-08,5.373635e-08,5.350615e-08,5.435423e-08,
5.370838e-08,5.371612e-08,5.482924e-08,5.463765e-08,5.465535e-08,5.216309e-08,5.495907e-08,5.395677e-08,5.540079e-08,5.260384e-08,5.437153e-08,5.342145e-08,5.439284e-08,5.342512e-08,5.251430e-08,5.315799e-08,5.464445e-08,5.190011e-08,5.389918e-08,5.332102e-08,5.493374e-08,5.506356e-08,5.385693e-08,5.423969e-08,5.422074e-08,5.473917e-08,5.266093e-08,5.394995e-08,5.362917e-08,5.322133e-08,5.285992e-08,5.275389e-08,5.136848e-08,5.249709e-08,5.513766e-08,5.513138e-08,5.230622e-08,5.478376e-08,5.373266e-08,5.389570e-08,5.231493e-08,5.407520e-08,5.313101e-08,5.441086e-08,5.256229e-08,5.524917e-08,5.299477e-08,5.434662e-08,5.287835e-08,5.303376e-08,5.336383e-08,5.416946e-08,5.385366e-08,5.424934e-08,5.391639e-08,5.401198e-08,5.350800e-08,5.305338e-08,5.386418e-08,5.506184e-08,5.529208e-08,5.234484e-08,5.307101e-08,5.342792e-08,
5.470733e-08,5.270658e-08,5.337550e-08,5.431347e-08,5.296283e-08,5.457927e-08,5.315273e-08,5.392152e-08,5.488051e-08,5.259309e-08,5.488383e-08,5.329114e-08,5.343340e-08,5.309362e-08,5.416422e-08,5.234316e-08,5.372202e-08,5.514234e-08,5.278666e-08,5.483057e-08,5.367759e-08,5.341069e-08,5.325482e-08,5.379461e-08,5.318717e-08,5.253323e-08,5.273300e-08,5.296221e-08,5.328804e-08,5.292578e-08,5.331525e-08,5.459459e-08,5.215664e-08,5.370488e-08,5.337175e-08,5.327701e-08,5.262787e-08,5.418544e-08,5.460701e-08,5.167377e-08,5.296254e-08,5.547132e-08,5.329180e-08,5.260309e-08,5.161048e-08,5.466165e-08,5.393107e-08,5.377586e-08,5.302797e-08,5.526627e-08,5.300954e-08,5.456517e-08,5.474060e-08,5.385808e-08,5.387796e-08,5.285448e-08,5.636675e-08,5.114406e-08,5.402182e-08,5.333242e-08,5.512808e-08,5.456659e-08,5.433028e-08,5.339576e-08,
5.422637e-08,5.571357e-08,5.313156e-08,5.547423e-08,5.375947e-08,5.385102e-08,5.227652e-08,5.507385e-08,5.487253e-08,5.244035e-08,5.464428e-08,5.386230e-08,5.452215e-08,5.531880e-08,5.276664e-08,5.432768e-08,5.320327e-08,5.174587e-08,5.257952e-08,5.338827e-08,5.334454e-08,5.311075e-08,5.219708e-08,5.406776e-08,5.350195e-08,5.297911e-08,5.468993e-08,5.453772e-08,5.421444e-08,5.304109e-08,5.244627e-08,5.454961e-08,5.314856e-08,5.299730e-08,5.308407e-08,5.511030e-08,5.390928e-08,5.369882e-08,5.427782e-08,5.426549e-08,5.402566e-08,5.285960e-08,5.295982e-08,5.204163e-08,5.114155e-08,5.290683e-08,5.299563e-08,5.437045e-08,5.277145e-08,5.355186e-08,5.419745e-08,5.328339e-08,5.514881e-08,5.397806e-08,5.395412e-08,5.440534e-08,5.241639e-08,5.651933e-08,5.381381e-08,5.481205e-08,5.394456e-08,5.220733e-08,5.411531e-08,5.377280e-08,
5.439005e-08,5.348140e-08,5.285709e-08,5.346089e-08,5.263463e-08,5.432983e-08,5.220821e-08,5.245486e-08,5.338962e-08,5.366061e-08,5.412156e-08,5.276706e-08,5.284061e-08,5.383444e-08,5.413636e-08,5.334425e-08,5.310896e-08,5.457909e-08,5.368867e-08,5.523753e-08,5.582346e-08,5.484889e-08,5.455881e-08,5.443796e-08,5.335987e-08,5.342115e-08,5.391283e-08,5.260436e-08,5.435986e-08,5.550680e-08,5.481437e-08,5.456495e-08,5.529106e-08,5.379924e-08,5.224326e-08,5.304769e-08,5.416999e-08,5.249233e-08,5.387798e-08,5.305155e-08,5.228875e-08,5.515830e-08,5.450150e-08,5.391193e-08,5.306663e-08,5.371563e-08,5.506653e-08,5.416122e-08,5.642085e-08,5.211015e-08,5.251209e-08,5.325517e-08,5.291223e-08,5.172275e-08,5.561342e-08,5.495532e-08,5.358128e-08,5.154398e-08,5.241581e-08,5.406804e-08,5.425950e-08,5.367455e-08,5.328649e-08,5.416531e-08,
5.419562e-08,5.330177e-08,5.435582e-08,5.257033e-08,5.532530e-08,5.591069e-08,5.489751e-08,5.184372e-08,5.393887e-08,5.408533e-08,5.395890e-08,5.400040e-08,5.405265e-08,5.558214e-08,5.296581e-08,5.436965e-08,5.469728e-08,5.477113e-08,5.454757e-08,5.409463e-08,5.397096e-08,5.500996e-08,5.308430e-08,5.502203e-08,5.353663e-08,5.334307e-08,5.412467e-08,5.346003e-08,5.362271e-08,5.401589e-08,5.574867e-08,5.490790e-08,5.567325e-08,5.387870e-08,5.457866e-08,5.452623e-08,5.390744e-08,5.269197e-08,5.321316e-08,5.283126e-08,5.403337e-08,5.317943e-08,5.302649e-08,5.240957e-08,5.513281e-08,5.261299e-08,5.542878e-08,5.443589e-08,5.532630e-08,5.432221e-08,5.504278e-08,5.440168e-08,5.290550e-08,5.381462e-08,5.362880e-08,5.398744e-08,5.555159e-08,5.489602e-08,5.451755e-08,5.356456e-08,5.390262e-08,5.347991e-08,5.192156e-08,5.352221e-08,
5.629310e-08,5.414758e-08,5.364794e-08,5.430015e-08,5.402795e-08,5.179812e-08,5.335774e-08,5.339838e-08,5.525150e-08,5.425996e-08,5.432237e-08,5.212872e-08,5.435828e-08,5.284571e-08,5.396353e-08,5.361721e-08,5.589769e-08,5.298799e-08,5.305318e-08,5.482514e-08,5.273423e-08,5.248968e-08,5.229438e-08,5.349479e-08,5.312188e-08,5.377869e-08,5.450631e-08,5.420383e-08,5.344439e-08,5.305428e-08,5.468824e-08,5.295125e-08,5.501599e-08,5.352421e-08,5.348394e-08,5.517317e-08,5.404713e-08,5.398275e-08,5.380329e-08,5.324871e-08,5.273397e-08,5.291720e-08,5.467661e-08,5.431472e-08,5.361993e-08,5.397437e-08,5.377976e-08,5.332178e-08,5.304863e-08,5.408657e-08,5.546010e-08,5.334187e-08,5.425181e-08,5.524389e-08,5.423609e-08,5.362757e-08,5.309739e-08,5.430049e-08,5.345149e-08,5.366431e-08,5.199437e-08,5.437582e-08,5.385276e-08,5.360533e-08,
5.403709e-08,5.371659e-08,5.395865e-08,5.487252e-08,5.246748e-08,5.122930e-08,5.563551e-08,5.398753e-08,5.614538e-08,5.430237e-08,5.496897e-08,5.241328e-08,5.380826e-08,5.405965e-08,5.553237e-08,5.452806e-08,5.339440e-08,5.408369e-08,5.530016e-08,5.331836e-08,5.451291e-08,5.384620e-08,5.384347e-08,5.304216e-08,5.479181e-08,5.422512e-08,5.241980e-08,5.496509e-08,5.307346e-08,5.495816e-08,5.158545e-08,5.254755e-08,5.312040e-08,5.319072e-08,5.161326e-08,5.314667e-08,5.335031e-08,5.197548e-08,5.537751e-08,5.333902e-08,5.440556e-08,5.405196e-08,5.431632e-08,5.419343e-08,5.278896e-08,5.375559e-08,5.435127e-08,5.272119e-08,5.235611e-08,5.498090e-08,5.477380e-08,5.337227e-08,5.365077e-08,5.360989e-08,5.192985e-08,5.472983e-08,5.493835e-08,5.474336e-08,5.620271e-08,5.328507e-08,5.356672e-08,5.479403e-08,5.259343e-08,5.319929e-08,
5.340740e-08,5.333183e-08,5.383484e-08,5.257818e-08,5.312652e-08,5.563995e-08,5.260938e-08,5.556475e-08,5.455436e-08,5.185400e-08,5.409760e-08,5.243574e-08,5.432724e-08,5.406553e-08,5.377687e-08,5.522245e-08,5.406585e-08,5.486880e-08,5.409019e-08,5.417909e-08,5.328538e-08,5.366418e-08,5.371304e-08,5.506230e-08,5.382551e-08,5.410365e-08,5.549669e-08,5.203516e-08,5.260104e-08,5.417931e-08,5.585760e-08,5.509257e-08,5.425009e-08,5.553826e-08,5.388905e-08,5.375956e-08,5.459064e-08,5.378791e-08,5.192672e-08,5.163281e-08,5.310514e-08,5.541678e-08,5.519196e-08,5.371132e-08,5.503203e-08,5.379104e-08,5.376163e-08,5.392401e-08,5.156161e-08,5.258135e-08,5.527007e-08,5.553974e-08,5.376713e-08,5.506694e-08,5.351387e-08,5.232213e-08,5.492643e-08,5.417686e-08,5.331576e-08,5.456188e-08,5.380139e-08,5.351719e-08,5.607881e-08,5.497361e-08,
5.295855e-08,5.275838e-08,5.508888e-08,5.428634e-08,5.365538e-08,5.310865e-08,5.417068e-08,5.354498e-08,5.353608e-08,5.528297e-08,5.166318e-08,5.416645e-08,5.250146e-08,5.418458e-08,5.378743e-08,5.190759e-08,5.342915e-08,5.594620e-08,5.472191e-08,5.412796e-08,5.265176e-08,5.469126e-08,5.352467e-08,5.316857e-08,5.316036e-08,5.535190e-08,5.449877e-08,5.487784e-08,5.392567e-08,5.242915e-08,5.310748e-08,5.543456e-08,5.264798e-08,5.301391e-08,5.292995e-08,5.314121e-08,5.298738e-08,5.410466e-08,5.405008e-08,5.154790e-08,5.465639e-08,5.436831e-08,5.588842e-08,5.324723e-08,5.294453e-08,5.353338e-08,5.262944e-08,5.273013e-08,5.525625e-08,5.382823e-08,5.395352e-08,5.555280e-08,5.442478e-08,5.302855e-08,5.283647e-08,5.447637e-08,5.246481e-08,5.381239e-08,5.434789e-08,5.340886e-08,5.572166e-08,5.301152e-08,5.416996e-08,5.358635e-08,
5.292655e-08,5.235991e-08,5.299960e-08,5.249386e-08,5.278575e-08,5.180344e-08,5.485481e-08,5.438935e-08,5.240625e-08,5.223454e-08,5.374226e-08,5.292090e-08,5.375700e-08,5.243213e-08,5.241286e-08,5.375551e-08,5.368111e-08,5.295936e-08,5.634997e-08,5.282333e-08,5.207176e-08,5.536792e-08,5.393914e-08,5.359323e-08,5.306582e-08,5.318505e-08,5.556987e-08,5.429023e-08,5.503482e-08,5.366827e-08,5.311741e-08,5.578118e-08,5.486513e-08,5.404113e-08,5.323592e-08,5.349018e-08,5.311386e-08,5.421185e-08,5.651146e-08,5.325751e-08,5.466304e-08,5.312716e-08,5.360683e-08,5.323074e-08,5.530660e-08,5.395602e-08,5.354521e-08,5.495951e-08,5.438977e-08,5.294780e-08,5.345170e-08,5.396585e-08,5.304877e-08,5.361278e-08,5.391323e-08,5.459868e-08,5.221661e-08,5.260285e-08,5.409335e-08,5.160010e-08,5.357991e-08,5.207964e-08,5.431475e-08,5.358894e-08,
5.398498e-08,5.347221e-08,5.496487e-08,5.342369e-08,5.382464e-08,5.367153e-08,5.448969e-08,5.185775e-08,5.352277e-08,5.292090e-08,5.677457e-08,5.514909e-08,5.309888e-08,5.407961e-08,5.271448e-08,5.453317e-08,5.459928e-08,5.326260e-08,5.480973e-08,5.269408e-08,5.387599e-08,5.396635e-08,5.141752e-08,5.355433e-08,5.189347e-08,5.402682e-08,5.288620e-08,5.257763e-08,5.297520e-08,5.358755e-08,5.317335e-08,5.308205e-08,5.519057e-08,5.372323e-08,5.295455e-08,5.315443e-08,5.487299e-08,5.307692e-08,5.467929e-08,5.352611e-08,5.300517e-08,5.422559e-08,5.494417e-08,5.369337e-08,5.422523e-08,5.538809e-08,5.289227e-08,5.251027e-08,5.593358e-08,5.244493e-08,5.394367e-08,5.299496e-08,5.309770e-08,5.505762e-08,5.345706e-08,5.263410e-08,5.412814e-08,5.409720e-08,5.320010e-08,5.456558e-08,5.464958e-08,5.361119e-08,5.488415e-08,5.438680e-08,
5.322470e-08,5.370404e-08,5.382380e-08,5.342028e-08,5.330892e-08,5.344791e-08,5.434248e-08,5.354583e-08,5.342479e-08,5.216784e-08,5.416248e-08,5.333944e-08,5.344784e-08,5.367917e-08,5.552702e-08,5.274986e-08,5.549061e-08,5.444587e-08,5.365477e-08,5.360416e-08,5.387645e-08,5.322894e-08,5.372764e-08,5.391714e-08,5.380848e-08,5.453979e-08,5.363404e-08,5.528416e-08,5.256226e-08,5.491883e-08,5.291682e-08,5.359676e-08,5.292114e-08,5.416327e-08,5.357772e-08,5.323446e-08,5.434648e-08,5.257304e-08,5.310854e-08,5.397798e-08,5.399881e-08,5.359676e-08,5.257299e-08,5.528218e-08,5.106281e-08,5.364753e-08,5.485073e-08,5.369603e-08,5.182034e-08,5.376607e-08,5.434022e-08,5.327666e-08,5.490887e-08,5.556371e-08,5.339922e-08,5.469456e-08,5.289262e-08,5.336917e-08,5.435424e-08,5.337539e-08,5.164698e-08,5.111656e-08,5.474793e-08,5.382079e-08,
5.422896e-08,5.372376e-08,5.311964e-08,5.132202e-08,5.310777e-08,5.288705e-08,5.337048e-08,5.402992e-08,5.476607e-08,5.605398e-08,5.334335e-08,5.420348e-08,5.107595e-08,5.137704e-08,5.162830e-08,5.538197e-08,5.400925e-08,5.359475e-08,5.552023e-08,5.291446e-08,5.375943e-08,5.334344e-08,5.275169e-08,5.512019e-08,5.544784e-08,5.432788e-08,5.497804e-08,5.523940e-08,5.342564e-08,5.304549e-08,5.383985e-08,5.421237e-08,5.398370e-08,5.204392e-08,5.251793e-08,5.499635e-08,5.629919e-08,5.465408e-08,5.509270e-08,5.172199e-08,5.394557e-08,5.487078e-08,5.575941e-08,5.252270e-08,5.415607e-08,5.319245e-08,5.414875e-08,5.434395e-08,5.311182e-08,5.294275e-08,5.464803e-08,5.296515e-08,5.139993e-08,5.503785e-08,5.490296e-08,5.343717e-08,5.125673e-08,5.253043e-08,5.454830e-08,5.228513e-08,5.249979e-08,5.341674e-08,5.368031e-08,5.533175e-08,
5.423241e-08,5.367789e-08,5.437679e-08,5.391544e-08,5.332323e-08,5.236893e-08,5.246087e-08,5.290939e-08,5.187519e-08,5.328109e-08,5.396112e-08,5.494530e-08,5.324079e-08,5.449838e-08,5.198464e-08,5.449720e-08,5.314265e-08,5.407648e-08,5.325717e-08,5.399480e-08,5.410442e-08,5.162147e-08,5.317160e-08,5.292949e-08,5.296415e-08,5.334496e-08,5.285672e-08,5.299610e-08,5.325941e-08,5.331896e-08,5.131052e-08,5.365959e-08,5.298425e-08,5.088166e-08,5.331141e-08,5.268750e-08,5.473010e-08,5.439678e-08,5.385340e-08,5.530390e-08,5.423457e-08,5.424005e-08,5.470285e-08,5.528497e-08,5.477865e-08,5.380309e-08,5.366061e-08,5.627043e-08,5.523768e-08,5.288121e-08,5.310589e-08,5.253640e-08,5.305887e-08,5.304016e-08,5.487416e-08,5.401962e-08,5.483682e-08,5.428050e-08,5.518445e-08,5.407386e-08,5.286332e-08,5.164976e-08,5.424045e-08,5.399646e-08,
5.284496e-08,5.314545e-08,5.511258e-08,5.319144e-08,5.342671e-08,5.414407e-08,5.461399e-08,5.467196e-08,5.450615e-08,5.380783e-08,5.408974e-08,5.438176e-08,5.500257e-08,5.354984e-08,5.218172e-08,5.311892e-08,5.350836e-08,5.327821e-08,5.310200e-08,5.465326e-08,5.395982e-08,5.431053e-08,5.289680e-08,5.351070e-08,5.376668e-08,5.458653e-08,5.241683e-08,5.297155e-08,5.356131e-08,5.356750e-08,5.427803e-08,5.273851e-08,5.278013e-08,5.511205e-08,5.391617e-08,5.246629e-08,5.413017e-08,5.420155e-08,5.381863e-08,5.592277e-08,5.245271e-08,5.476686e-08,5.395752e-08,5.213484e-08,5.377868e-08,5.363963e-08,5.374514e-08,5.331753e-08,5.341514e-08,5.347583e-08,5.337195e-08,5.457989e-08,5.349287e-08,5.480293e-08,5.405000e-08,5.379474e-08,5.464049e-08,5.333619e-08,5.325154e-08,5.251883e-08,5.206245e-08,5.274961e-08,5.389364e-08,5.312817e-08,
5.390105e-08,5.178187e-08,5.479068e-08,5.502008e-08,5.398320e-08,5.388601e-08,5.382006e-08,5.360617e-08,5.225626e-08,5.487240e-08,5.467787e-08,5.286274e-08,5.330599e-08,5.563115e-08,5.375263e-08,5.359258e-08,5.340972e-08,5.589617e-08,5.377126e-08,5.291417e-08,5.303302e-08,5.547621e-08,5.472526e-08,5.152679e-08,5.354466e-08,5.363442e-08,5.377650e-08,5.514816e-08,5.374070e-08,5.266764e-08,5.416213e-08,5.286315e-08,5.398493e-08,5.363987e-08,5.258150e-08,5.311871e-08,5.282005e-08,5.339907e-08,5.395323e-08,5.356109e-08,5.419704e-08,5.421612e-08,5.539859e-08,5.372407e-08,5.588300e-08,5.401437e-08,5.388149e-08,5.373128e-08,5.339377e-08,5.296239e-08,5.298957e-08,5.447165e-08,5.408661e-08,5.430052e-08,5.300612e-08,5.332468e-08,5.452016e-08,5.371207e-08,5.438051e-08,5.451397e-08,5.229990e-08,5.195012e-08,5.563967e-08,5.322596e-08,
5.447016e-08,5.169165e-08,5.360357e-08,5.373185e-08,5.332228e-08,5.181435e-08,5.392678e-08,5.368196e-08,5.363247e-08,5.262022e-08,5.329450e-08,5.290452e-08,5.497665e-08,5.318864e-08,5.480899e-08,5.334346e-08,5.326863e-08,5.442559e-08,5.336312e-08,5.153894e-08,5.323855e-08,5.337279e-08,5.282851e-08,5.282229e-08,5.500775e-08,5.436787e-08,5.410855e-08,5.395192e-08,5.296409e-08,5.325729e-08,5.349938e-08,5.205308e-08,5.320134e-08,5.370005e-08,5.350285e-08,5.201544e-08,5.407248e-08,5.499667e-08,5.503446e-08,5.446858e-08,5.370108e-08,5.457025e-08,5.377291e-08,5.458281e-08,5.272373e-08,5.448400e-08,5.297157e-08,5.235556e-08,5.334155e-08,5.351284e-08,5.386004e-08,5.320875e-08,5.518379e-08,5.293853e-08,5.334184e-08,5.545195e-08,5.384585e-08,5.353669e-08,5.244749e-08,5.387760e-08,5.543857e-08,5.288676e-08,5.283075e-08,5.621797e-08,
5.573429e-08,5.435954e-08,5.492838e-08,5.534675e-08,5.238595e-08,5.356314e-08,5.384990e-08,5.401314e-08,5.544653e-08,5.444689e-08,5.626086e-08,5.509248e-08,5.409681e-08,5.328709e-08,5.307505e-08,5.405147e-08,5.302013e-08,5.434482e-08,5.509887e-08,5.364014e-08,5.476728e-08,5.229391e-08,5.183376e-08,5.360605e-08,5.333648e-08,5.377213e-08,5.140021e-08,5.247742e-08,5.451303e-08,5.437724e-08,5.406352e-08,5.254727e-08,5.022360e-08,5.296022e-08,5.226695e-08,5.310669e-08,5.314747e-08,5.280209e-08,5.310208e-08,5.351904e-08,5.387478e-08,5.413023e-08,5.479643e-08,5.283253e-08,5.306420e-08,5.268529e-08,5.312376e-08,5.385988e-08,5.405322e-08,5.409062e-08,5.427997e-08,5.275692e-08,5.393476e-08,5.331807e-08,5.269781e-08,5.420552e-08,5.472855e-08,5.474259e-08,5.334262e-08,5.388458e-08,5.346701e-08,5.245033e-08,5.501089e-08,5.395819e-08,
5.494327e-08,5.315952e-08,5.348784e-08,5.339748e-08,5.386359e-08,5.469492e-08,5.560769e-08,5.428179e-08,5.327644e-08,5.271597e-08,5.345577e-08,5.368031e-08,5.383346e-08,5.467358e-08,5.229042e-08,5.393193e-08,5.236845e-08,5.271485e-08,5.381956e-08,5.538972e-08,5.350287e-08,5.273327e-08,5.479163e-08,5.237287e-08,5.310712e-08,5.371945e-08,5.326205e-08,5.349594e-08,5.314995e-08,5.412478e-08,5.329580e-08,5.349301e-08,5.392260e-08,5.282034e-08,5.184619e-08,5.407153e-08,5.439926e-08,5.184111e-08,5.496080e-08,5.446034e-08,5.487917e-08,5.438673e-08,5.216574e-08,5.511911e-08,5.292399e-08,5.298534e-08,5.415032e-08,5.458765e-08,5.393502e-08,5.441190e-08,5.317175e-08,5.422446e-08,5.667583e-08,5.393045e-08,5.363426e-08,5.321704e-08,5.492806e-08,5.456396e-08,5.296084e-08,5.271937e-08,5.386155e-08,5.443912e-08,5.477343e-08,5.357302e-08,
5.207217e-08,5.371078e-08,5.299468e-08,5.375511e-08,5.407259e-08,5.465685e-08,5.405616e-08,5.430197e-08,5.394541e-08,5.251947e-08,5.369566e-08,5.576252e-08,5.310305e-08,5.376045e-08,5.513441e-08,5.175091e-08,5.446762e-08,5.459650e-08,5.329471e-08,5.360875e-08,5.381023e-08,5.548126e-08,5.372315e-08,5.203598e-08,5.289508e-08,5.294123e-08,5.277472e-08,5.403609e-08,5.547208e-08,5.483401e-08,5.321267e-08,5.301822e-08,5.162817e-08,5.287948e-08,5.335003e-08,5.508542e-08,5.576950e-08,5.411799e-08,5.431338e-08,5.346133e-08,5.450042e-08,5.335020e-08,5.221276e-08,5.452188e-08,5.557137e-08,5.330275e-08,5.410815e-08,5.411937e-08,5.446510e-08,5.429635e-08,5.477137e-08,5.368360e-08,5.417166e-08,5.384185e-08,5.516611e-08,5.355049e-08,5.408440e-08,5.361225e-08,5.306087e-08,5.582584e-08,5.283411e-08,5.411121e-08,5.248003e-08,5.474085e-08,
5.287157e-08,5.432239e-08,5.197768e-08,5.352207e-08,5.369151e-08,5.429369e-08,5.501341e-08,5.382586e-08,5.461588e-08,5.479462e-08,5.415445e-08,5.391295e-08,5.363357e-08,5.424729e-08,5.609858e-08,5.332779e-08,5.493254e-08,5.357274e-08,5.196983e-08,5.470412e-08,5.302062e-08,5.598511e-08,5.389740e-08,5.347293e-08,5.380876e-08,5.368787e-08,5.376483e-08,5.361979e-08,5.304329e-08,5.494189e-08,5.491948e-08,5.526228e-08,5.418940e-08,5.373699e-08,5.456628e-08,5.392302e-08,5.425027e-08,5.362476e-08,5.397132e-08,5.436080e-08,5.538663e-08,5.262234e-08,5.325140e-08,5.284120e-08,5.346894e-08,5.348074e-08,5.284901e-08,5.412990e-08,5.253434e-08,5.382253e-08,5.375484e-08,5.367841e-08,5.265339e-08,5.515333e-08,5.621163e-08,5.368367e-08,5.302821e-08,5.441725e-08,5.426267e-08,5.372477e-08,5.448088e-08,5.276116e-08,5.461825e-08,5.345977e-08,
5.475474e-08,5.296196e-08,5.288713e-08,5.373636e-08,5.422567e-08,5.342117e-08,5.286322e-08,5.465308e-08,5.355915e-08,5.327941e-08,5.351932e-08,5.308459e-08,5.317974e-08,5.394412e-08,5.361277e-08,5.479869e-08,5.435334e-08,5.484300e-08,5.370588e-08,5.356597e-08,5.420789e-08,5.458882e-08,5.367868e-08,5.241752e-08,5.372369e-08,5.374135e-08,5.377327e-08,5.510863e-08,5.301016e-08,5.391842e-08,5.232352e-08,5.312381e-08,5.375031e-08,5.498188e-08,5.335913e-08,5.373322e-08,5.346856e-08,5.416614e-08,5.368463e-08,5.474795e-08,5.320067e-08,5.404332e-08,5.512023e-08,5.347203e-08,5.318572e-08,5.363512e-08,5.329339e-08,5.228745e-08,5.355118e-08,5.343139e-08,5.334569e-08,5.133414e-08,5.258353e-08,5.376121e-08,5.477386e-08,5.478721e-08,5.436046e-08,5.508476e-08,5.472394e-08,5.428194e-08,5.341317e-08,5.317381e-08,5.288517e-08,5.367035e-08,
5.454912e-08,5.429588e-08,5.503617e-08,5.334051e-08,5.424351e-08,5.352253e-08,5.372688e-08,5.319680e-08,5.358075e-08,5.444862e-08,5.464591e-08,5.445564e-08,5.127471e-08,5.476242e-08,5.480015e-08,5.398844e-08,5.367899e-08,5.276508e-08,5.460087e-08,5.431320e-08,5.423837e-08,5.339093e-08,5.311429e-08,5.423105e-08,5.480657e-08,5.262619e-08,5.292259e-08,5.342991e-08,5.224387e-08,5.423007e-08,5.474638e-08,5.564478e-08,5.472893e-08,5.493611e-08,5.334592e-08,5.247932e-08,5.349046e-08,5.372635e-08,5.290826e-08,5.457612e-08,5.349503e-08,5.417347e-08,5.203952e-08,5.482098e-08,5.397406e-08,5.376920e-08,5.408731e-08,5.343076e-08,5.212899e-08,5.342617e-08,5.432123e-08,5.411396e-08,5.326755e-08,5.362573e-08,5.348089e-08,5.232694e-08,5.369169e-08,5.482692e-08,5.344372e-08,5.466986e-08,5.251199e-08,5.427931e-08,5.366579e-08,5.447961e-08,
5.368354e-08,5.415042e-08,5.321732e-08,5.552540e-08,5.329254e-08,5.260067e-08,5.598688e-08,5.184843e-08,5.476165e-08,5.441854e-08,5.316849e-08,5.347476e-08,5.362488e-08,5.202115e-08,5.137550e-08,5.454294e-08,5.437010e-08,5.365619e-08,5.330052e-08,5.392734e-08,5.377166e-08,5.450927e-08,5.465794e-08,5.317730e-08,5.426485e-08,5.399420e-08,5.378741e-08,5.442214e-08,5.382317e-08,5.596213e-08,5.432361e-08,5.404635e-08,5.535790e-08,5.341046e-08,5.284998e-08,5.323668e-08,5.228604e-08,5.415943e-08,5.519381e-08,5.201641e-08,5.208759e-08,5.464711e-08,5.349790e-08,5.492154e-08,5.352110e-08,5.376050e-08,5.406083e-08,5.292811e-08,5.326350e-08,5.399755e-08,5.302271e-08,5.311930e-08,5.309429e-08,5.422021e-08,5.402992e-08,5.254554e-08,5.241251e-08,5.194376e-08,5.439887e-08,5.403414e-08,5.337872e-08,5.302099e-08,5.346567e-08,5.468795e-08,
5.397352e-08,5.416494e-08,5.373702e-08,5.592879e-08,5.475849e-08,5.324690e-08,5.237363e-08,5.227334e-08,5.420633e-08,5.572947e-08,5.427946e-08,5.430425e-08,5.328340e-08,5.511287e-08,5.237536e-08,5.411539e-08,5.447230e-08,5.492885e-08,5.544736e-08,5.403378e-08,5.346543e-08,5.412143e-08,5.381867e-08,5.397155e-08,5.438092e-08,5.391040e-08,5.497762e-08,5.330542e-08,5.323823e-08,5.350438e-08,5.381915e-08,5.393848e-08,5.278036e-08,5.284843e-08,5.384280e-08,5.409786e-08,5.432323e-08,5.285932e-08,5.389513e-08,5.331005e-08,5.241374e-08,5.297271e-08,5.301743e-08,5.373924e-08,5.390407e-08,5.303948e-08,5.335521e-08,5.258635e-08,5.359343e-08,5.326739e-08,5.477775e-08,5.302320e-08,5.395675e-08,5.453958e-08,5.272757e-08,5.228412e-08,5.445953e-08,5.455197e-08,5.440174e-08,5.293675e-08,5.429078e-08,5.492170e-08,5.224816e-08,5.266756e-08,
5.167138e-08,5.413292e-08,5.427613e-08,5.345965e-08,5.306752e-08,5.223934e-08,5.378171e-08,5.454323e-08,5.199989e-08,5.547294e-08,5.350722e-08,5.243295e-08,5.336510e-08,5.375824e-08,5.460168e-08,5.212549e-08,5.448497e-08,5.399112e-08,5.411878e-08,5.285310e-08,5.372960e-08,5.423606e-08,5.429783e-08,5.467772e-08,5.657235e-08,5.350206e-08,5.281291e-08,5.294987e-08,5.243957e-08,5.267454e-08,5.160947e-08,5.417423e-08,5.594781e-08,5.632589e-08,5.318783e-08,5.565980e-08,5.425615e-08,5.267967e-08,5.188240e-08,5.357135e-08,5.324876e-08,5.343195e-08,5.238455e-08,5.281216e-08,5.333318e-08,5.550495e-08,5.542513e-08,5.433336e-08,5.459047e-08,5.220897e-08,5.445913e-08,5.382386e-08,5.375114e-08,5.359593e-08,5.372192e-08,5.427573e-08,5.178124e-08,5.320904e-08,5.451231e-08,5.298218e-08,5.390172e-08,5.329334e-08,5.234283e-08,5.403569e-08,
5.337928e-08,5.371639e-08,5.389458e-08,5.417029e-08,5.446035e-08,5.385003e-08,5.293281e-08,5.500594e-08,5.463720e-08,5.331634e-08,5.387317e-08,5.378710e-08,5.348609e-08,5.375593e-08,5.364564e-08,5.459658e-08,5.478810e-08,5.480836e-08,5.347156e-08,5.479256e-08,5.284164e-08,5.278005e-08,5.423982e-08,5.471898e-08,5.317777e-08,5.386253e-08,5.380519e-08,5.526568e-08,5.479965e-08,5.542504e-08,5.468486e-08,5.291142e-08,5.420875e-08,5.464059e-08,5.395119e-08,5.511486e-08,5.363596e-08,5.376510e-08,5.508988e-08,5.296766e-08,5.291751e-08,5.517098e-08,5.310757e-08,5.432582e-08,5.211951e-08,5.298510e-08,5.448300e-08,5.452240e-08,5.406288e-08,5.362945e-08,5.294012e-08,5.501720e-08,5.460286e-08,5.417972e-08,5.353874e-08,5.344722e-08,5.356942e-08,5.490929e-08,5.412574e-08,5.377083e-08,5.320120e-08,5.431661e-08,5.449713e-08,5.536104e-08,
5.325842e-08,5.261100e-08,5.329965e-08,5.369463e-08,5.275914e-08,5.228028e-08,5.428355e-08,5.235105e-08,5.373116e-08,5.443180e-08,5.405414e-08,5.510826e-08,5.516568e-08,5.178540e-08,5.440409e-08,5.335623e-08,5.382261e-08,5.393695e-08,5.310285e-08,5.455726e-08,5.297355e-08,5.393415e-08,5.444369e-08,5.331354e-08,5.499495e-08,5.100563e-08,5.609345e-08,5.357079e-08,5.531383e-08,5.341233e-08,5.356555e-08,5.428217e-08,5.314709e-08,5.290171e-08,5.487222e-08,5.385297e-08,5.489234e-08,5.353007e-08,5.161642e-08,5.472066e-08,5.498834e-08,5.387098e-08,5.445336e-08,5.535997e-08,5.276446e-08,5.503637e-08,5.314251e-08,5.392499e-08,5.458867e-08,5.263264e-08,5.419080e-08,5.372029e-08,5.175803e-08,5.451750e-08,5.394389e-08,5.395544e-08,5.482616e-08,5.425284e-08,5.271974e-08,5.405932e-08,5.471932e-08,5.279689e-08,5.486180e-08,5.342946e-08,
5.440693e-08,5.459290e-08,5.270327e-08,5.392809e-08,5.386701e-08,5.592719e-08,5.451939e-08,5.471750e-08,5.549487e-08,5.601055e-08,5.288573e-08,5.531433e-08,5.365973e-08,5.402456e-08,5.296032e-08,5.494470e-08,5.263651e-08,5.246470e-08,5.353235e-08,5.415489e-08,5.309012e-08,5.349283e-08,5.428361e-08,5.423521e-08,5.342433e-08,5.320200e-08,5.420901e-08,5.409432e-08,5.338041e-08,5.526585e-08,5.323318e-08,5.360997e-08,5.424474e-08,5.498378e-08,5.495666e-08,5.486252e-08,5.414354e-08,5.260538e-08,5.418726e-08,5.342164e-08,5.216164e-08,5.457357e-08,5.393302e-08,5.383123e-08,5.411617e-08,5.363233e-08,5.251458e-08,5.381901e-08,5.510239e-08,5.395553e-08,5.533063e-08,5.421699e-08,5.463293e-08,5.398646e-08,5.359035e-08,5.392785e-08,5.388719e-08,5.496167e-08,5.379009e-08,5.339532e-08,5.334183e-08,5.454892e-08,5.170734e-08,5.429518e-08,
5.298099e-08,5.365595e-08,5.376917e-08,5.412101e-08,5.396448e-08,5.310314e-08,5.278705e-08,5.346642e-08,5.260936e-08,5.388472e-08,5.378878e-08,5.374487e-08,5.284010e-08,5.306020e-08,5.452681e-08,5.355838e-08,5.389462e-08,5.338464e-08,5.410057e-08,5.447206e-08,5.500111e-08,5.174369e-08,5.644991e-08,5.476742e-08,5.439363e-08,5.381641e-08,5.214733e-08,5.285400e-08,5.269022e-08,5.454404e-08,5.470131e-08,5.550275e-08,5.296712e-08,5.404933e-08,5.302260e-08,5.492661e-08,5.313342e-08,5.214118e-08,5.480466e-08,5.375339e-08,5.427428e-08,5.407052e-08,5.403686e-08,5.501562e-08,5.492988e-08,5.216036e-08,5.458138e-08,5.419991e-08,5.343283e-08,5.478595e-08,5.432658e-08,5.455269e-08,5.420749e-08,5.245403e-08,5.342411e-08,5.248808e-08,5.310571e-08,5.378250e-08,5.373308e-08,5.447403e-08,5.327348e-08,5.624290e-08,5.423343e-08,5.408982e-08,
5.296842e-08,5.098352e-08,5.521821e-08,5.309145e-08,5.399282e-08,5.318754e-08,5.371151e-08,5.679981e-08,5.294754e-08,5.395821e-08,5.249911e-08,5.242191e-08,5.201815e-08,5.290278e-08,5.269913e-08,5.443074e-08,5.287775e-08,5.462236e-08,5.462168e-08,5.405390e-08,5.441172e-08,5.429532e-08,5.333510e-08,5.413067e-08,5.264561e-08,5.376362e-08,5.412185e-08,5.392438e-08,5.346347e-08,5.489021e-08,5.584513e-08,5.333240e-08,5.380782e-08,5.578842e-08,5.483167e-08,5.294461e-08,5.353036e-08,5.466681e-08,5.377083e-08,5.213806e-08,5.471993e-08,5.400776e-08,5.460142e-08,5.425404e-08,5.274216e-08,5.235805e-08,5.491990e-08,5.122978e-08,5.556927e-08,5.458275e-08,5.374302e-08,5.298010e-08,5.470567e-08,5.200765e-08,5.347284e-08,5.266284e-08,5.243567e-08,5.183323e-08,5.445186e-08,5.487327e-08,5.481575e-08,5.490567e-08,5.331615e-08,5.266164e-08,
5.300271e-08,5.422954e-08,5.328447e-08,5.317823e-08,5.401383e-08,5.362424e-08,5.271977e-08,5.356052e-08,5.454404e-08,5.425707e-08,5.304342e-08,5.382784e-08,5.315273e-08,5.432665e-08,5.296286e-08,5.555018e-08,5.462335e-08,5.413453e-08,5.328347e-08,5.438009e-08,5.358823e-08,5.364910e-08,5.551937e-08,5.237213e-08,5.269295e-08,5.263552e-08,5.340908e-08,5.549194e-08,5.509545e-08,5.394628e-08,5.425241e-08,5.395963e-08,5.263631e-08,5.574212e-08,5.434818e-08,5.317267e-08,5.235397e-08,5.368094e-08,5.385982e-08,5.440510e-08,5.467908e-08,5.367960e-08,5.278801e-08,5.257309e-08,5.479724e-08,5.435205e-08,5.490106e-08,5.408703e-08,5.405454e-08,5.558772e-08,5.567903e-08,5.431738e-08,5.486296e-08,5.321911e-08,5.246510e-08,5.406773e-08,5.441152e-08,5.479608e-08,5.250594e-08,5.455057e-08,5.483701e-08,5.456055e-08,5.213228e-08,5.330991e-08,
5.557437e-08,5.449023e-08,5.259551e-08,5.341253e-08,5.295517e-08,5.370713e-08,5.413124e-08,5.255493e-08,5.331758e-08,5.311213e-08,5.177409e-08,5.274378e-08,5.533432e-08,5.129677e-08,5.336038e-08,5.287417e-08,5.450314e-08,5.445240e-08,5.401092e-08,5.304908e-08,5.239692e-08,5.296813e-08,5.270798e-08,5.395092e-08,5.306453e-08,5.342413e-08,5.406112e-08,5.188142e-08,5.398150e-08,5.375260e-08,5.254467e-08,5.505574e-08,5.378557e-08,5.236465e-08,5.339146e-08,5.353604e-08,5.449895e-08,5.441637e-08,5.381310e-08,5.494801e-08,5.189488e-08,5.322131e-08,5.384698e-08,5.209447e-08,5.366988e-08,5.496143e-08,5.468199e-08,5.519816e-08,5.281598e-08,5.253926e-08,5.485990e-08,5.361413e-08,5.494631e-08,5.173011e-08,5.440635e-08,5.260795e-08,5.278784e-08,5.335280e-08,5.268119e-08,5.528673e-08,5.429978e-08,5.636216e-08,5.480700e-08,5.145316e-08,
5.436597e-08,5.328454e-08,5.250603e-08,5.355641e-08,5.362979e-08,5.415517e-08,5.383122e-08,5.253528e-08,5.287105e-08,5.206719e-08,5.526483e-08,5.368080e-08,5.339844e-08,5.357665e-08,5.263161e-08,5.376556e-08,5.325853e-08,5.493443e-08,5.383177e-08,5.419352e-08,5.422801e-08,5.372546e-08,5.275434e-08,5.536137e-08,5.312840e-08,5.467217e-08,5.519711e-08,5.374064e-08,5.449343e-08,5.409996e-08,5.400182e-08,5.410462e-08,5.245311e-08,5.197889e-08,5.373017e-08,5.408254e-08,5.325817e-08,5.438188e-08,5.477015e-08,5.437895e-08,5.214252e-08,5.385139e-08,5.484216e-08,5.416736e-08,5.399892e-08,5.298933e-08,5.422015e-08,5.346844e-08,5.204858e-08,5.500959e-08,5.313741e-08,5.383287e-08,5.477676e-08,5.381415e-08,5.252287e-08,5.457275e-08,5.490248e-08,5.418127e-08,5.249400e-08,5.451187e-08,5.373130e-08,5.368944e-08,5.418635e-08,5.290978e-08,
5.166103e-08,5.204657e-08,5.434613e-08,5.468311e-08,5.582315e-08,5.488387e-08,5.512925e-08,5.393742e-08,5.271008e-08,5.185357e-08,5.588772e-08,5.281278e-08,5.444844e-08,5.416227e-08,5.591942e-08,5.374721e-08,5.580527e-08,5.349945e-08,5.253835e-08,5.288151e-08,5.558014e-08,5.431762e-08,5.164539e-08,5.352415e-08,5.415476e-08,5.309009e-08,5.326146e-08,5.435940e-08,5.373124e-08,5.312084e-08,5.413285e-08,5.459986e-08,5.392932e-08,5.388072e-08,5.322554e-08,5.226642e-08,5.431840e-08,5.453646e-08,5.507012e-08,5.206452e-08,5.316195e-08,5.358797e-08,5.279453e-08,5.541296e-08,5.233871e-08,5.479570e-08,5.455532e-08,5.321204e-08,5.326137e-08,5.396809e-08,5.375376e-08,5.502960e-08,5.443968e-08,5.178667e-08,5.392806e-08,5.351481e-08,5.517469e-08,5.566848e-08,5.461386e-08,5.482007e-08,5.320940e-08,5.354819e-08,5.419169e-08,5.307811e-08,
5.250137e-08,5.271212e-08,5.283417e-08,5.294271e-08,5.371836e-08,5.316292e-08,5.197586e-08,5.479481e-08,5.422952e-08,5.484583e-08,5.277327e-08,5.532553e-08,5.402647e-08,5.178787e-08,5.299975e-08,5.371636e-08,5.423508e-08,5.288280e-08,5.377875e-08,5.527947e-08,5.280253e-08,5.558717e-08,5.211931e-08,5.333440e-08,5.560252e-08,5.495732e-08,5.278997e-08,5.468899e-08,5.428615e-08,5.335777e-08,5.265522e-08,5.479839e-08,5.343225e-08,5.361198e-08,5.237329e-08,5.401544e-08,5.503576e-08,5.348783e-08,5.366491e-08,5.503246e-08,5.362448e-08,5.178022e-08,5.338864e-08,5.345410e-08,5.284159e-08,5.421083e-08,5.357226e-08,5.369696e-08,5.515035e-08,5.447513e-08,5.253620e-08,5.356449e-08,5.240652e-08,5.675996e-08,5.391322e-08,5.305821e-08,5.416827e-08,5.353980e-08,5.419545e-08,5.616627e-08,5.296748e-08,5.510888e-08,5.435140e-08,5.429352e-08,
5.400304e-08,5.184030e-08,5.416635e-08,5.356099e-08,5.345877e-08,5.420965e-08,5.342648e-08,5.473898e-08,5.319041e-08,5.555885e-08,5.479412e-08,5.262735e-08,5.358043e-08,5.562714e-08,5.369058e-08,5.403419e-08,5.438658e-08,5.467575e-08,5.412012e-08,5.447969e-08,5.343733e-08,5.419254e-08,5.430232e-08,5.570266e-08,5.453589e-08,5.557030e-08,5.437882e-08,5.409851e-08,5.314158e-08,5.304663e-08,5.289715e-08,5.331996e-08,5.356269e-08,5.437983e-08,5.278067e-08,5.162584e-08,5.176474e-08,5.438106e-08,5.218264e-08,5.305411e-08,5.398184e-08,5.292579e-08,5.404672e-08,5.289515e-08,5.503654e-08,5.126293e-08,5.393423e-08,5.412441e-08,5.429937e-08,5.325989e-08,5.406445e-08,5.380657e-08,5.355902e-08,5.265716e-08,5.240597e-08,5.368837e-08,5.384989e-08,5.401262e-08,5.400283e-08,5.275972e-08,5.253521e-08,5.370931e-08,5.397382e-08,5.290058e-08,
5.305856e-08,5.506452e-08,5.428352e-08,5.308253e-08,5.463310e-08,5.250284e-08,5.284885e-08,5.325473e-08,5.282755e-08,5.354082e-08,5.363897e-08,5.437251e-08,5.517248e-08,5.226909e-08,5.294877e-08,5.463982e-08,5.483795e-08,5.461243e-08,5.366566e-08,5.575354e-08,5.277647e-08,5.411568e-08,5.376617e-08,5.409937e-08,5.443080e-08,5.501145e-08,5.480113e-08,5.378512e-08,5.328068e-08,5.321069e-08,5.520945e-08,5.213352e-08,5.318091e-08,5.402866e-08,5.281115e-08,5.342393e-08,5.458789e-08,5.371127e-08,5.360403e-08,5.317896e-08,5.366725e-08,5.453434e-08,5.374646e-08,5.346266e-08,5.466320e-08,5.368782e-08,5.320553e-08,5.379450e-08,5.382646e-08,5.460793e-08,5.387797e-08,5.281486e-08,5.238207e-08,5.411561e-08,5.572597e-08,5.465523e-08,5.530423e-08,5.257496e-08,5.401226e-08,5.467496e-08,5.403962e-08,5.393296e-08,5.557938e-08,5.285727e-08,
5.454668e-08,5.328500e-08,5.338595e-08,5.507148e-08,5.430283e-08,5.301940e-08,5.272913e-08,5.309439e-08,5.409357e-08,5.428934e-08,5.278183e-08,5.438326e-08,5.417369e-08,5.420522e-08,5.339210e-08,5.477281e-08,5.388444e-08,5.450292e-08,5.322265e-08,5.606392e-08,5.321589e-08,5.146501e-08,5.463998e-08,5.458748e-08,5.353453e-08,5.358131e-08,5.260034e-08,5.394510e-08,5.336213e-08,5.477618e-08,5.398012e-08,5.496539e-08,5.527812e-08,5.412034e-08,5.399822e-08,5.407256e-08,5.222120e-08,5.369552e-08,5.341859e-08,5.318759e-08,5.294799e-08,5.458710e-08,5.410977e-08,5.320187e-08,5.393526e-08,5.255208e-08,5.535204e-08,5.465621e-08,5.423752e-08,5.472843e-08,5.377809e-08,5.157748e-08,5.613207e-08,5.350248e-08,5.449361e-08,5.505749e-08,5.309147e-08,5.289838e-08,5.517321e-08,5.581471e-08,5.421650e-08,5.325523e-08,5.358181e-08,5.440202e-08,
5.177735e-08,5.272918e-08,5.350127e-08,5.377952e-08,5.357507e-08,5.339271e-08,5.504585e-08,5.437690e-08,5.502515e-08,5.560521e-08,5.086545e-08,5.418600e-08,5.246642e-08,5.360625e-08,5.497806e-08,5.490199e-08,5.435459e-08,5.435715e-08,5.367514e-08,5.282683e-08,5.488796e-08,5.383017e-08,5.482696e-08,5.274493e-08,5.244980e-08,5.375628e-08,5.266152e-08,5.260576e-08,5.183587e-08,5.421823e-08,5.472073e-08,5.364791e-08,5.448064e-08,5.397093e-08,5.523767e-08,5.413200e-08,5.425744e-08,5.455599e-08,5.503146e-08,5.328506e-08,5.324952e-08,5.366047e-08,5.398549e-08,5.358789e-08,5.523717e-08,5.396318e-08,5.387401e-08,5.315268e-08,5.419579e-08,5.372766e-08,5.582000e-08,5.444302e-08,5.335155e-08,5.453209e-08,5.376628e-08,5.251257e-08,5.289725e-08,5.515808e-08,5.518446e-08,5.209471e-08,5.389813e-08,5.404208e-08,5.484540e-08,5.222597e-08,
5.115228e-08,5.329123e-08,5.341072e-08,5.401680e-08,5.441657e-08,5.232605e-08,5.473712e-08,5.495585e-08,5.496326e-08,5.539182e-08,5.604552e-08,5.213972e-08,5.597753e-08,5.206105e-08,5.451248e-08,5.256692e-08,5.416447e-08,5.528310e-08,5.254113e-08,5.323231e-08,5.514316e-08,5.151587e-08,5.398963e-08,5.317453e-08,5.259186e-08,5.372886e-08,5.366050e-08,5.444077e-08,5.461958e-08,5.308801e-08,5.430301e-08,5.198748e-08,5.266109e-08,5.329371e-08,5.514501e-08,5.721727e-08,5.330416e-08,5.544917e-08,5.464569e-08,5.388170e-08,5.328129e-08,5.335912e-08,5.497873e-08,5.192482e-08,5.459242e-08,5.485610e-08,5.284251e-08,5.406828e-08,5.428638e-08,5.323739e-08,5.555890e-08,5.462073e-08,5.369220e-08,5.451988e-08,5.557336e-08,5.276524e-08,5.406548e-08,5.407756e-08,5.456615e-08,5.271441e-08,5.315263e-08,5.383247e-08,5.491319e-08,5.316578e-08,
5.334202e-08,5.233172e-08,5.430616e-08,5.430168e-08,5.522125e-08,5.333779e-08,5.318719e-08,5.320203e-08,5.232537e-08,5.180531e-08,5.435325e-08,5.570818e-08,5.424572e-08,5.395550e-08,5.529780e-08,5.226004e-08,5.330281e-08,5.214077e-08,5.548981e-08,5.434900e-08,5.451599e-08,5.377820e-08,5.512001e-08,5.466410e-08,5.449485e-08,5.260628e-08,5.350497e-08,5.396324e-08,5.339701e-08,5.405951e-08,5.356529e-08,5.462855e-08,5.351448e-08,5.381952e-08,5.353340e-08,5.510936e-08,5.315021e-08,5.451938e-08,5.655754e-08,5.423439e-08,5.534666e-08,5.239662e-08,5.325455e-08,5.349886e-08,5.341305e-08,5.454691e-08,5.617135e-08,5.362907e-08,5.367447e-08,5.453439e-08,5.341195e-08,5.327865e-08,5.292932e-08,5.269026e-08,5.507142e-08,5.493006e-08,5.420469e-08,5.425369e-08,5.389088e-08,5.470582e-08,5.445855e-08,5.470975e-08,5.295591e-08,5.277914e-08,
5.269267e-08,5.293842e-08,5.409558e-08,5.291757e-08,5.412646e-08,5.257364e-08,5.422967e-08,5.313976e-08,5.527965e-08,5.245504e-08,5.220112e-08,5.313168e-08,5.388105e-08,5.467297e-08,5.395145e-08,5.262465e-08,5.145039e-08,5.440096e-08,5.372176e-08,5.380985e-08,5.540792e-08,5.449185e-08,5.431582e-08,5.496419e-08,5.421612e-08,5.412727e-08,5.322680e-08,5.212094e-08,5.238835e-08,5.449342e-08,5.363316e-08,5.239323e-08,5.314307e-08,5.227454e-08,5.404597e-08,5.326574e-08,5.320017e-08,5.305211e-08,5.413670e-08,5.411816e-08,5.381970e-08,5.259649e-08,5.437550e-08,5.339473e-08,5.380867e-08,5.186544e-08,5.197731e-08,5.390271e-08,5.330823e-08,5.296557e-08,5.179250e-08,5.380753e-08,5.306508e-08,5.260995e-08,5.542030e-08,5.457429e-08,5.445294e-08,5.357430e-08,5.423189e-08,5.457742e-08,5.326294e-08,5.321537e-08,5.256541e-08,5.341496e-08,
5.484264e-08,5.360135e-08,5.452026e-08,5.280216e-08,5.165674e-08,5.290545e-08,5.330049e-08,5.376653e-08,5.368491e-08,5.323697e-08,5.484073e-08,5.500634e-08,5.319672e-08,5.677741e-08,5.319795e-08,5.380753e-08,5.427678e-08,5.360355e-08,5.272112e-08,5.412873e-08,5.117812e-08,5.465610e-08,5.320667e-08,5.509239e-08,5.495449e-08,5.185036e-08,5.331816e-08,5.542503e-08,5.350506e-08,5.408033e-08,5.347267e-08,5.325328e-08,5.399908e-08,5.504763e-08,5.376341e-08,5.439685e-08,5.456383e-08,5.481412e-08,5.358462e-08,5.455080e-08,5.438649e-08,5.440985e-08,5.256377e-08,5.232949e-08,5.472038e-08,5.261551e-08,5.246507e-08,5.436789e-08,5.324071e-08,5.347237e-08,5.327853e-08,5.377137e-08,5.383588e-08,5.343344e-08,5.269887e-08,5.356473e-08,5.178798e-08,5.541743e-08,5.368046e-08,5.347766e-08,5.434291e-08,5.342476e-08,5.379711e-08,5.441075e-08,
5.317883e-08,5.489815e-08,5.383955e-08,5.280350e-08,5.535909e-08,5.448205e-08,5.403670e-08,5.401631e-08,5.436969e-08,5.413157e-08,5.516979e-08,5.616110e-08,5.380849e-08,5.464695e-08,5.495199e-08,5.472979e-08,5.332479e-08,5.424900e-08,5.388538e-08,5.432312e-08,5.481931e-08,5.673359e-08,5.187518e-08,5.581393e-08,5.399049e-08,5.375817e-08,5.378642e-08,5.432874e-08,5.440391e-08,5.175825e-08,5.473503e-08,5.428536e-08,5.325613e-08,5.263961e-08,5.488892e-08,5.442594e-08,5.467631e-08,5.396042e-08,5.400715e-08,5.394573e-08,5.422945e-08,5.501622e-08,5.401001e-08,5.449972e-08,5.482277e-08,5.146102e-08,5.405341e-08,5.337185e-08,5.351980e-08,5.515444e-08,5.233559e-08,5.388469e-08,5.420592e-08,5.612513e-08,5.342950e-08,5.469127e-08,5.280358e-08,5.268062e-08,5.333726e-08,5.384234e-08,5.527902e-08,5.179647e-08,5.423407e-08,5.297288e-08,
5.458022e-08,5.425275e-08,5.430755e-08,5.422595e-08,5.388306e-08,5.358003e-08,5.354450e-08,5.562577e-08,5.460584e-08,5.265210e-08,5.233534e-08,5.292751e-08,5.321133e-08,5.430850e-08,5.444127e-08,5.454579e-08,5.516781e-08,5.473990e-08,5.439657e-08,5.374221e-08,5.292497e-08,5.386560e-08,5.362179e-08,5.415518e-08,5.380034e-08,5.442891e-08,5.438396e-08,5.624748e-08,5.447033e-08,5.382627e-08,5.360329e-08,5.407980e-08,5.390420e-08,5.283452e-08,5.496705e-08,5.415981e-08,5.260009e-08,5.429028e-08,5.321896e-08,5.253480e-08,5.396133e-08,5.417583e-08,5.322555e-08,5.331412e-08,5.356362e-08,5.634170e-08,5.481945e-08,5.459964e-08,5.437170e-08,5.303727e-08,5.384593e-08,5.492676e-08,5.415704e-08,5.385162e-08,5.388725e-08,5.298764e-08,5.389063e-08,5.529395e-08,5.465010e-08,5.279524e-08,5.341838e-08,5.389163e-08,5.360858e-08,5.283268e-08,
5.322889e-08,5.525711e-08,5.401529e-08,5.333838e-08,5.425468e-08,5.436703e-08,5.419405e-08,5.598123e-08,5.393993e-08,5.343126e-08,5.253969e-08,5.429398e-08,5.296850e-08,5.437791e-08,5.412799e-08,5.458725e-08,5.217499e-08,5.315162e-08,5.421711e-08,5.360655e-08,5.582076e-08,5.363573e-08,5.296315e-08,5.261155e-08,5.323165e-08,5.519103e-08,5.319133e-08,5.297123e-08,5.138127e-08,5.363252e-08,5.298546e-08,5.453508e-08,5.269170e-08,5.295013e-08,5.429405e-08,5.375995e-08,5.252638e-08,5.343793e-08,5.272739e-08,5.367319e-08,5.469170e-08,5.578398e-08,5.424251e-08,5.247457e-08,5.476391e-08,5.177587e-08,5.369510e-08,5.361422e-08,5.146986e-08,5.349549e-08,5.431930e-08,5.387461e-08,5.331954e-08,5.322671e-08,5.380863e-08,5.367172e-08,5.266257e-08,5.376154e-08,5.532313e-08,5.304659e-08,5.582152e-08,5.402138e-08,5.407564e-08,5.404337e-08,
5.191005e-08,5.353957e-08,5.331204e-08,5.337088e-08,5.286411e-08,5.503715e-08,5.525848e-08,5.326951e-08,5.501077e-08,5.446998e-08,5.456345e-08,5.461134e-08,5.408784e-08,5.339178e-08,5.450327e-08,5.329015e-08,5.267382e-08,5.387176e-08,5.419315e-08,5.445533e-08,5.373561e-08,5.421154e-08,5.454619e-08,5.414802e-08,5.510334e-08,5.544524e-08,5.280223e-08,5.683669e-08,5.076885e-08,5.338678e-08,5.566743e-08,5.457872e-08,5.491813e-08,5.477673e-08,5.240295e-08,5.472579e-08,5.446320e-08,5.460497e-08,5.367581e-08,5.326553e-08,5.394228e-08,5.423280e-08,5.329409e-08,5.345100e-08,5.394621e-08,5.412152e-08,5.352486e-08,5.217730e-08,5.302722e-08,5.386181e-08,5.251680e-08,5.514169e-08,5.351479e-08,5.430632e-08,5.447957e-08,5.200953e-08,5.245800e-08,5.470986e-08,5.431506e-08,5.435206e-08,5.442094e-08,5.328831e-08,5.404637e-08,5.273980e-08,
5.566238e-08,5.317891e-08,5.343668e-08,5.344142e-08,5.297369e-08,5.530899e-08,5.259741e-08,5.399645e-08,5.484627e-08,5.381850e-08,5.342543e-08,5.330650e-08,5.288390e-08,5.431998e-08,5.267284e-08,5.367634e-08,5.350009e-08,5.433682e-08,5.338020e-08,5.323522e-08,5.282834e-08,5.498941e-08,5.472876e-08,5.479314e-08,5.434216e-08,5.261656e-08,5.485848e-08,5.472147e-08,5.330799e-08,5.514015e-08,5.399755e-08,5.406901e-08,5.315380e-08,5.318432e-08,5.426835e-08,5.354108e-08,5.108002e-08,5.334512e-08,5.258544e-08,5.482175e-08,5.362403e-08,5.522472e-08,5.312114e-08,5.236590e-08,5.412826e-08,5.288450e-08,5.311392e-08,5.351223e-08,5.404003e-08,5.278205e-08,5.455758e-08,5.526468e-08,5.354362e-08,5.091893e-08,5.325808e-08,5.435911e-08,5.336146e-08,5.471835e-08,5.321908e-08,5.364237e-08,5.444711e-08,5.454172e-08,5.498421e-08,5.408783e-08,
5.438418e-08,5.395972e-08,5.366442e-08,5.440338e-08,5.354627e-08,5.393459e-08,5.420114e-08,5.402067e-08,5.306309e-08,5.438258e-08,5.398887e-08,5.457216e-08,5.568214e-08,5.198611e-08,5.569706e-08,5.490289e-08,5.390254e-08,5.361847e-08,5.445400e-08,5.324409e-08,5.295431e-08,5.405747e-08,5.328853e-08,5.374014e-08,5.318999e-08,5.336135e-08,5.326403e-08,5.526778e-08,5.104740e-08,5.366973e-08,5.292136e-08,5.371697e-08,5.331591e-08,5.341694e-08,5.357607e-08,5.468334e-08,5.414898e-08,5.478791e-08,5.257530e-08,5.282520e-08,5.351791e-08,5.270612e-08,5.258699e-08,5.408885e-08,5.355064e-08,5.485824e-08,5.338594e-08,5.410054e-08,5.422183e-08,5.234997e-08,5.182069e-08,5.227883e-08,5.336321e-08,5.401424e-08,5.412415e-08,5.397759e-08,5.533631e-08,5.544964e-08,5.408756e-08,5.321523e-08,5.322875e-08,5.430723e-08,5.406331e-08,5.294968e-08,
5.397893e-08,5.446533e-08,5.286235e-08,5.569082e-08,5.308335e-08,5.392376e-08,5.503873e-08,5.421171e-08,5.407959e-08,5.387268e-08,5.461527e-08,5.266014e-08,5.472580e-08,5.341603e-08,5.317920e-08,5.319668e-08,5.380635e-08,5.378168e-08,5.203659e-08,5.388453e-08,5.351024e-08,5.324118e-08,5.393961e-08,5.388305e-08,5.386505e-08,5.607791e-08,5.225171e-08,5.254502e-08,5.291899e-08,5.274441e-08,5.547983e-08,5.232490e-08,5.383427e-08,5.608922e-08,5.471705e-08,5.473536e-08,5.381949e-08,5.423117e-08,5.250389e-08,5.337407e-08,5.301344e-08,5.355830e-08,5.390385e-08,5.538690e-08,5.275758e-08,5.413632e-08,5.402479e-08,5.419813e-08,5.486484e-08,5.439685e-08,5.212784e-08,5.271860e-08,5.181905e-08,5.250111e-08,5.462990e-08,5.356287e-08,5.482155e-08,5.278140e-08,5.211445e-08,5.417025e-08,5.551275e-08,5.402485e-08,5.460687e-08,5.331489e-08,
===
6.727714e-08,6.733878e-08,6.644558e-08,6.702943e-08,6.729252e-08,6.742169e-08,6.669532e-08,6.807129e-08,6.762181e-08,6.636629e-08,6.907249e-08,6.879360e-08,6.519754e-08,6.628456e-08,6.511028e-08,6.716521e-08,6.746640e-08,6.551475e-08,6.687788e-08,6.589123e-08,6.954118e-08,6.659400e-08,6.777616e-08,6.728538e-08,6.650804e-08,6.787420e-08,6.762992e-08,6.574326e-08,6.589139e-08,7.047336e-08,6.619092e-08,6.794694e-08,6.606715e-08,6.791141e-08,6.761887e-08,6.825596e-08,6.554686e-08,6.738232e-08,6.739559e-08,6.761486e-08,6.613617e-08,6.662877e-08,6.590524e-08,6.669297e-08,6.554242e-08,6.785583e-08,6.864127e-08,6.664952e-08,6.790642e-08,6.702350e-08,6.583063e-08,6.515056e-08,6.883027e-08,6.748879e-08,6.640793e-08,6.703142e-08,6.689639e-08,6.670408e-08,6.616529e-08,6.624484e-08,6.649851e-08,6.624273e-08,6.660052e-08,6.469495e-08,
6.591577e-08,6.673337e-08,6.680155e-08,6.659064e-08,6.597752e-08,6.670534e-08,6.742023e-08,6.574168e-08,6.561922e-08,6.648173e-08,6.629444e-08,6.780631e-08,6.869716e-08,6.590400e-08,6.699904e-08,6.712392e-08,6.844993e-08,6.623838e-08,6.818441e-08,6.697556e-08,6.588787e-08,6.622831e-08,6.763554e-08,6.798501e-08,6.760264e-08,6.672309e-08,6.590524e-08,6.810875e-08,6.740638e-08,6.569382e-08,6.667701e-08,6.573811e-08,6.779932e-08,6.640146e-08,6.728462e-08,6.745382e-08,6.615435e-08,6.709749e-08,6.615927e-08,6.607677e-08,6.584043e-08,6.539410e-08,6.688499e-08,6.662811e-08,6.543042e-08,6.657832e-08,6.638186e-08,6.703647e-08,6.703393e-08,6.591485e-08,6.713242e-08,6.711006e-08,6.569384e-08,6.730191e-08,6.728454e-08,6.607267e-08,6.601351e-08,6.622023e-08,6.714543e-08,6.664947e-08,6.831974e-08,6.610907e-08,6.938299e-08,6.632394e-08,
6.716431e-08,6.605555e-08,6.783456e-08,6.614413e-08,6.658126e-08,6.778387e-08,6.593073e-08,6.639777e-08,6.657739e-08,6.691921e-08,6.600018e-08,6.607255e-08,6.579121e-08,6.650476e-08,6.482156e-08,6.681224e-08,6.509748e-08,6.716800e-08,6.444146e-08,6.445610e-08,6.718129e-08,6.598657e-08,6.624918e-08,6.767175e-08,6.968237e-08,6.667994e-08,6.671394e-08,6.747890e-08,6.843712e-08,6.718277e-08,6.861337e-08,6.629106e-08,6.562301e-08,6.524287e-08,6.806893e-08,6.604034e-08,6.543916e-08,6.738308e-08,6.743303e-08,6.600942e-08,6.904644e-08,6.591906e-08,6.741427e-08,6.708098e-08,6.384590e-08,6.758372e-08,6.680135e-08,6.589449e-08,6.773919e-08,6.808715e-08,6.656855e-08,6.705475e-08,6.687597e-08,6.706313e-08,6.719353e-08,6.566619e-08,6.475006e-08,6.738951e-08,6.632998e-08,6.597655e-08,6.668301e-08,6.620135e-08,6.611102e-08,6.788041e-08,
6.677129e-08,6.591919e-08,6.636090e-08,6.609170e-08,6.665290e-08,6.783701e-08,6.613683e-08,6.750046e-08,6.735210e-08,6.608103e-08,6.697012e-08,6.710098e-08,6.687002e-08,6.712220e-08,6.640686e-08,6.548539e-08,6.671179e-08,6.909795e-08,6.698260e-08,6.698271e-08,6.605434e-08,6.685969e-08,6.749309e-08,6.769053e-08,6.667664e-08,6.908212e-08,6.577293e-08,6.823743e-08,6.757592e-08,6.548702e-08,6.606689e-08,6.673265e-08,6.732259e-08,6.730497e-08,6.685013e-08,6.569215e-08,6.569573e-08,6.777990e-08,6.762642e-08,6.649941e-08,6.833150e-08,6.737191e-08,6.813297e-08,6.499050e-08,6.612039e-08,6.790099e-08,6.623275e-08,6.790899e-08,6.755233e-08,6.631673e-08,6.851058e-08,6.548132e-08,6.813152e-08,6.501488e-08,6.778177e-08,6.516147e-08,6.698317e-08,6.541201e-08,6.697474e-08,6.628300e-08,6.826771e-08,6.635764e-08,6.697148e-08,6.625969e-08,
6.540693e-08,6.691905e-08,6.761323e-08,6.799139e-08,6.593483e-08,6.779416e-08,6.599315e-08,6.753520e-08,6.597927e-08,6.776276e-08,6.505352e-08,6.825395e-08,6.587988e-08,6.695662e-08,6.803617e-08,6.834172e-08,6.608074e-08,6.679660e-08,6.756855e-08,6.651704e-08,6.596149e-08,6.693103e-08,6.626463e-08,6.677462e-08,6.810236e-08,6.691563e-08,6.685234e-08,6.795392e-08,6.749753e-08,6.614088e-08,6.678782e-08,6.534783e-08,6.707862e-08,6.819337e-08,6.708145e-08,6.504612e-08,6.705942e-08,6.815210e-08,6.830895e-08,6.748580e-08,6.662802e-08,6.649072e-08,6.664665e-08,6.747706e-08,6.552859e-08,6.745416e-08,6.904426e-08,6.721605e-08,6.701953e-08,6.674372e-08,6.634294e-08,6.693594e-08,6.821628e-08,6.616609e-08,6.674231e-08,6.611839e-08,6.715964e-08,6.701889e-08,6.464930e-08,6.567633e-08,6.579014e-08,6.599141e-08,6.831732e-08,6.579113e-08,
6.670596e-08,6.664946e-08,6.606670e-08,6.712354e-08,6.724820e-08,6.549421e-08,6.642802e-08,6.675500e-08,6.651479e-08,6.579077e-08,6.662363e-08,6.698242e-08,6.763928e-08,6.860424e-08,6.624554e-08,6.719472e-08,6.585918e-08,6.616853e-08,6.682495e-08,6.552546e-08,6.696520e-08,6.685162e-08,6.718651e-08,6.725004e-08,6.628195e-08,6.525113e-08,6.885602e-08,6.771706e-08,6.713833e-08,6.875517e-08,6.618505e-08,6.416756e-08,6.466796e-08,6.703190e-08,6.733713e-08,6.615218e-08,6.473224e-08,6.754897e-08,6.491137e-08,6.625716e-08,6.940228e-08,6.765991e-08,6.590537e-08,6.693125e-08,6.779913e-08,6.598151e-08,6.807970e-08,6.542328e-08,6.714715e-08,6.695177e-08,6.598659e-08,6.665438e-08,6.684235e-08,6.627456e-08,6.680241e-08,6.621392e-08,6.578852e-08,6.885760e-08,6.714026e-08,6.663277e-08,6.570016e-08,6.723320e-08,6.672947e-08,6.769628e-08,
6.798385e-08,6.611656e-08,6.614570e-08,6.619323e-08,6.580432e-08,6.680068e-08,6.630402e-08,6.800230e-08,6.672789e-08,6.607087e-08,6.543028e-08,6.678522e-08,6.669331e-08,6.631143e-08,6.682427e-08,6.706437e-08,6.680658e-08,6.868732e-08,6.644557e-08,6.593813e-08,6.718777e-08,6.766884e-08,6.733886e-08,6.736523e-08,6.611828e-08,6.939885e-08,6.639035e-08,6.758240e-08,6.707187e-08,6.785425e-08,6.680405e-08,6.793448e-08,6.777741e-08,6.672483e-08,6.707488e-08,6.785573e-08,6.709467e-08,6.755079e-08,6.820524e-08,6.760086e-08,6.725211e-08,6.763266e-08,6.648205e-08,6.799092e-08,6.742010e-08,6.765595e-08,6.741662e-08,6.713437e-08,6.891558e-08,6.854715e-08,6.585436e-08,6.689801e-08,6.513294e-08,6.617840e-08,6.738371e-08,6.905121e-08,6.559759e-08,6.695684e-08,6.556911e-08,6.596993e-08,6.713193e-08,6.707429e-08,6.659917e-08,6.620692e-08,
6.789119e-08,6.669808e-08,6.642926e-08,6.811140e-08,6.577155e-08,6.583256e-08,6.659065e-08,6.639452e-08,6.421403e-08,6.474355e-08,6.701751e-08,6.656254e-08,6.790684e-08,6.673647e-08,6.739635e-08,6.784745e-08,6.699467e-08,6.759624e-08,6.578336e-08,6.711736e-08,6.753106e-08,6.782495e-08,6.690648e-08,6.853411e-08,6.578049e-08,6.768695e-08,6.847783e-08,6.696970e-08,6.685770e-08,6.502330e-08,6.756256e-08,6.503980e-08,6.835198e-08,6.682191e-08,6.706861e-08,6.565225e-08,6.699612e-08,6.628317e-08,6.759042e-08,6.799117e-08,6.705189e-08,6.881702e-08,6.636313e-08,6.732935e-08,6.729444e-08,6.809137e-08,6.612093e-08,6.637701e-08,6.741542e-08,6.815276e-08,6.551408e-08,6.689562e-08,6.804398e-08,6.666717e-08,6.492753e-08,6.611538e-08,6.769585e-08,6.716077e-08,6.669769e-08,6.863132e-08,6.654873e-08,6.721122e-08,6.620623e-08,6.812313e-08,
6.824240e-08,6.480837e-08,6.794669e-08,6.713784e-08,6.751654e-08,6.715258e-08,6.731609e-08,6.731121e-08,6.872278e-08,6.701300e-08,6.673321e-08,6.829222e-08,6.739404e-08,6.690303e-08,6.626346e-08,6.612841e-08,6.763459e-08,6.610902e-08,6.785591e-08,6.615603e-08,6.821752e-08,6.581886e-08,6.611856e-08,6.712047e-08,6.624537e-08,6.635404e-08,6.691514e-08,6.667968e-08,6.630317e-08,6.730814e-08,6.717319e-08,6.608722e-08,6.748120e-08,6.752239e-08,6.811283e-08,6.742985e-08,6.868125e-08,6.725441e-08,6.544478e-08,6.979257e-08,6.421180e-08,6.758854e-08,6.789213e-08,6.569812e-08,6.645589e-08,6.540307e-08,6.743915e-08,6.637487e-08,6.560399e-08,6.867820e-08,6.738526e-08,6.683897e-08,6.739637e-08,6.685634e-08,6.686237e-08,6.677384e-08,6.704655e-08,6.833384e-08,6.736273e-08,6.725695e-08,6.584132e-08,6.605370e-08,6.518148e-08,6.394110e-08,
6.776442e-08,6.635958e-08,6.616956e-08,6.815460e-08,6.535821e-08,6.546728e-08,6.702007e-08,6.411641e-08,6.515257e-08,6.865458e-08,6.677875e-08,6.643326e-08,6.740350e-08,6.777012e-08,6.756039e-08,6.845293e-08,6.760908e-08,6.554626e-08,6.496315e-08,6.571312e-08,6.748585e-08,6.759434e-08,6.861119e-08,6.621196e-08,6.492409e-08,6.676979e-08,6.582451e-08,6.756964e-08,6.619979e-08,6.741340e-08,6.725521e-08,6.729855e-08,6.805700e-08,6.831406e-08,6.769697e-08,6.723817e-08,6.631110e-08,6.738584e-08,6.710784e-08,6.636657e-08,6.634970e-08,6.620925e-08,6.602864e-08,6.743063e-08,6.738608e-08,6.625791e-08,6.841118e-08,6.717345e-08,6.754127e-08,6.700244e-08,6.897062e-08,6.684484e-08,6.832165e-08,6.813209e-08,6.798927e-08,6.851565e-08,6.752026e-08,6.879034e-08,6.548658e-08,6.496381e-08,6.663507e-08,6.655377e-08,6.572808e-08,6.739724e-08,
6.649333e-08,6.612372e-08,6.688397e-08,6.767972e-08,6.715569e-08,6.616045e-08,6.796295e-08,6.774278e-08,6.729553e-08,6.650659e-08,6.626719e-08,6.739911e-08,6.687801e-08,6.832481e-08,6.637019e-08,6.807145e-08,6.687065e-08,6.903327e-08,6.877420e-08,6.723116e-08,6.663376e-08,6.539483e-08,6.712324e-08,6.798021e-08,6.699417e-08,6.711038e-08,6.714743e-08,6.626048e-08,6.714660e-08,6.817946e-08,6.445211e-08,6.788365e-08,6.775406e-08,6.645682e-08,6.736454e-08,6.564046e-08,6.505707e-08,6.750429e-08,6.675559e-08,6.756118e-08,6.737876e-08,6.760019e-08,6.515095e-08,6.695108e-08,6.881698e-08,6.583103e-08,6.653798e-08,6.764507e-08,6.680260e-08,6.452942e-08,6.698929e-08,6.746486e-08,6.668858e-08,6.901216e-08,6.567318e-08,6.663732e-08,6.684382e-08,6.750350e-08,6.675542e-08,6.828315e-08,6.600974e-08,6.787012e-08,6.637349e-08,6.835909e-08,
6.664477e-08,6.656040e-08,6.720099e-08,6.650998e-08,6.697435e-08,6.651755e-08,6.837339e-08,6.604831e-08,6.661921e-08,6.863071e-08,6.639414e-08,6.769844e-08,6.758113e-08,6.766319e-08,6.727069e-08,6.443157e-08,6.796015e-08,6.610376e-08,6.662969e-08,6.872693e-08,6.670764e-08,6.700169e-08,6.640926e-08,6.810545e-08,6.723453e-08,6.722718e-08,6.761078e-08,6.649636e-08,6.780709e-08,6.723466e-08,6.768484e-08,6.615875e-08,6.543092e-08,6.674275e-08,6.661569e-08,6.805811e-08,6.784978e-08,6.674486e-08,6.664565e-08,6.815623e-08,6.664602e-08,6.673974e-08,6.747374e-08,6.523404e-08,6.703427e-08,6.524346e-08,6.605958e-08,6.505629e-08,6.727844e-08,6.660963e-08,6.517981e-08,6.592523e-08,6.669407e-08,6.646518e-08,6.854792e-08,6.664416e-08,6.621585e-08,6.606683e-08,6.569146e-08,6.700526e-08,6.861029e-08,6.811249e-08,6.719681e-08,6.576571e-08,
6.680129e-08,6.545846e-08,6.740192e-08,6.493747e-08,6.648447e-08,6.725586e-08,6.594385e-08,6.825467e-08,6.802788e-08,6.722796e-08,6.658548e-08,6.481144e-08,6.598494e-08,6.606695e-08,6.495666e-08,6.633345e-08,6.653449e-08,6.658374e-08,6.763629e-08,6.711847e-08,6.633048e-08,6.751132e-08,6.659015e-08,6.568014e-08,6.652001e-08,6.578632e-08,6.929539e-08,6.844486e-08,6.718939e-08,6.716881e-08,6.602873e-08,6.739229e-08,6.609660e-08,6.650829e-08,6.618853e-08,6.635175e-08,6.497088e-08,6.638743e-08,6.838475e-08,6.511416e-08,6.836049e-08,6.811385e-08,6.784822e-08,6.824025e-08,6.530173e-08,6.833983e-08,6.644097e-08,6.637563e-08,6.737805e-08,6.750438e-08,6.568644e-08,6.588911e-08,6.734137e-08,6.655792e-08,6.782660e-08,6.645337e-08,6.573357e-08,6.700003e-08,6.539245e-08,6.631922e-08,6.637583e-08,6.689536e-08,6.708644e-08,6.806540e-08,
6.644346e-08,6.634310e-08,6.500481e-08,6.710346e-08,6.640001e-08,6.691487e-08,6.779374e-08,6.568163e-08,6.690020e-08,6.675348e-08,6.690072e-08,6.515017e-08,6.668036e-08,6.714797e-08,6.724393e-08,6.798505e-08,6.703052e-08,6.989594e-08,6.667753e-08,6.648322e-08,6.832360e-08,6.505806e-08,6.896125e-08,6.680387e-08,6.717650e-08,6.800505e-08,6.451044e-08,6.848025e-08,6.646022e-08,6.771331e-08,6.658523e-08,6.806875e-08,6.674762e-08,6.626202e-08,6.725213e-08,6.723736e-08,6.658709e-08,6.606088e-08,6.798937e-08,6.431946e-08,6.586885e-08,6.598819e-08,6.781418e-08,6.630600e-08,6.629197e-08,6.592015e-08,6.788317e-08,6.563653e-08,6.753205e-08,6.754599e-08,6.647619e-08,6.768693e-08,6.591607e-08,6.660907e-08,6.659222e-08,6.787639e-08,6.688268e-08,6.823070e-08,6.690327e-08,6.735386e-08,6.632210e-08,6.475385e-08,6.673919e-08,6.724434e-08,
6.741223e-08,6.496319e-08,6.598981e-08,6.518454e-08,6.571207e-08,6.745557e-08,6.475958e-08,6.691690e-08,6.692504e-08,6.749867e-08,6.695501e-08,6.621676e-08,6.649558e-08,6.755989e-08,6.524667e-08,6.666158e-08,6.860232e-08,6.570824e-08,6.578946e-08,6.747292e-08,6.678836e-08,6.699672e-08,6.613641e-08,6.679791e-08,6.794728e-08,6.836697e-08,6.576140e-08,6.690299e-08,6.837422e-08,6.733893e-08,6.682902e-08,6.671432e-08,6.665474e-08,6.554878e-08,6.667432e-08,6.721787e-08,6.581228e-08,6.756336e-08,6.834352e-08,6.719611e-08,6.611837e-08,6.639468e-08,6.667938e-08,6.661278e-08,6.849321e-08,6.687546e-08,6.711374e-08,6.552205e-08,6.411579e-08,6.845114e-08,6.616495e-08,6.688229e-08,6.688715e-08,6.754852e-08,6.728472e-08,6.648661e-08,6.864371e-08,6.936984e-08,6.766159e-08,6.510907e-08,6.697950e-08,6.733584e-08,6.789504e-08,6.593830e-08,
6.705767e-08,6.634992e-08,6.909820e-08,6.860804e-08,6.801266e-08,6.767828e-08,6.755721e-08,6.682531e-08,6.745078e-08,6.637222e-08,6.886192e-08,6.570240e-08,6.660798e-08,6.745511e-08,6.479966e-08,6.696527e-08,6.798982e-08,6.719711e-08,6.698617e-08,6.777103e-08,6.524916e-08,6.561621e-08,6.747341e-08,6.677739e-08,6.732011e-08,6.774135e-08,6.702362e-08,6.612509e-08,6.648454e-08,6.626257e-08,6.737315e-08,6.754680e-08,6.865643e-08,6.610294e-08,6.495297e-08,6.707448e-08,6.612700e-08,6.642778e-08,6.717722e-08,6.536659e-08,6.605391e-08,6.567001e-08,6.574292e-08,6.764439e-08,6.628138e-08,6.731431e-08,6.724561e-08,6.666357e-08,6.681561e-08,6.560221e-08,6.615137e-08,6.570524e-08,6.676810e-08,6.700515e-08,6.659214e-08,6.596904e-08,6.569958e-08,6.611910e-08,6.739970e-08,6.667616e-08,6.514710e-08,6.571295e-08,6.636852e-08,6.753211e-08,
6.529490e-08,6.732396e-08,6.748702e-08,6.673417e-08,6.713589e-08,6.816133e-08,6.763642e-08,6.528280e-08,6.753044e-08,6.760182e-08,6.770657e-08,6.428681e-08,6.632721e-08,6.657943e-08,6.619399e-08,6.738262e-08,6.742102e-08,6.803508e-08,6.747343e-08,6.657735e-08,6.546277e-08,6.727579e-08,6.845140e-08,6.724343e-08,6.747242e-08,6.526346e-08,6.686118e-08,6.586292e-08,6.856587e-08,6.526401e-08,6.565901e-08,6.768418e-08,6.718058e-08,6.590469e-08,6.531379e-08,6.731887e-08,6.777060e-08,6.700880e-08,6.735781e-08,6.634578e-08,6.850247e-08,6.684634e-08,6.892330e-08,6.622229e-08,6.631195e-08,6.784878e-08,6.894191e-08,6.721122e-08,6.817555e-08,6.851578e-08,6.611606e-08,6.663067e-08,6.621796e-08,6.750549e-08,6.556766e-08,6.676498e-08,6.670087e-08,6.655772e-08,6.641400e-08,6.572249e-08,6.871429e-08,6.879047e-08,6.911733e-08,6.661609e-08,
6.722304e-08,6.652062e-08,6.670871e-08,6.444038e-08,6.864716e-08,6.605764e-08,6.609825e-08,6.765462e-08,6.613883e-08,6.524613e-08,6.635804e-08,6.550110e-08,6.632659e-08,6.590304e-08,6.763271e-08,6.750762e-08,6.586798e-08,6.531804e-08,6.639095e-08,6.668437e-08,6.708902e-08,6.721791e-08,6.594777e-08,6.623469e-08,6.455145e-08,6.421373e-08,6.637287e-08,6.636333e-08,6.800480e-08,6.808263e-08,6.756840e-08,6.640092e-08,6.752978e-08,6.663175e-08,6.641869e-08,6.638415e-08,6.581240e-08,6.824965e-08,6.626968e-08,6.676786e-08,6.829137e-08,6.839991e-08,6.486365e-08,6.800390e-08,6.599575e-08,6.682753e-08,6.756367e-08,6.868558e-08,6.675492e-08,6.385663e-08,6.727882e-08,6.588022e-08,6.578692e-08,6.708036e-08,6.687230e-08,6.729802e-08,6.684374e-08,6.708887e-08,6.556546e-08,6.632442e-08,6.602174e-08,6.536697e-08,6.728197e-08,6.826343e-08,
6.664105e-08,6.759423e-08,6.673538e-08,6.762047e-08,6.565925e-08,6.789541e-08,6.753309e-08,6.630403e-08,6.664793e-08,6.827880e-08,6.536070e-08,6.504718e-08,6.696653e-08,6.670138e-08,6.793532e-08,6.675105e-08,6.583710e-08,6.724664e-08,6.688390e-08,6.610323e-08,6.562366e-08,6.871795e-08,6.692262e-08,6.512613e-08,6.652436e-08,6.675721e-08,6.727616e-08,6.741933e-08,6.480932e-08,6.782347e-08,6.585310e-08,6.545268e-08,6.753729e-08,6.707867e-08,6.631015e-08,6.705207e-08,6.623898e-08,6.814570e-08,6.629234e-08,6.615934e-08,6.545942e-08,6.661220e-08,6.617609e-08,6.734519e-08,6.837607e-08,6.852172e-08,6.819691e-08,6.787165e-08,6.901548e-08,6.598360e-08,6.544484e-08,6.553937e-08,6.556894e-08,6.709904e-08,6.751775e-08,6.686083e-08,6.748586e-08,6.799572e-08,6.701129e-08,6.698092e-08,6.638362e-08,6.611452e-08,6.631866e-08,6.618555e-08,
6.817947e-08,6.695580e-08,6.634453e-08,6.724670e-08,6.748954e-08,6.703503e-08,6.707968e-08,6.627962e-08,6.787637e-08,6.793775e-08,6.671317e-08,6.639905e-08,6.667741e-08,6.700934e-08,6.645196e-08,6.670084e-08,6.763330e-08,6.790624e-08,6.561368e-08,6.823611e-08,6.649515e-08,6.800337e-08,6.812520e-08,6.909794e-08,6.915781e-08,6.672080e-08,6.778525e-08,6.733052e-08,6.919690e-08,6.626567e-08,6.706706e-08,6.770925e-08,6.650885e-08,6.596936e-08,6.847664e-08,6.701449e-08,6.826733e-08,6.930174e-08,6.737856e-08,6.753619e-08,6.620009e-08,6.625185e-08,6.770595e-08,6.710163e-08,6.745843e-08,6.908628e-08,6.772699e-08,6.667266e-08,6.704809e-08,6.499431e-08,6.495830e-08,6.676191e-08,6.673537e-08,6.745505e-08,6.597484e-08,6.729139e-08,6.748686e-08,6.553174e-08,6.767605e-08,6.679813e-08,6.765645e-08,6.508969e-08,6.783099e-08,6.497402e-08,
6.623060e-08,6.761627e-08,6.623664e-08,6.671337e-08,6.641540e-08,6.679429e-08,6.604983e-08,6.731686e-08,6.661712e-08,6.615793e-08,6.818307e-08,6.859603e-08,6.566579e-08,6.682799e-08,6.864047e-08,6.761978e-08,6.672583e-08,6.734117e-08,6.664799e-08,6.690582e-08,6.659166e-08,6.637412e-08,6.718252e-08,6.692514e-08,6.695438e-08,6.711743e-08,6.529903e-08,6.764875e-08,6.732049e-08,6.522209e-08,6.658382e-08,6.628778e-08,6.639661e-08,6.776004e-08,6.667973e-08,6.762720e-08,6.486464e-08,6.723251e-08,6.832048e-08,6.782971e-08,6.778814e-08,6.665699e-08,6.569115e-08,6.590687e-08,6.920705e-08,6.599091e-08,6.878388e-08,6.845228e-08,6.731782e-08,6.736925e-08,6.746441e-08,6.671172e-08,6.648059e-08,6.542616e-08,6.721460e-08,6.534718e-08,6.736069e-08,6.450637e-08,6.692594e-08,6.652510e-08,6.772325e-08,6.863711e-08,6.719942e-08,6.752698e-08,
6.499830e-08,6.574413e-08,6.662294e-08,6.877349e-08,6.570921e-08,6.786733e-08,6.577011e-08,6.643740e-08,6.473366e-08,6.809125e-08,6.593473e-08,6.781038e-08,6.416031e-08,6.591235e-08,6.902307e-08,6.551018e-08,6.727333e-08,6.634238e-08,6.690536e-08,6.631273e-08,6.556178e-08,6.673852e-08,6.564684e-08,6.637366e-08,6.652647e-08,6.609098e-08,6.794414e-08,6.875993e-08,6.862444e-08,6.745020e-08,6.588747e-08,6.830487e-08,6.749685e-08,6.557717e-08,6.769222e-08,6.669386e-08,6.715565e-08,6.723780e-08,6.521432e-08,6.899374e-08,6.724073e-08,6.709410e-08,6.794383e-08,6.798195e-08,6.859717e-08,6.484667e-08,6.867749e-08,6.637524e-08,6.774431e-08,6.645112e-08,6.661709e-08,6.667229e-08,6.627756e-08,6.766695e-08,6.822450e-08,6.823230e-08,6.742548e-08,6.849893e-08,6.617687e-08,6.877083e-08,6.785013e-08,6.566406e-08,6.587933e-08,6.750184e-08,
6.817287e-08,6.873325e-08,6.869788e-08,6.754923e-08,6.763269e-08,6.784529e-08,6.694276e-08,6.516318e-08,6.666272e-08,6.631450e-08,6.578627e-08,6.753747e-08,6.614928e-08,6.869774e-08,6.804673e-08,6.640278e-08,6.721880e-08,6.637567e-08,6.670692e-08,6.649058e-08,6.679368e-08,6.799805e-08,6.777934e-08,6.757455e-08,6.755827e-08,6.751401e-08,6.934111e-08,6.548848e-08,6.723758e-08,6.738190e-08,6.589771e-08,6.650787e-08,6.660292e-08,6.576966e-08,6.598539e-08,6.727330e-08,6.507780e-08,6.580884e-08,6.699319e-08,6.731134e-08,6.709648e-08,6.882230e-08,6.563411e-08,6.640372e-08,6.701165e-08,6.674563e-08,6.518840e-08,6.645856e-08,6.614161e-08,6.670704e-08,6.757170e-08,6.735402e-08,6.818367e-08,6.729923e-08,6.773624e-08,6.635429e-08,6.681819e-08,6.848619e-08,6.502143e-08,6.697922e-08,6.638823e-08,6.813362e-08,6.692367e-08,6.809386e-08,
6.752913e-08,6.475126e-08,6.637975e-08,6.587117e-08,6.643099e-08,6.572359e-08,6.378379e-08,6.738168e-08,6.771141e-08,6.786279e-08,6.735414e-08,6.672468e-08,6.478400e-08,6.857277e-08,6.804405e-08,6.648473e-08,6.573658e-08,6.745166e-08,6.556208e-08,6.724434e-08,6.503262e-08,6.722266e-08,6.632111e-08,6.614444e-08,6.582275e-08,6.499150e-08,6.871928e-08,6.757535e-08,6.730352e-08,6.640167e-08,6.681420e-08,6.710126e-08,6.851628e-08,6.756677e-08,6.542704e-08,6.625260e-08,6.758706e-08,6.774200e-08,6.823768e-08,6.681096e-08,6.859896e-08,6.877003e-08,6.624876e-08,6.792269e-08,6.766034e-08,6.698332e-08,6.596687e-08,6.716836e-08,6.699114e-08,6.635581e-08,6.601651e-08,6.417823e-08,6.601539e-08,6.850196e-08,6.724925e-08,6.725126e-08,6.715908e-08,6.584176e-08,6.661908e-08,6.679849e-08,6.590964e-08,6.661037e-08,6.604028e-08,6.855718e-08,
6.828019e-08,6.658953e-08,6.640849e-08,6.783620e-08,6.575525e-08,6.607632e-08,6.583685e-08,6.662472e-08,6.663640e-08,6.717088e-08,6.663292e-08,6.703620e-08,6.666299e-08,6.763031e-08,6.793846e-08,6.651499e-08,6.804388e-08,6.651051e-08,6.576028e-08,6.795263e-08,6.837807e-08,6.770695e-08,6.683963e-08,6.618315e-08,6.694500e-08,6.626776e-08,6.719277e-08,6.799580e-08,6.602172e-08,6.668975e-08,6.840621e-08,6.668989e-08,6.566696e-08,6.713892e-08,6.686321e-08,6.757357e-08,6.714985e-08,6.580176e-08,6.700470e-08,6.757693e-08,6.696884e-08,6.913468e-08,6.643116e-08,6.661375e-08,6.731469e-08,6.683123e-08,6.525427e-08,6.682888e-08,6.597122e-08,6.519243e-08,6.674622e-08,6.726250e-08,6.493963e-08,6.729831e-08,6.571393e-08,6.927029e-08,6.602764e-08,6.802731e-08,6.747955e-08,6.724386e-08,6.755985e-08,6.601914e-08,6.585644e-08,6.668866e-08,
6.726465e-08,6.611274e-08,6.656883e-08,6.636839e-08,6.346720e-08,6.553046e-08,6.496420e-08,6.676604e-08,6.850395e-08,6.550846e-08,6.695205e-08,6.750551e-08,6.669978e-08,6.672217e-08,6.591088e-08,6.677799e-08,6.890713e-08,6.710461e-08,6.625118e-08,6.708501e-08,6.753564e-08,6.824494e-08,6.662110e-08,6.614956e-08,6.820192e-08,6.730363e-08,6.530835e-08,6.791467e-08,6.622241e-08,6.647579e-08,6.742211e-08,6.735508e-08,6.822881e-08,6.732505e-08,6.709412e-08,6.661610e-08,6.697407e-08,6.604305e-08,6.533081e-08,6.694100e-08,6.624263e-08,6.678571e-08,6.833603e-08,6.842316e-08,6.648599e-08,6.728029e-08,6.697392e-08,6.713781e-08,6.766669e-08,6.568529e-08,6.741707e-08,6.739098e-08,6.685749e-08,6.545089e-08,6.649155e-08,6.754663e-08,6.778716e-08,6.747176e-08,6.642969e-08,6.629304e-08,6.690931e-08,6.600205e-08,6.656924e-08,6.632273e-08,
6.519777e-08,6.669125e-08,6.740020e-08,6.621842e-08,6.723717e-08,6.779239e-08,6.612220e-08,6.698217e-08,6.745119e-08,6.643378e-08,6.833245e-08,6.616283e-08,6.743773e-08,6.674816e-08,6.724537e-08,6.705557e-08,6.590323e-08,6.801538e-08,6.680268e-08,6.807922e-08,6.527995e-08,6.611671e-08,6.696948e-08,6.723119e-08,6.705672e-08,6.677852e-08,6.768214e-08,6.789292e-08,6.619774e-08,6.728138e-08,6.574031e-08,6.852181e-08,6.547143e-08,6.582631e-08,6.732745e-08,6.839965e-08,6.731968e-08,6.575566e-08,6.657069e-08,6.671398e-08,6.593005e-08,6.687552e-08,6.684308e-08,6.812896e-08,6.614875e-08,6.512286e-08,6.476574e-08,6.660600e-08,6.729536e-08,6.927827e-08,6.538625e-08,6.683988e-08,6.741868e-08,6.817814e-08,6.605520e-08,6.681605e-08,6.637654e-08,6.706601e-08,6.776726e-08,6.674146e-08,6.525851e-08,6.639578e-08,6.821657e-08,6.668095e-08,
6.762951e-08,6.747324e-08,6.778163e-08,6.640723e-08,6.602423e-08,6.623649e-08,6.655057e-08,6.630188e-08,6.858221e-08,6.645342e-08,6.578698e-08,6.705251e-08,6.621853e-08,6.767182e-08,6.721090e-08,6.676211e-08,6.877741e-08,6.609224e-08,6.538018e-08,6.847860e-08,6.671571e-08,6.701250e-08,6.781406e-08,6.814394e-08,6.717719e-08,6.875303e-08,6.745859e-08,6.643896e-08,6.526363e-08,6.700525e-08,6.719470e-08,6.801472e-08,6.665012e-08,6.740605e-08,6.476738e-08,6.908245e-08,6.577166e-08,6.800166e-08,6.706952e-08,6.629519e-08,6.517571e-08,6.767746e-08,6.571803e-08,6.627181e-08,6.630039e-08,6.715429e-08,6.559271e-08,6.570212e-08,6.470619e-08,6.699621e-08,6.822838e-08,6.720081e-08,6.723722e-08,6.637926e-08,6.761309e-08,6.782254e-08,6.567505e-08,6.813906e-08,6.626288e-08,6.812407e-08,6.707022e-08,6.773555e-08,6.709363e-08,6.566590e-08,
6.726645e-08,6.679376e-08,6.678930e-08,6.831034e-08,6.722552e-08,6.545743e-08,6.655661e-08,6.603671e-08,6.731152e-08,6.458049e-08,6.577184e-08,6.570963e-08,6.746613e-08,6.814916e-08,6.832167e-08,6.851937e-08,6.747345e-08,6.719931e-08,6.716688e-08,6.688613e-08,6.819600e-08,6.635688e-08,6.598923e-08,6.856047e-08,6.611814e-08,6.693432e-08,6.631937e-08,6.705340e-08,6.740745e-08,6.638599e-08,6.835936e-08,6.683403e-08,6.820089e-08,6.724653e-08,6.647418e-08,6.667681e-08,6.636628e-08,6.777366e-08,6.645096e-08,6.591190e-08,6.572946e-08,6.901557e-08,6.638911e-08,6.749053e-08,6.683047e-08,6.691056e-08,6.677150e-08,6.398582e-08,6.653413e-08,6.781369e-08,6.648346e-08,6.752993e-08,6.582218e-08,6.585386e-08,6.552160e-08,6.590817e-08,6.558687e-08,6.578438e-08,6.860445e-08,6.632647e-08,6.522825e-08,6.799376e-08,6.759824e-08,6.911115e-08,
6.773966e-08,6.661923e-08,6.684372e-08,6.704911e-08,6.586639e-08,6.604405e-08,6.604743e-08,6.714561e-08,6.801245e-08,6.694838e-08,6.489876e-08,6.610714e-08,6.580914e-08,6.516326e-08,6.699938e-08,6.739359e-08,6.659957e-08,6.726517e-08,6.498379e-08,6.718600e-08,6.683863e-08,6.707472e-08,6.677473e-08,6.716474e-08,6.607558e-08,6.669073e-08,6.717651e-08,6.772298e-08,6.669430e-08,6.539007e-08,6.580936e-08,6.858501e-08,6.552444e-08,6.738958e-08,6.653708e-08,6.687499e-08,6.630185e-08,6.521079e-08,6.707834e-08,6.449256e-08,6.644669e-08,6.594102e-08,6.571638e-08,6.784429e-08,6.755334e-08,6.635720e-08,6.627208e-08,6.694250e-08,6.619926e-08,6.629717e-08,6.669570e-08,6.490014e-08,6.751529e-08,6.724270e-08,6.638363e-08,6.875541e-08,6.849182e-08,6.633535e-08,6.724632e-08,6.656874e-08,6.580618e-08,6.739296e-08,6.704238e-08,6.633671e-08,
6.545163e-08,6.516124e-08,6.667034e-08,6.639168e-08,6.539295e-08,6.723003e-08,6.698929e-08,6.639699e-08,6.609830e-08,6.783405e-08,6.677516e-08,6.681072e-08,6.700131e-08,6.702290e-08,6.682006e-08,6.824538e-08,6.595209e-08,6.589443e-08,6.664172e-08,6.730583e-08,6.802365e-08,6.636814e-08,6.657338e-08,6.703501e-08,6.577062e-08,6.699070e-08,6.677072e-08,6.807100e-08,6.844900e-08,6.556596e-08,6.633921e-08,6.726278e-08,6.557576e-08,6.809864e-08,6.695402e-08,6.745069e-08,6.723235e-08,6.521487e-08,6.718806e-08,6.775780e-08,6.584156e-08,6.543256e-08,6.621050e-08,6.742537e-08,6.604420e-08,6.694019e-08,6.774968e-08,6.643788e-08,6.632506e-08,6.670316e-08,6.524603e-08,6.729088e-08,6.773811e-08,6.710722e-08,6.779859e-08,6.662091e-08,6.682254e-08,6.809084e-08,6.765324e-08,6.827948e-08,6.631856e-08,6.696974e-08,6.802351e-08,6.561621e-08,
6.665406e-08,6.613981e-08,6.851935e-08,6.879874e-08,6.761004e-08,6.581925e-08,6.576979e-08,6.665551e-08,6.683918e-08,6.676339e-08,6.586283e-08,6.633780e-08,6.628566e-08,6.857778e-08,6.715110e-08,6.731444e-08,6.788792e-08,6.696590e-08,6.719211e-08,6.804525e-08,6.791369e-08,6.668576e-08,6.585879e-08,6.710727e-08,6.494209e-08,6.503670e-08,6.572723e-08,6.761555e-08,6.672537e-08,6.624147e-08,6.765631e-08,6.609635e-08,6.850862e-08,6.843128e-08,6.655907e-08,6.791909e-08,6.598517e-08,6.650342e-08,6.696351e-08,6.592108e-08,6.730928e-08,6.599798e-08,6.741040e-08,6.723262e-08,6.824264e-08,6.797880e-08,6.782978e-08,6.657824e-08,6.755515e-08,6.699047e-08,6.549478e-08,6.760172e-08,6.770882e-08,6.748636e-08,6.770009e-08,6.581851e-08,6.559039e-08,6.766392e-08,6.661913e-08,6.881570e-08,6.840343e-08,6.666752e-08,6.784593e-08,6.548124e-08,
6.761567e-08,6.587769e-08,6.712563e-08,6.482426e-08,6.690042e-08,6.567380e-08,6.618084e-08,6.797974e-08,6.530954e-08,6.696505e-08,6.569659e-08,6.703036e-08,6.637718e-08,6.615712e-08,6.539637e-08,6.603964e-08,6.753928e-08,6.610409e-08,6.632952e-08,6.558732e-08,6.687585e-08,6.549640e-08,6.713183e-08,6.685191e-08,6.588429e-08,6.699418e-08,6.908227e-08,6.602559e-08,6.822571e-08,6.714182e-08,6.752930e-08,6.946652e-08,6.593840e-08,6.750790e-08,6.601731e-08,6.748340e-08,6.698844e-08,6.630556e-08,6.573422e-08,6.455413e-08,6.552822e-08,6.632125e-08,6.458444e-08,6.596739e-08,6.775230e-08,6.797166e-08,6.907410e-08,6.633474e-08,6.536056e-08,6.751662e-08,6.726635e-08,6.803269e-08,6.638472e-08,6.836844e-08,6.747649e-08,6.673710e-08,6.864746e-08,6.777334e-08,6.766857e-08,6.725209e-08,6.670670e-08,6.676791e-08,6.543923e-08,6.833354e-08,
6.710362e-08,6.662453e-08,6.849871e-08,6.713390e-08,6.569289e-08,6.620519e-08,6.895001e-08,6.642953e-08,6.806336e-08,6.879222e-08,6.586170e-08,6.725423e-08,6.708871e-08,6.816013e-08,6.505759e-08,6.797584e-08,6.740755e-08,6.711953e-08,6.705203e-08,6.612491e-08,6.560742e-08,6.646777e-08,6.777523e-08,6.639128e-08,6.476316e-08,6.619447e-08,6.647001e-08,6.820747e-08,6.699713e-08,6.739490e-08,6.684361e-08,6.621647e-08,6.445514e-08,6.524713e-08,6.559757e-08,6.760417e-08,6.636607e-08,6.721974e-08,6.704947e-08,6.328334e-08,6.653011e-08,6.691880e-08,6.730481e-08,6.815695e-08,6.529262e-08,6.801766e-08,6.718936e-08,6.615267e-08,6.733707e-08,6.613799e-08,6.707692e-08,6.578415e-08,6.689899e-08,6.710303e-08,6.677125e-08,6.764571e-08,6.811449e-08,6.479580e-08,6.573985e-08,6.589509e-08,6.756386e-08,6.816072e-08,6.712011e-08,6.616550e-08,
6.786006e-08,6.668584e-08,6.652615e-08,6.761642e-08,6.459875e-08,6.737042e-08,6.756621e-08,6.686148e-08,6.870834e-08,6.616640e-08,6.614339e-08,6.766584e-08,6.764336e-08,6.769892e-08,6.697312e-08,6.810764e-08,6.624986e-08,6.882780e-08,6.540670e-08,6.690468e-08,6.608264e-08,6.637634e-08,6.718934e-08,6.783878e-08,6.510562e-08,6.711665e-08,6.837059e-08,6.940241e-08,6.555928e-08,6.709301e-08,6.461347e-08,6.755935e-08,6.565976e-08,6.736531e-08,6.654201e-08,6.643701e-08,6.752731e-08,6.687829e-08,6.803269e-08,6.643563e-08,6.768575e-08,6.779493e-08,6.751885e-08,6.661174e-08,6.780526e-08,6.659109e-08,6.681054e-08,6.644216e-08,7.004923e-08,6.701830e-08,6.791023e-08,6.765163e-08,6.663510e-08,6.587004e-08,6.688461e-08,6.549573e-08,6.683913e-08,6.750313e-08,6.891816e-08,6.546356e-08,6.769696e-08,6.559684e-08,6.621162e-08,6.698102e-08,
6.764695e-08,6.640139e-08,6.893823e-08,6.698787e-08,6.597371e-08,6.650469e-08,6.924696e-08,6.548787e-08,6.664885e-08,6.590969e-08,6.838415e-08,6.660659e-08,6.554120e-08,6.681639e-08,6.838720e-08,6.475083e-08,6.750356e-08,6.615131e-08,6.711367e-08,6.687264e-08,6.623186e-08,6.655072e-08,6.755478e-08,6.619702e-08,6.657966e-08,6.573011e-08,6.570407e-08,6.574490e-08,6.682592e-08,6.741636e-08,6.715593e-08,6.690503e-08,6.802592e-08,6.709919e-08,6.680509e-08,6.613773e-08,6.826533e-08,6.690568e-08,6.493768e-08,6.766588e-08,6.559473e-08,6.608565e-08,6.685551e-08,6.791763e-08,6.669683e-08,6.624057e-08,6.604798e-08,6.797736e-08,6.653726e-08,6.749087e-08,6.664086e-08,6.566632e-08,6.610015e-08,6.747380e-08,6.896226e-08,6.466503e-08,6.889657e-08,6.614912e-08,6.636057e-08,6.752805e-08,6.631804e-08,6.751904e-08,6.665065e-08,6.553812e-08,
6.616329e-08,6.624960e-08,6.612966e-08,6.843861e-08,6.761041e-08,6.821117e-08,6.772113e-08,6.777332e-08,6.663400e-08,6.746513e-08,6.737845e-08,6.741597e-08,6.651259e-08,6.548237e-08,6.660492e-08,6.751438e-08,6.858281e-08,6.921034e-08,6.675549e-08,6.520261e-08,6.615990e-08,6.592654e-08,6.781639e-08,6.819668e-08,6.612462e-08,6.598445e-08,6.629610e-08,6.695634e-08,6.753916e-08,6.614647e-08,6.787313e-08,6.724941e-08,6.825324e-08,6.780039e-08,6.588045e-08,6.866506e-08,6.565435e-08,6.403063e-08,6.750431e-08,6.803647e-08,6.552155e-08,6.673563e-08,6.708617e-08,6.809997e-08,6.676267e-08,6.604135e-08,6.602013e-08,6.628827e-08,6.662369e-08,6.741443e-08,6.664725e-08,6.424395e-08,6.605719e-08,6.653766e-08,6.739678e-08,6.627371e-08,6.827157e-08,6.964230e-08,6.666905e-08,6.632426e-08,6.490082e-08,6.634374e-08,6.570100e-08,6.737321e-08,
6.680428e-08,6.722996e-08,6.656677e-08,6.675533e-08,6.608392e-08,6.602518e-08,6.456708e-08,6.733557e-08,6.711383e-08,6.703103e-08,6.714873e-08,6.774766e-08,6.728733e-08,6.689207e-08,6.616680e-08,6.712369e-08,6.870673e-08,6.545055e-08,6.832480e-08,6.791096e-08,6.727370e-08,6.706003e-08,6.618782e-08,6.608411e-08,6.528237e-08,6.705583e-08,6.778635e-08,6.621514e-08,6.623462e-08,6.802894e-08,6.776151e-08,6.702839e-08,6.759267e-08,6.789281e-08,6.752856e-08,6.749126e-08,6.769457e-08,6.661133e-08,6.619327e-08,6.642985e-08,6.760439e-08,6.695926e-08,6.633442e-08,6.590544e-08,6.587145e-08,6.742145e-08,6.753985e-08,6.504603e-08,6.626656e-08,6.799790e-08,6.819254e-08,6.778704e-08,6.695544e-08,6.546466e-08,6.613013e-08,6.673020e-08,6.551720e-08,6.628921e-08,6.657281e-08,6.807746e-08,6.742669e-08,6.562033e-08,6.772174e-08,6.903009e-08,
6.663839e-08,6.754146e-08,6.737740e-08,6.579128e-08,6.658885e-08,6.655536e-08,6.767810e-08,6.787603e-08,6.736264e-08,6.789403e-08,6.817448e-08,6.578849e-08,6.528174e-08,6.700781e-08,6.670717e-08,6.730616e-08,6.702296e-08,6.622544e-08,6.786548e-08,6.573064e-08,6.797732e-08,6.622255e-08,6.671053e-08,6.783314e-08,6.467475e-08,6.629226e-08,6.712156e-08,6.711593e-08,6.803226e-08,6.688156e-08,6.530822e-08,6.853049e-08,6.485117e-08,6.683640e-08,6.708578e-08,6.848811e-08,6.618414e-08,6.673182e-08,6.872272e-08,6.588120e-08,6.890220e-08,6.791463e-08,6.628137e-08,6.747199e-08,6.708585e-08,6.784528e-08,6.725538e-08,6.470571e-08,6.616694e-08,6.796857e-08,6.618060e-08,6.582418e-08,6.729594e-08,6.753483e-08,6.598977e-08,6.764719e-08,6.788675e-08,6.893005e-08,6.758169e-08,6.623845e-08,6.600293e-08,6.717948e-08,6.630503e-08,6.886099e-08,
6.754006e-08,6.753682e-08,6.657340e-08,6.795979e-08,6.728533e-08,6.688277e-08,6.642007e-08,6.696540e-08,6.645179e-08,6.833943e-08,6.475142e-08,6.928399e-08,6.697486e-08,6.651305e-08,6.795058e-08,6.781703e-08,6.549415e-08,6.769258e-08,6.338849e-08,6.684347e-08,6.964743e-08,6.739254e-08,6.674788e-08,6.902602e-08,6.594793e-08,6.913674e-08,6.620171e-08,6.757327e-08,6.633587e-08,6.717629e-08,6.734031e-08,6.663371e-08,6.663635e-08,6.927643e-08,6.672535e-08,6.906032e-08,6.636066e-08,6.633612e-08,6.801803e-08,6.781120e-08,6.696470e-08,6.772782e-08,6.828383e-08,6.574638e-08,6.722289e-08,6.621784e-08,6.554285e-08,6.696967e-08,6.612296e-08,6.682855e-08,6.636324e-08,6.531970e-08,6.667167e-08,6.789363e-08,6.903507e-08,6.591941e-08,6.674477e-08,6.523806e-08,6.958069e-08,6.604111e-08,6.770366e-08,6.607684e-08,6.632947e-08,6.564545e-08,
6.739978e-08,6.728001e-08,6.711039e-08,6.598434e-08,6.648595e-08,6.500180e-08,6.760935e-08,6.640843e-08,6.782512e-08,6.787558e-08,6.725427e-08,6.722242e-08,6.742925e-08,6.616956e-08,6.756471e-08,6.743969e-08,6.480212e-08,6.727049e-08,6.717691e-08,6.669868e-08,6.439411e-08,6.747980e-08,6.718448e-08,6.623635e-08,6.685012e-08,6.647413e-08,6.377119e-08,6.753697e-08,6.773688e-08,6.758302e-08,6.570055e-08,6.535837e-08,6.687083e-08,6.735201e-08,6.758974e-08,6.808952e-08,6.732290e-08,6.540816e-08,6.672519e-08,6.655718e-08,6.749959e-08,6.691817e-08,6.695941e-08,6.665844e-08,6.501590e-08,6.675550e-08,6.696566e-08,6.601362e-08,6.524936e-08,6.800526e-08,6.690154e-08,6.626624e-08,6.665236e-08,6.659099e-08,6.479938e-08,6.727690e-08,6.829971e-08,6.699178e-08,6.720946e-08,6.586567e-08,6.663068e-08,6.728579e-08,6.766747e-08,6.862184e-08,
6.766392e-08,6.836445e-08,6.850674e-08,6.736879e-08,6.797357e-08,6.587862e-08,6.655388e-08,6.733720e-08,6.624079e-08,6.594920e-08,6.638214e-08,6.528234e-08,6.625433e-08,6.686640e-08,6.747072e-08,6.700767e-08,6.719829e-08,6.654030e-08,6.435921e-08,6.668790e-08,6.657947e-08,6.851117e-08,6.609874e-08,6.560932e-08,6.650839e-08,6.882989e-08,6.622616e-08,6.581428e-08,6.691918e-08,6.710065e-08,6.769257e-08,6.765017e-08,6.695539e-08,6.784477e-08,6.780228e-08,6.591572e-08,6.579917e-08,6.787087e-08,6.614730e-08,6.727093e-08,6.598160e-08,6.804270e-08,6.879551e-08,6.548625e-08,6.557271e-08,6.701921e-08,6.496000e-08,6.732125e-08,6.551207e-08,6.578951e-08,6.673666e-08,6.713904e-08,6.735500e-08,6.715490e-08,6.631039e-08,6.704823e-08,6.863696e-08,6.457608e-08,6.737090e-08,6.718075e-08,6.653627e-08,6.556387e-08,6.601176e-08,6.720904e-08,
6.541415e-08,6.795980e-08,6.591237e-08,6.652332e-08,6.544116e-08,6.695235e-08,6.752421e-08,6.837689e-08,6.612495e-08,6.778843e-08,6.755052e-08,6.729132e-08,6.568385e-08,6.713160e-08,6.617301e-08,6.675144e-08,6.725423e-08,6.738264e-08,6.499836e-08,6.623669e-08,6.931900e-08,6.747323e-08,6.498483e-08,6.652370e-08,6.765625e-08,6.663659e-08,6.715547e-08,6.716883e-08,6.681298e-08,6.701478e-08,6.643614e-08,6.854527e-08,6.672418e-08,6.636413e-08,6.679648e-08,6.749476e-08,6.572998e-08,6.702446e-08,6.677148e-08,6.610733e-08,6.638375e-08,6.808713e-08,6.878445e-08,6.576502e-08,6.751289e-08,6.804667e-08,6.593233e-08,6.758362e-08,6.643690e-08,6.690740e-08,6.618218e-08,6.669351e-08,6.645094e-08,6.697664e-08,6.558944e-08,6.595134e-08,6.844925e-08,6.809483e-08,6.781726e-08,6.726600e-08,6.730891e-08,6.725101e-08,6.645627e-08,6.645190e-08,
6.817925e-08,6.943299e-08,6.797404e-08,6.581994e-08,6.870015e-08,6.792007e-08,6.725702e-08,6.423234e-08,6.600942e-08,6.724119e-08,6.723138e-08,6.713755e-08,6.881571e-08,6.806536e-08,6.645072e-08,6.672894e-08,6.849749e-08,6.723539e-08,6.698205e-08,6.549134e-08,6.643837e-08,6.448428e-08,6.605102e-08,6.919694e-08,6.683907e-08,6.696721e-08,6.617893e-08,6.732350e-08,6.861027e-08,6.650604e-08,6.755682e-08,6.774689e-08,6.708191e-08,6.834843e-08,6.807630e-08,6.722206e-08,6.803220e-08,6.676815e-08,6.700928e-08,6.738791e-08,6.584118e-08,6.805627e-08,6.686157e-08,6.689748e-08,6.948747e-08,6.915524e-08,6.602507e-08,6.762787e-08,6.681769e-08,6.737348e-08,6.663283e-08,6.625683e-08,6.908466e-08,6.555421e-08,6.566861e-08,6.662284e-08,6.764125e-08,6.697023e-08,6.705618e-08,6.755169e-08,6.539229e-08,6.609705e-08,6.747090e-08,6.545565e-08,
6.682237e-08,6.567497e-08,6.792134e-08,6.859479e-08,6.654603e-08,6.723888e-08,6.790002e-08,6.757944e-08,6.697411e-08,6.563885e-08,6.599751e-08,6.772525e-08,6.536346e-08,6.752499e-08,6.690796e-08,6.760776e-08,6.516136e-08,6.689356e-08,6.751207e-08,6.687808e-08,6.579911e-08,6.705337e-08,6.767943e-08,6.884965e-08,6.764552e-08,6.672222e-08,6.656208e-08,6.746920e-08,6.695761e-08,6.746142e-08,6.705462e-08,6.739826e-08,6.799175e-08,6.806560e-08,6.650743e-08,6.633449e-08,6.723864e-08,6.777714e-08,6.663911e-08,6.838775e-08,6.780897e-08,6.769584e-08,6.749471e-08,6.538054e-08,6.655032e-08,6.532464e-08,6.730492e-08,6.564277e-08,6.425177e-08,6.585608e-08,6.641359e-08,6.736414e-08,6.670823e-08,6.743425e-08,6.546151e-08,6.484112e-08,6.671448e-08,6.773855e-08,6.647137e-08,6.639525e-08,6.663625e-08,6.724434e-08,6.698824e-08,6.671496e-08,
6.716980e-08,6.739793e-08,6.610468e-08,6.791233e-08,6.610564e-08,6.772592e-08,6.655836e-08,6.790678e-08,6.953260e-08,6.498826e-08,6.698336e-08,6.691047e-08,6.755998e-08,6.514524e-08,6.631436e-08,6.707968e-08,6.743287e-08,6.729476e-08,6.788299e-08,6.599952e-08,6.699578e-08,6.816442e-08,6.675457e-08,6.544924e-08,6.675793e-08,6.714237e-08,6.718315e-08,6.885636e-08,6.917610e-08,6.720762e-08,6.778406e-08,6.627704e-08,6.714514e-08,6.734221e-08,6.696010e-08,6.582252e-08,6.815311e-08,6.780483e-08,6.589211e-08,6.726358e-08,6.764832e-08,6.628394e-08,6.541886e-08,6.641799e-08,6.678255e-08,6.800212e-08,6.818422e-08,6.681697e-08,6.729844e-08,6.599093e-08,6.626566e-08,6.635439e-08,6.659861e-08,6.742968e-08,6.704871e-08,6.813512e-08,6.594047e-08,6.622879e-08,6.679627e-08,6.612461e-08,6.781903e-08,6.638235e-08,6.752795e-08,6.627760e-08,
6.618874e-08,6.739798e-08,6.712072e-08,6.633896e-08,6.741183e-08,6.715413e-08,6.798214e-08,6.640069e-08,6.791838e-08,6.649949e-08,6.648501e-08,6.703376e-08,6.864640e-08,6.851639e-08,6.768428e-08,6.775244e-08,6.684335e-08,6.582181e-08,6.801218e-08,6.768878e-08,6.476421e-08,6.716031e-08,6.602185e-08,6.500935e-08,6.572137e-08,6.587583e-08,6.692140e-08,6.447562e-08,6.648445e-08,6.620805e-08,6.403899e-08,6.530688e-08,6.732218e-08,6.719024e-08,6.598617e-08,6.777809e-08,6.796404e-08,6.675599e-08,6.656057e-08,6.727222e-08,6.438354e-08,6.653804e-08,6.831676e-08,6.700355e-08,6.789541e-08,6.722373e-08,6.699755e-08,6.769966e-08,6.636094e-08,6.731667e-08,6.687657e-08,6.796226e-08,6.566761e-08,6.782379e-08,6.657921e-08,6.593246e-08,6.836589e-08,6.623536e-08,6.655999e-08,6.605511e-08,6.675886e-08,6.737800e-08,6.622712e-08,6.586065e-08,
6.580411e-08,6.833007e-08,6.806268e-08,6.597226e-08,6.651271e-08,6.721197e-08,6.751575e-08,6.663380e-08,6.619274e-08,6.940963e-08,6.631946e-08,6.682926e-08,6.778805e-08,6.756819e-08,6.785447e-08,6.558184e-08,6.649255e-08,6.702993e-08,6.748377e-08,6.589748e-08,6.726469e-08,6.562514e-08,6.676560e-08,6.589871e-08,6.559437e-08,6.808787e-08,6.855449e-08,6.647283e-08,6.513739e-08,6.710223e-08,6.767484e-08,6.596463e-08,6.545531e-08,6.723926e-08,6.661048e-08,6.830459e-08,6.569542e-08,6.792660e-08,6.743909e-08,6.621997e-08,6.911321e-08,6.629917e-08,6.650864e-08,6.814642e-08,6.846563e-08,6.851752e-08,6.758009e-08,6.693976e-08,6.596898e-08,6.737378e-08,6.735536e-08,6.523926e-08,6.684937e-08,6.622654e-08,6.562533e-08,6.626528e-08,6.790595e-08,6.755134e-08,6.675227e-08,6.732282e-08,6.630112e-08,6.785621e-08,6.667137e-08,6.712672e-08,
6.569685e-08,6.855965e-08,6.722824e-08,6.748679e-08,6.588691e-08,6.710570e-08,6.675896e-08,6.609264e-08,6.733501e-08,6.732931e-08,6.670944e-08,6.614461e-08,6.677936e-08,6.711390e-08,6.711605e-08,6.898966e-08,6.592072e-08,6.655861e-08,6.784693e-08,6.789826e-08,6.586900e-08,6.721977e-08,6.572104e-08,6.748297e-08,6.676583e-08,6.511684e-08,6.664670e-08,6.672363e-08,6.723494e-08,6.608266e-08,6.721903e-08,6.740755e-08,6.875579e-08,6.734460e-08,6.758036e-08,6.716422e-08,6.666342e-08,6.680663e-08,6.841565e-08,6.753433e-08,6.597373e-08,6.601711e-08,6.641806e-08,6.678875e-08,6.745603e-08,6.621565e-08,6.652007e-08,6.729554e-08,6.403352e-08,6.713169e-08,6.797998e-08,6.639971e-08,6.626942e-08,6.585436e-08,6.714159e-08,6.670068e-08,6.815248e-08,6.468377e-08,6.605570e-08,6.766496e-08,6.570931e-08,6.636704e-08,6.750401e-08,6.705617e-08,
6.720690e-08,6.656358e-08,6.696843e-08,6.784656e-08,6.609075e-08,6.681019e-08,6.690033e-08,6.782805e-08,6.668180e-08,6.836967e-08,6.625586e-08,6.885808e-08,6.534428e-08,6.753528e-08,6.612642e-08,6.756932e-08,6.644476e-08,6.741948e-08,6.720968e-08,6.799782e-08,6.704813e-08,6.616035e-08,6.667006e-08,6.527294e-08,6.596999e-08,6.693151e-08,6.532577e-08,6.591354e-08,6.656197e-08,6.656349e-08,6.844080e-08,6.680849e-08,6.748583e-08,6.885033e-08,6.545335e-08,6.906203e-08,6.634126e-08,6.705080e-08,6.615794e-08,6.689629e-08,6.531758e-08,6.782561e-08,6.766047e-08,6.747441e-08,6.793105e-08,6.684587e-08,6.602721e-08,6.596805e-08,6.746886e-08,6.813698e-08,6.850398e-08,6.609346e-08,6.715109e-08,6.744108e-08,6.781518e-08,6.641131e-08,6.535855e-08,6.722531e-08,6.567167e-08,6.590953e-08,6.452582e-08,6.564504e-08,6.607630e-08,6.647881e-08,
6.685521e-08,6.833689e-08,6.714322e-08,6.509039e-08,6.628799e-08,6.733020e-08,6.594201e-08,6.799208e-08,6.730553e-08,6.787524e-08,6.666544e-08,6.628819e-08,6.760376e-08,6.728238e-08,6.583932e-08,6.815161e-08,6.623282e-08,6.670702e-08,6.646738e-08,6.572971e-08,6.756754e-08,6.753273e-08,6.784633e-08,6.849282e-08,6.650523e-08,6.517115e-08,6.738759e-08,6.847080e-08,6.700835e-08,6.583688e-08,6.631395e-08,6.856674e-08,6.644117e-08,6.667204e-08,6.591628e-08,6.845650e-08,6.719459e-08,6.755906e-08,6.633190e-08,6.763050e-08,6.539266e-08,6.665337e-08,6.683854e-08,6.715495e-08,6.676185e-08,6.600841e-08,6.630486e-08,6.761566e-08,6.762974e-08,6.744328e-08,6.688740e-08,6.638380e-08,6.628058e-08,6.651246e-08,6.807002e-08,6.691003e-08,6.693943e-08,6.811454e-08,6.671889e-08,6.666108e-08,6.591382e-08,6.700346e-08,6.595213e-08,6.684421e-08,
6.556231e-08,6.866535e-08,6.703534e-08,6.710761e-08,6.679854e-08,6.551641e-08,6.472038e-08,6.841172e-08,6.736741e-08,6.783058e-08,6.717210e-08,6.589888e-08,6.456395e-08,6.675461e-08,6.619413e-08,6.826111e-08,6.670590e-08,6.718211e-08,6.850481e-08,6.957696e-08,6.624639e-08,6.690741e-08,6.669264e-08,6.831698e-08,6.606586e-08,6.694299e-08,6.535838e-08,6.774355e-08,6.611204e-08,6.523533e-08,6.534872e-08,6.838974e-08,6.616337e-08,6.582671e-08,6.778004e-08,6.874954e-08,6.784628e-08,6.684530e-08,6.760334e-08,6.733241e-08,6.441839e-08,6.687251e-08,6.668454e-08,6.658708e-08,6.729355e-08,6.560338e-08,6.564289e-08,6.607150e-08,6.655323e-08,6.789919e-08,6.701913e-08,6.785079e-08,6.733693e-08,6.800200e-08,6.515460e-08,6.761558e-08,6.476617e-08,6.663248e-08,6.715612e-08,6.819168e-08,6.904178e-08,6.875240e-08,6.744759e-08,6.689973e-08,
6.835015e-08,6.419494e-08,6.625530e-08,6.782044e-08,6.679669e-08,6.675814e-08,6.672830e-08,6.721873e-08,6.662270e-08,6.746805e-08,6.738371e-08,6.914880e-08,6.650915e-08,6.661222e-08,6.755306e-08,6.478190e-08,6.690784e-08,6.584297e-08,6.907502e-08,6.614793e-08,6.814727e-08,6.727136e-08,6.422792e-08,6.612703e-08,6.795851e-08,6.457772e-08,6.701286e-08,6.735561e-08,6.829376e-08,6.897598e-08,6.592022e-08,6.786169e-08,6.978457e-08,6.761963e-08,6.645308e-08,6.767731e-08,6.632339e-08,6.746398e-08,6.721135e-08,6.520827e-08,6.536003e-08,6.591654e-08,6.548171e-08,6.622920e-08,6.653244e-08,6.647446e-08,6.564847e-08,6.731887e-08,6.530570e-08,6.714534e-08,6.664140e-08,6.653668e-08,6.793007e-08,6.706359e-08,6.745521e-08,6.492738e-08,6.626737e-08,6.545750e-08,6.672102e-08,6.582567e-08,6.634360e-08,6.703405e-08,6.680238e-08,6.591861e-08,
6.548518e-08,6.715516e-08,6.764031e-08,6.615817e-08,6.465816e-08,6.823967e-08,6.950535e-08,6.782873e-08,6.569163e-08,6.503207e-08,6.725007e-08,6.739319e-08,6.468030e-08,6.592571e-08,6.715028e-08,6.679660e-08,6.773630e-08,6.598776e-08,6.760453e-08,6.496662e-08,6.589778e-08,6.815260e-08,6.715703e-08,6.605389e-08,6.856473e-08,6.709522e-08,6.798614e-08,6.784057e-08,6.808432e-08,6.776208e-08,6.685884e-08,6.667273e-08,6.732035e-08,6.629954e-08,6.744496e-08,6.682700e-08,6.821117e-08,6.704920e-08,6.784603e-08,6.699796e-08,6.576237e-08,6.566337e-08,6.619708e-08,6.538584e-08,6.591262e-08,6.775819e-08,6.934913e-08,6.632644e-08,6.652168e-08,6.683265e-08,6.764935e-08,6.827671e-08,6.703037e-08,6.563861e-08,6.718100e-08,6.674690e-08,6.751305e-08,6.676208e-08,6.446418e-08,6.701976e-08,6.668489e-08,6.726677e-08,6.799292e-08,6.634825e-08,
6.503207e-08,6.698184e-08,6.851171e-08,6.468421e-08,6.557884e-08,6.580798e-08,6.673385e-08,6.560577e-08,6.827459e-08,6.828337e-08,6.709398e-08,6.544347e-08,6.580192e-08,6.734868e-08,6.793877e-08,6.661954e-08,6.527551e-08,6.636115e-08,6.644268e-08,6.517227e-08,6.512723e-08,6.544685e-08,6.790430e-08,6.665779e-08,6.608708e-08,6.517811e-08,6.618575e-08,6.826924e-08,6.770587e-08,6.693821e-08,6.601496e-08,6.675746e-08,6.683325e-08,6.531179e-08,6.920292e-08,6.694535e-08,6.700113e-08,6.687712e-08,6.643052e-08,6.590570e-08,6.528275e-08,6.529763e-08,6.548105e-08,6.579050e-08,6.906451e-08,6.714672e-08,6.719004e-08,6.560156e-08,6.713010e-08,6.894962e-08,6.830483e-08,6.721470e-08,6.630313e-08,6.588120e-08,6.754972e-08,6.562967e-08,6.482072e-08,6.647773e-08,6.651722e-08,6.769528e-08,6.676145e-08,6.593459e-08,6.805792e-08,6.566718e-08,
6.526978e-08,6.856988e-08,6.837523e-08,6.673065e-08,6.698545e-08,6.609534e-08,6.628867e-08,6.641235e-08,6.608407e-08,6.755912e-08,6.666884e-08,6.609637e-08,6.712947e-08,6.717646e-08,6.800545e-08,6.569426e-08,6.771186e-08,6.562031e-08,6.770041e-08,6.623727e-08,6.774965e-08,6.705524e-08,6.904605e-08,6.736204e-08,6.922410e-08,6.712929e-08,6.729386e-08,6.512274e-08,6.638084e-08,6.539897e-08,6.830191e-08,6.597112e-08,6.411009e-08,6.705784e-08,6.676807e-08,6.715481e-08,6.760535e-08,6.711613e-08,6.667721e-08,6.702409e-08,6.534204e-08,6.636530e-08,6.607753e-08,6.845845e-08,6.759730e-08,6.775424e-08,6.641504e-08,6.862493e-08,6.569829e-08,6.673394e-08,6.730811e-08,6.713067e-08,6.764932e-08,6.844966e-08,6.554817e-08,6.654937e-08,6.740623e-08,6.916056e-08,6.765724e-08,6.645497e-08,6.712226e-08,6.712660e-08,6.650530e-08,6.832850e-08,
6.850882e-08,6.754217e-08,6.738528e-08,6.671873e-08,6.477042e-08,6.636114e-08,6.810613e-08,6.803156e-08,6.530600e-08,6.841825e-08,6.554198e-08,6.671079e-08,6.613693e-08,6.626267e-08,6.677236e-08,6.776681e-08,6.722897e-08,6.723393e-08,6.834662e-08,6.660770e-08,6.578728e-08,6.743697e-08,6.668180e-08,6.743407e-08,6.570245e-08,6.719847e-08,6.490322e-08,6.717835e-08,6.745576e-08,6.793137e-08,6.650421e-08,6.593298e-08,6.662886e-08,6.634106e-08,6.753781e-08,6.657496e-08,6.742238e-08,6.709408e-08,6.786753e-08,6.655865e-08,6.638031e-08,6.643376e-08,6.496648e-08,6.818300e-08,6.728930e-08,6.760236e-08,6.764798e-08,6.605626e-08,6.641180e-08,6.730347e-08,6.659774e-08,6.753281e-08,6.722863e-08,6.742102e-08,6.749478e-08,6.575904e-08,6.982184e-08,6.780383e-08,6.615888e-08,6.641769e-08,6.783765e-08,6.588530e-08,6.897578e-08,6.649753e-08,
6.765888e-08,6.821700e-08,6.648671e-08,6.802103e-08,6.595873e-08,6.820432e-08,6.614662e-08,6.765190e-08,6.747216e-08,6.755120e-08,6.688582e-08,6.640416e-08,6.775896e-08,6.713669e-08,6.779854e-08,6.771782e-08,6.633156e-08,6.618919e-08,6.754696e-08,6.696809e-08,6.558404e-08,6.913413e-08,6.688213e-08,6.594922e-08,6.677450e-08,6.660112e-08,6.599803e-08,6.609630e-08,6.772012e-08,6.727778e-08,6.489404e-08,6.666195e-08,6.702972e-08,6.678625e-08,6.560938e-08,6.847568e-08,6.789538e-08,6.741707e-08,6.631651e-08,6.877669e-08,6.758195e-08,6.644146e-08,6.736117e-08,6.590298e-08,6.620027e-08,6.762488e-08,6.730678e-08,6.523717e-08,6.620755e-08,6.610297e-08,6.721370e-08,6.761797e-08,6.646735e-08,6.736797e-08,6.747961e-08,6.681834e-08,6.726150e-08,6.826725e-08,6.890629e-08,6.745387e-08,6.822340e-08,6.650531e-08,6.731004e-08,6.622358e-08,
6.459984e-08,6.690297e-08,6.647800e-08,6.624727e-08,7.011835e-08,6.610884e-08,6.764890e-08,6.655791e-08,6.807989e-08,6.650623e-08,6.874222e-08,6.752455e-08,6.766997e-08,6.872298e-08,6.681418e-08,6.755407e-08,6.787449e-08,6.724721e-08,6.532055e-08,6.659096e-08,6.617182e-08,6.747946e-08,6.439437e-08,6.674554e-08,6.670101e-08,6.779574e-08,6.648881e-08,6.529255e-08,6.794244e-08,6.783034e-08,6.740557e-08,6.888877e-08,6.825617e-08,6.750318e-08,6.674215e-08,6.799573e-08,6.586840e-08,6.793960e-08,6.736349e-08,6.633854e-08,6.839941e-08,6.818699e-08,6.741718e-08,6.604925e-08,6.500226e-08,6.612761e-08,6.743881e-08,6.730362e-08,6.655132e-08,6.679442e-08,6.559007e-08,6.767203e-08,6.668161e-08,6.583201e-08,6.773652e-08,6.633917e-08,6.626510e-08,6.671901e-08,6.689807e-08,6.648509e-08,6.646572e-08,6.584784e-08,6.630809e-08,6.768380e-08,
6.855370e-08,6.784069e-08,6.684682e-08,6.807668e-08,6.645594e-08,6.767713e-08,6.559183e-08,6.602742e-08,6.780418e-08,6.624625e-08,6.658692e-08,6.688308e-08,6.783940e-08,6.550513e-08,6.707012e-08,6.633600e-08,6.847013e-08,6.585074e-08,6.692170e-08,6.662937e-08,6.898471e-08,6.740882e-08,6.619893e-08,6.699099e-08,6.764116e-08,6.749883e-08,6.644864e-08,6.639036e-08,6.540084e-08,6.728791e-08,6.694659e-08,6.720482e-08,6.686675e-08,6.709775e-08,6.704171e-08,6.921657e-08,6.769076e-08,6.640282e-08,6.782323e-08,6.753595e-08,6.776616e-08,6.729134e-08,6.630915e-08,6.719089e-08,6.753620e-08,6.784718e-08,6.765533e-08,6.708715e-08,6.641031e-08,6.535822e-08,6.649196e-08,6.603264e-08,6.753658e-08,6.674301e-08,6.807679e-08,6.533507e-08,6.797529e-08,6.715083e-08,6.584992e-08,6.730617e-08,6.824224e-08,6.632772e-08,6.793020e-08,6.945883e-08,
6.685832e-08,6.688293e-08,6.823445e-08,6.736159e-08,6.644898e-08,6.868099e-08,6.668454e-08,6.613879e-08,6.626400e-08,6.751234e-08,6.778248e-08,6.885283e-08,6.632659e-08,6.631348e-08,6.803132e-08,6.618446e-08,6.717525e-08,6.556292e-08,6.618161e-08,6.731039e-08,6.724092e-08,6.661939e-08,6.641574e-08,6.782532e-08,6.647859e-08,6.567983e-08,6.697263e-08,6.759278e-08,6.624933e-08,6.758201e-08,6.695921e-08,6.658550e-08,6.642066e-08,6.656105e-08,6.705690e-08,6.821385e-08,6.761379e-08,6.744616e-08,6.881207e-08,6.502844e-08,6.776915e-08,6.784379e-08,6.793374e-08,6.707538e-08,6.693537e-08,6.658650e-08,6.591848e-08,6.651183e-08,6.531010e-08,6.587952e-08,6.692403e-08,6.708945e-08,6.584308e-08,6.864545e-08,6.760888e-08,6.519617e-08,6.729253e-08,6.672838e-08,6.558275e-08,6.777455e-08,6.830249e-08,6.670724e-08,6.741800e-08,6.613816e-08,
6.786702e-08,6.718350e-08,6.661091e-08,6.558717e-08,6.551657e-08,6.548323e-08,6.692078e-08,6.718098e-08,6.831390e-08,6.837635e-08,6.770596e-08,6.812536e-08,6.896579e-08,6.713296e-08,6.737515e-08,6.583461e-08,6.774842e-08,6.681731e-08,6.736329e-08,6.785250e-08,6.829615e-08,6.937718e-08,6.610656e-08,6.604543e-08,6.760457e-08,6.616004e-08,6.761001e-08,6.714780e-08,6.519809e-08,6.713408e-08,6.576082e-08,6.415601e-08,6.565790e-08,6.809248e-08,6.700908e-08,6.672582e-08,6.713050e-08,6.895221e-08,6.691817e-08,6.786343e-08,6.639765e-08,6.839267e-08,6.662658e-08,6.809037e-08,6.760832e-08,6.654043e-08,6.485859e-08,6.869330e-08,6.639503e-08,6.769764e-08,6.736349e-08,6.671220e-08,6.678250e-08,6.838399e-08,6.704394e-08,6.647284e-08,6.527848e-08,6.774772e-08,6.669705e-08,6.678926e-08,6.703091e-08,6.542826e-08,6.666847e-08,6.642005e-08,
6.812306e-08,6.522496e-08,6.765689e-08,6.605218e-08,6.895604e-08,6.689334e-08,6.755874e-08,6.625705e-08,6.786834e-08,6.606883e-08,6.619848e-08,6.702887e-08,6.730206e-08,6.735761e-08,6.624416e-08,6.637186e-08,6.672256e-08,6.702671e-08,6.498480e-08,6.711341e-08,6.471302e-08,6.743043e-08,6.641069e-08,6.771386e-08,6.755982e-08,6.713301e-08,6.725283e-08,6.691264e-08,6.758491e-08,6.614915e-08,6.814315e-08,6.926402e-08,6.615302e-08,6.791151e-08,6.544422e-08,6.736291e-08,6.721212e-08,6.740138e-08,6.687105e-08,6.569665e-08,6.755923e-08,6.499414e-08,6.663075e-08,6.695413e-08,6.702839e-08,6.594087e-08,6.750084e-08,6.779524e-08,6.800735e-08,6.670615e-08,6.513205e-08,6.810228e-08,6.853903e-08,6.793738e-08,6.547236e-08,6.512408e-08,6.949168e-08,6.755003e-08,6.742441e-08,6.576742e-08,6.849088e-08,6.710799e-08,6.806407e-08,6.745495e-08,
6.521784e-08,6.650205e-08,6.601171e-08,6.636943e-08,6.869869e-08,6.775671e-08,6.650577e-08,6.713634e-08,6.757022e-08,6.643717e-08,6.827393e-08,6.645004e-08,6.517206e-08,6.751577e-08,6.684639e-08,6.555298e-08,6.871048e-08,6.614963e-08,6.752725e-08,6.538394e-08,6.601987e-08,6.560815e-08,6.716347e-08,6.697877e-08,6.680552e-08,6.771556e-08,6.719980e-08,6.656363e-08,6.848146e-08,6.776346e-08,6.580887e-08,6.579819e-08,6.689644e-08,6.682928e-08,6.607928e-08,6.689617e-08,6.451351e-08,6.735608e-08,6.727417e-08,6.714221e-08,6.742566e-08,6.874601e-08,6.624982e-08,6.572177e-08,6.674687e-08,6.668632e-08,6.797806e-08,6.783632e-08,6.705080e-08,6.815057e-08,6.737283e-08,6.563415e-08,6.836964e-08,6.663457e-08,6.825369e-08,6.537557e-08,6.539349e-08,6.583758e-08,6.584317e-08,6.724728e-08,6.528273e-08,6.724685e-08,6.741098e-08,6.806421e-08,
===
7.718154e-08,7.635583e-08,7.596757e-08,7.543757e-08,7.494410e-08,7.551215e-08,7.702534e-08,7.555390e-08,7.660828e-08,7.604873e-08,7.553716e-08,7.690074e-08,7.530328e-08,7.540431e-08,7.549363e-08,7.745823e-08,7.477792e-08,7.686456e-08,7.609601e-08,7.567534e-08,7.647025e-08,7.617832e-08,7.690324e-08,7.675465e-08,7.624494e-08,7.613009e-08,7.642474e-08,7.849791e-08,7.594535e-08,7.564270e-08,7.631593e-08,7.855626e-08,7.710631e-08,7.548760e-08,7.828174e-08,7.637658e-08,7.730281e-08,7.727982e-08,7.633750e-08,7.593889e-08,7.723360e-08,7.605220e-08,7.664243e-08,7.907521e-08,7.579653e-08,7.750784e-08,7.564395e-08,7.710329e-08,7.745790e-08,7.645770e-08,7.547833e-08,7.717452e-08,7.531241e-08,7.691981e-08,7.676845e-08,7.760824e-08,7.525564e-08,7.648775e-08,7.525995e-08,7.690092e-08,7.811610e-08,7.498957e-08,7.580625e-08,7.537284e-08,
7.801263e-08,7.825460e-08,7.645271e-08,7.621488e-08,7.684017e-08,7.583781e-08,7.789566e-08,7.599308e-08,7.748677e-08,7.692209e-08,7.602548e-08,7.697965e-08,7.842657e-08,7.712292e-08,7.613143e-08,7.668583e-08,7.714540e-08,7.606262e-08,7.805062e-08,7.640221e-08,7.526561e-08,7.597902e-08,7.863313e-08,7.553344e-08,7.648018e-08,7.413125e-08,7.500386e-08,7.682177e-08,7.834123e-08,7.710729e-08,7.579823e-08,7.487626e-08,7.731030e-08,7.758958e-08,7.519216e-08,7.618690e-08,7.459137e-08,7.633164e-08,7.739019e-08,7.785859e-08,7.511338e-08,7.468013e-08,7.694194e-08,7.632307e-08,7.599088e-08,7.571143e-08,7.749979e-08,7.516648e-08,7.626675e-08,7.799559e-08,7.668012e-08,7.623839e-08,7.624341e-08,7.613162e-08,7.730017e-08,7.649173e-08,7.689755e-08,7.780685e-08,7.549631e-08,7.607290e-08,7.633667e-08,7.594185e-08,7.511112e-08,7.661365e-08,
7.532195e-08,7.528880e-08,7.655452e-08,7.630274e-08,7.668370e-08,7.545992e-08,7.741711e-08,7.657540e-08,7.648875e-08,7.665187e-08,7.499135e-08,7.538135e-08,7.631767e-08,7.569669e-08,7.607847e-08,7.549882e-08,7.475266e-08,7.510368e-08,7.626070e-08,7.670717e-08,7.555196e-08,7.761087e-08,7.626775e-08,7.572951e-08,7.596926e-08,7.700620e-08,7.749551e-08,7.557617e-08,7.738849e-08,7.463923e-08,7.639332e-08,7.589732e-08,7.513803e-08,7.626365e-08,7.611227e-08,7.590454e-08,7.780886e-08,7.734118e-08,7.629175e-08,7.686048e-08,7.577955e-08,7.654138e-08,7.632569e-08,7.782932e-08,7.633005e-08,7.580869e-08,7.528986e-08,7.653913e-08,7.609587e-08,7.555274e-08,7.664330e-08,7.475023e-08,7.638033e-08,7.737504e-08,7.693931e-08,7.791711e-08,7.553594e-08,7.555490e-08,7.539320e-08,7.672947e-08,7.566526e-08,7.480650e-08,7.544168e-08,7.830902e-08,
7.669995e-08,7.535694e-08,7.683059e-08,7.648230e-08,7.589961e-08,7.642302e-08,7.769900e-08,7.663469e-08,7.775577e-08,7.844821e-08,7.704075e-08,7.598935e-08,7.731290e-08,7.630963e-08,7.627378e-08,7.543736e-08,7.686178e-08,7.575643e-08,7.778990e-08,7.798718e-08,7.617438e-08,7.546543e-08,7.680032e-08,7.739179e-08,7.654219e-08,7.751908e-08,7.697949e-08,7.610662e-08,7.683266e-08,7.536996e-08,7.374298e-08,7.529627e-08,7.720901e-08,7.599973e-08,7.557339e-08,7.758790e-08,7.630128e-08,7.763292e-08,7.597130e-08,7.563399e-08,7.521474e-08,7.802338e-08,7.780246e-08,7.889036e-08,7.522266e-08,7.461509e-08,7.441740e-08,7.564889e-08,7.596530e-08,7.812493e-08,7.625293e-08,7.554435e-08,7.548338e-08,7.636075e-08,7.571237e-08,7.424818e-08,7.489397e-08,7.660111e-08,7.612045e-08,7.598000e-08,7.435722e-08,7.463679e-08,7.624955e-08,7.641185e-08,
7.491358e-08,7.563911e-08,7.505587e-08,7.619695e-08,7.572332e-08,7.638797e-08,7.528538e-08,7.508346e-08,7.805363e-08,7.643852e-08,7.659588e-08,7.782114e-08,7.649461e-08,7.568805e-08,7.762210e-08,7.520727e-08,7.544815e-08,7.570120e-08,7.581131e-08,7.613030e-08,7.511770e-08,7.510643e-08,7.483294e-08,7.529207e-08,7.538533e-08,7.802237e-08,7.623857e-08,7.560219e-08,7.715505e-08,7.615248e-08,7.659099e-08,7.391693e-08,7.477841e-08,7.522273e-08,7.645063e-08,7.668122e-08,7.271775e-08,7.574043e-08,7.695822e-08,7.656896e-08,7.622294e-08,7.500789e-08,7.688417e-08,7.474165e-08,7.651526e-08,7.641600e-08,7.491962e-08,7.762598e-08,7.530493e-08,7.666193e-08,7.504861e-08,7.411914e-08,7.753375e-08,7.558807e-08,7.715247e-08,7.581919e-08,7.413622e-08,7.591064e-08,7.656083e-08,7.722658e-08,7.582418e-08,7.572287e-08,7.620708e-08,7.620801e-08,
7.576725e-08,7.747534e-08,7.651046e-08,7.480112e-08,7.614132e-08,7.556284e-08,7.562075e-08,7.532750e-08,7.650274e-08,7.739354e-08,7.610230e-08,7.680308e-08,7.662593e-08,7.838260e-08,7.515568e-08,7.617653e-08,7.549005e-08,7.497954e-08,7.574419e-08,7.606880e-08,7.551330e-08,7.759846e-08,7.728651e-08,7.794962e-08,7.655592e-08,7.764550e-08,7.729833e-08,7.429476e-08,7.642519e-08,7.733789e-08,7.736809e-08,7.439485e-08,7.634358e-08,7.681892e-08,7.616416e-08,7.490899e-08,7.441985e-08,7.653815e-08,7.638813e-08,7.376724e-08,7.577512e-08,7.565435e-08,7.654223e-08,7.790639e-08,7.801921e-08,7.583657e-08,7.587213e-08,7.756083e-08,7.742635e-08,7.532107e-08,7.670089e-08,7.508445e-08,7.794405e-08,7.457161e-08,7.578135e-08,7.590777e-08,7.590929e-08,7.696283e-08,7.580402e-08,7.418631e-08,7.618591e-08,7.387974e-08,7.649263e-08,7.769640e-08,
7.607925e-08,7.612478e-08,7.741983e-08,7.648099e-08,7.635526e-08,7.518268e-08,7.604216e-08,7.502239e-08,7.775145e-08,7.640058e-08,7.544162e-08,7.858801e-08,7.792396e-08,7.513670e-08,7.714761e-08,7.684688e-08,7.597657e-08,7.712326e-08,7.654014e-08,7.768002e-08,7.703299e-08,7.533387e-08,7.626527e-08,7.581262e-08,7.550501e-08,7.584080e-08,7.555741e-08,7.532244e-08,7.595407e-08,7.583006e-08,7.530678e-08,7.678445e-08,7.556150e-08,7.783531e-08,7.795451e-08,7.560189e-08,7.756521e-08,7.643589e-08,7.532052e-08,7.685227e-08,7.679851e-08,7.795691e-08,7.777838e-08,7.614053e-08,7.651031e-08,7.683282e-08,7.458524e-08,7.558879e-08,7.535264e-08,7.558298e-08,7.675805e-08,7.644913e-08,7.634747e-08,7.599414e-08,7.601334e-08,7.542905e-08,7.621003e-08,7.493004e-08,7.657647e-08,7.654540e-08,7.274369e-08,7.664834e-08,7.568742e-08,7.642429e-08,
7.640931e-08,7.493074e-08,7.681543e-08,7.700465e-08,7.576803e-08,7.472881e-08,7.669552e-08,7.567255e-08,7.506460e-08,7.631261e-08,7.517046e-08,7.597795e-08,7.527522e-08,7.578291e-08,7.540687e-08,7.782259e-08,7.564881e-08,7.594524e-08,7.796298e-08,7.510688e-08,7.786065e-08,7.579133e-08,7.447993e-08,7.647572e-08,7.743251e-08,7.667494e-08,7.700202e-08,7.713820e-08,7.406288e-08,7.598988e-08,7.601214e-08,7.750684e-08,7.582071e-08,7.661539e-08,7.746937e-08,7.549106e-08,7.586697e-08,7.591689e-08,7.636905e-08,7.603238e-08,7.361234e-08,7.684249e-08,7.596664e-08,7.716152e-08,7.579199e-08,7.632703e-08,7.529748e-08,7.561281e-08,7.557247e-08,7.584712e-08,7.740472e-08,7.677846e-08,7.688551e-08,7.506666e-08,7.629940e-08,7.595946e-08,7.549986e-08,7.808666e-08,7.556499e-08,7.735129e-08,7.643109e-08,7.645122e-08,7.693684e-08,7.571770e-08,
7.575177e-08,7.639252e-08,7.720693e-08,7.619501e-08,7.496185e-08,7.758347e-08,7.723435e-08,7.354021e-08,7.514431e-08,7.726756e-08,7.556729e-08,7.629442e-08,7.580673e-08,7.645001e-08,7.586293e-08,7.566854e-08,7.766241e-08,7.523609e-08,7.690447e-08,7.693995e-08,7.454768e-08,7.861395e-08,7.622475e-08,7.556712e-08,7.678708e-08,7.639756e-08,7.650424e-08,7.762489e-08,7.693658e-08,7.654054e-08,7.534195e-08,7.788369e-08,7.519007e-08,7.587556e-08,7.561843e-08,7.526260e-08,7.615696e-08,7.625191e-08,7.632424e-08,7.520906e-08,7.545405e-08,7.749192e-08,7.580474e-08,7.766848e-08,7.737742e-08,7.624340e-08,7.703241e-08,7.631552e-08,7.707656e-08,7.687225e-08,7.670545e-08,7.809951e-08,7.615356e-08,7.455682e-08,7.520497e-08,7.576251e-08,7.693527e-08,7.475239e-08,7.691216e-08,7.546046e-08,7.733758e-08,7.619782e-08,7.641756e-08,7.666344e-08,
7.627779e-08,7.568884e-08,7.614860e-08,7.646489e-08,7.866894e-08,7.727451e-08,7.631584e-08,7.686999e-08,7.659975e-08,7.666300e-08,7.466239e-08,7.538122e-08,7.679739e-08,7.959488e-08,7.620869e-08,7.538211e-08,7.522317e-08,7.511403e-08,7.614137e-08,7.579379e-08,7.489272e-08,7.376853e-08,7.713138e-08,7.618583e-08,7.469593e-08,7.706333e-08,7.517815e-08,7.443059e-08,7.456534e-08,7.631397e-08,7.639879e-08,7.551544e-08,7.706467e-08,7.705283e-08,7.605164e-08,7.609280e-08,7.712487e-08,7.584197e-08,7.713748e-08,7.427122e-08,7.682173e-08,7.533412e-08,7.572780e-08,7.668304e-08,7.506201e-08,7.599810e-08,7.510467e-08,7.651334e-08,7.586704e-08,7.464110e-08,7.526386e-08,7.585206e-08,7.397593e-08,7.538254e-08,7.662576e-08,7.580001e-08,7.579511e-08,7.614362e-08,7.570961e-08,7.628691e-08,7.810986e-08,7.751235e-08,7.581090e-08,7.638043e-08,
7.653220e-08,7.529954e-08,7.683322e-08,7.501502e-08,7.700138e-08,7.519797e-08,7.648465e-08,7.643808e-08,7.570960e-08,7.641630e-08,7.491984e-08,7.842487e-08,7.580961e-08,7.682645e-08,7.548475e-08,7.565738e-08,7.555283e-08,7.473238e-08,7.599337e-08,7.584507e-08,7.597078e-08,7.806491e-08,7.749341e-08,7.610123e-08,7.519265e-08,7.563374e-08,7.719458e-08,7.631479e-08,7.809446e-08,7.776691e-08,7.811999e-08,7.666530e-08,7.728720e-08,7.446044e-08,7.795945e-08,7.701194e-08,7.615969e-08,7.675503e-08,7.514616e-08,7.764251e-08,7.583639e-08,7.635718e-08,7.678291e-08,7.575668e-08,7.615278e-08,7.541922e-08,7.417272e-08,7.522722e-08,7.314639e-08,7.702506e-08,7.661719e-08,7.816409e-08,7.603244e-08,7.609104e-08,7.626237e-08,7.563828e-08,7.680227e-08,7.444236e-08,7.696692e-08,7.527646e-08,7.511357e-08,7.718182e-08,7.750164e-08,7.596134e-08,
7.780513e-08,7.586171e-08,7.619926e-08,7.427385e-08,7.797284e-08,7.714540e-08,7.607394e-08,7.664662e-08,7.781145e-08,7.623028e-08,7.697564e-08,7.553507e-08,7.762529e-08,7.423264e-08,7.649131e-08,7.728972e-08,7.549284e-08,7.475546e-08,7.430136e-08,7.725580e-08,7.608610e-08,7.700738e-08,7.660086e-08,7.545451e-08,7.756923e-08,7.649089e-08,7.575954e-08,7.603653e-08,7.619546e-08,7.601434e-08,7.460193e-08,7.585657e-08,7.674332e-08,7.532641e-08,7.549564e-08,7.491283e-08,7.852456e-08,7.752455e-08,7.578078e-08,7.688638e-08,7.658885e-08,7.733173e-08,7.560109e-08,7.625094e-08,7.598411e-08,7.598889e-08,7.461824e-08,7.758282e-08,7.724645e-08,7.519619e-08,7.412743e-08,7.601169e-08,7.719004e-08,7.619335e-08,7.489129e-08,7.628155e-08,7.560417e-08,7.587104e-08,7.623450e-08,7.694485e-08,7.586058e-08,7.590485e-08,7.593342e-08,7.623433e-08,
7.523683e-08,7.675705e-08,7.708260e-08,7.337849e-08,7.656950e-08,7.670642e-08,7.725107e-08,7.704828e-08,7.593632e-08,7.677234e-08,7.690741e-08,7.578405e-08,7.663728e-08,7.618313e-08,7.648797e-08,7.627703e-08,7.428786e-08,7.635204e-08,7.609397e-08,7.744022e-08,7.653675e-08,7.617181e-08,7.793611e-08,7.592367e-08,7.678655e-08,7.631712e-08,7.625657e-08,7.637408e-08,7.519175e-08,7.720520e-08,7.614494e-08,7.572969e-08,7.699938e-08,7.524329e-08,7.656945e-08,7.664455e-08,7.526902e-08,7.690440e-08,7.537966e-08,7.586693e-08,7.448008e-08,7.544374e-08,7.573368e-08,7.703340e-08,7.612712e-08,7.712924e-08,7.655811e-08,7.685381e-08,7.547959e-08,7.635530e-08,7.489783e-08,7.568135e-08,7.727488e-08,7.593948e-08,7.569214e-08,7.607297e-08,7.571443e-08,7.560473e-08,7.681512e-08,7.701478e-08,7.749369e-08,7.755012e-08,7.648084e-08,7.580716e-08,
7.666187e-08,7.517986e-08,7.487375e-08,7.553013e-08,7.615128e-08,7.771159e-08,7.599503e-08,7.686106e-08,7.717679e-08,7.623985e-08,7.559391e-08,7.603718e-08,7.467529e-08,7.592421e-08,7.553779e-08,7.692341e-08,7.619577e-08,7.624545e-08,7.710922e-08,7.667800e-08,7.788044e-08,7.596918e-08,7.627557e-08,7.731994e-08,7.715205e-08,7.590793e-08,7.621476e-08,7.644624e-08,7.643696e-08,7.599463e-08,7.742049e-08,7.933702e-08,7.719785e-08,7.784646e-08,7.544629e-08,7.394417e-08,7.793942e-08,7.541716e-08,7.715512e-08,7.668286e-08,7.547786e-08,7.546967e-08,7.670729e-08,7.661786e-08,7.702535e-08,7.784832e-08,7.484893e-08,7.429219e-08,7.628388e-08,7.597174e-08,7.618718e-08,7.529195e-08,7.574273e-08,7.645643e-08,7.678507e-08,7.493901e-08,7.570585e-08,7.641044e-08,7.608049e-08,7.512001e-08,7.551272e-08,7.452756e-08,7.677520e-08,7.681472e-08,
7.556948e-08,7.627543e-08,7.604713e-08,7.597762e-08,7.481087e-08,7.721802e-08,7.663953e-08,7.511868e-08,7.630532e-08,7.764037e-08,7.602990e-08,7.571921e-08,7.755639e-08,7.632964e-08,7.474510e-08,7.412336e-08,7.498271e-08,7.532049e-08,7.598453e-08,7.681281e-08,7.592925e-08,7.437068e-08,7.663566e-08,7.663724e-08,7.658514e-08,7.642975e-08,7.531845e-08,7.555156e-08,7.480187e-08,7.476408e-08,7.664049e-08,7.653078e-08,7.673151e-08,7.649856e-08,7.652950e-08,7.678570e-08,7.886226e-08,7.516530e-08,7.710130e-08,7.668920e-08,7.602630e-08,7.495667e-08,7.525059e-08,7.574901e-08,7.614194e-08,7.703159e-08,7.447267e-08,7.596141e-08,7.617891e-08,7.421329e-08,7.654256e-08,7.675421e-08,7.689791e-08,7.644628e-08,7.731443e-08,7.481355e-08,7.810716e-08,7.473888e-08,7.561135e-08,7.595557e-08,7.597550e-08,7.597476e-08,7.772744e-08,7.735084e-08,
7.668235e-08,7.683791e-08,7.636882e-08,7.894872e-08,7.569698e-08,7.685585e-08,7.755892e-08,7.654190e-08,7.657079e-08,7.696535e-08,7.679065e-08,7.624599e-08,7.613616e-08,7.733309e-08,7.524606e-08,7.506426e-08,7.795850e-08,7.575900e-08,7.615531e-08,7.660936e-08,7.762608e-08,7.567050e-08,7.760743e-08,7.622096e-08,7.787979e-08,7.563622e-08,7.635770e-08,7.562670e-08,7.718471e-08,7.427361e-08,7.822795e-08,7.679614e-08,7.613107e-08,7.724144e-08,7.693475e-08,7.881580e-08,7.615507e-08,7.517749e-08,7.602832e-08,7.648178e-08,7.664316e-08,7.576615e-08,7.756089e-08,7.660078e-08,7.608006e-08,7.500346e-08,7.754251e-08,7.838838e-08,7.534102e-08,7.638700e-08,7.753057e-08,7.794642e-08,7.542362e-08,7.541034e-08,7.592705e-08,7.714535e-08,7.717758e-08,7.599819e-08,7.585193e-08,7.667578e-08,7.698081e-08,7.618713e-08,7.545591e-08,7.580213e-08,
7.689607e-08,7.657406e-08,7.439242e-08,7.712605e-08,7.437230e-08,7.717816e-08,7.638913e-08,7.512599e-08,7.679514e-08,7.591927e-08,7.509525e-08,7.674634e-08,7.531075e-08,7.630741e-08,7.437898e-08,7.620038e-08,7.538327e-08,7.376303e-08,7.496817e-08,7.514707e-08,7.659669e-08,7.654842e-08,7.664751e-08,7.869847e-08,7.640410e-08,7.655901e-08,7.541166e-08,7.547501e-08,7.771994e-08,7.684392e-08,7.565293e-08,7.462890e-08,7.791148e-08,7.478459e-08,7.673013e-08,7.759329e-08,7.739013e-08,7.510299e-08,7.460044e-08,7.580164e-08,7.722411e-08,7.696952e-08,7.456696e-08,7.600130e-08,7.714492e-08,7.744583e-08,7.651587e-08,7.799058e-08,7.513702e-08,7.766759e-08,7.624450e-08,7.776986e-08,7.658479e-08,7.539446e-08,7.591868e-08,7.759390e-08,7.666569e-08,7.435580e-08,7.661370e-08,7.652998e-08,7.574623e-08,7.711592e-08,7.496376e-08,7.462289e-08,
7.610876e-08,7.531696e-08,7.703896e-08,7.733545e-08,7.678491e-08,7.663706e-08,7.647513e-08,7.667580e-08,7.748608e-08,7.448502e-08,7.715878e-08,7.509251e-08,7.702171e-08,7.689870e-08,7.673905e-08,7.565316e-08,7.680957e-08,7.540929e-08,7.525043e-08,7.874483e-08,7.769974e-08,7.855016e-08,7.680853e-08,7.725145e-08,7.641764e-08,7.607904e-08,7.573216e-08,7.490881e-08,7.494130e-08,7.661781e-08,7.705063e-08,7.672585e-08,7.708259e-08,7.509272e-08,7.692196e-08,7.681021e-08,7.617778e-08,7.848493e-08,7.687085e-08,7.624274e-08,7.662094e-08,7.632262e-08,7.552359e-08,7.531623e-08,7.731196e-08,7.635204e-08,7.557723e-08,7.586049e-08,7.603102e-08,7.653778e-08,7.535092e-08,7.782057e-08,7.511657e-08,7.692414e-08,7.409070e-08,7.629520e-08,7.659258e-08,7.613005e-08,7.526364e-08,7.482750e-08,7.642960e-08,7.651745e-08,7.803909e-08,7.628938e-08,
7.873836e-08,7.752889e-08,7.481422e-08,7.550443e-08,7.509656e-08,7.533520e-08,7.697335e-08,7.793406e-08,7.516135e-08,7.526731e-08,7.477583e-08,7.591488e-08,7.508218e-08,7.611665e-08,7.581624e-08,7.582745e-08,7.515231e-08,7.774129e-08,7.625948e-08,7.614168e-08,7.764791e-08,7.667284e-08,7.589033e-08,7.761893e-08,7.650652e-08,7.562945e-08,7.652195e-08,7.674267e-08,7.792937e-08,7.492649e-08,7.743190e-08,7.395705e-08,7.495045e-08,7.686917e-08,7.555027e-08,8.025591e-08,7.611400e-08,7.548563e-08,7.644395e-08,7.511903e-08,7.706096e-08,7.546417e-08,7.779943e-08,7.625961e-08,7.582205e-08,7.689509e-08,7.679276e-08,7.785189e-08,7.659908e-08,7.525410e-08,7.592792e-08,7.614170e-08,7.651155e-08,7.560864e-08,7.505338e-08,7.756887e-08,7.475642e-08,7.553613e-08,7.756348e-08,7.609963e-08,7.604719e-08,7.626321e-08,7.562215e-08,7.540901e-08,
7.589946e-08,7.438659e-08,7.629921e-08,7.648737e-08,7.568999e-08,7.601115e-08,7.713968e-08,7.648191e-08,7.416250e-08,7.760480e-08,7.409775e-08,7.644388e-08,7.637897e-08,7.569596e-08,7.731149e-08,7.625692e-08,7.604731e-08,7.474819e-08,7.732468e-08,7.721120e-08,7.677902e-08,7.482859e-08,7.777917e-08,7.536581e-08,7.496747e-08,7.649711e-08,7.615908e-08,7.647821e-08,7.638347e-08,7.624456e-08,7.372868e-08,7.665623e-08,7.692574e-08,7.552496e-08,7.335525e-08,7.650186e-08,7.558160e-08,7.531063e-08,7.667757e-08,7.469440e-08,7.650827e-08,7.687849e-08,7.893584e-08,7.664893e-08,7.393386e-08,7.493828e-08,7.529903e-08,7.774390e-08,7.743903e-08,7.727428e-08,7.808643e-08,7.672834e-08,7.501479e-08,7.643090e-08,7.636904e-08,7.913055e-08,7.636549e-08,7.601660e-08,7.653862e-08,7.524917e-08,7.801204e-08,7.806337e-08,7.651610e-08,7.667730e-08,
7.682993e-08,7.488117e-08,7.603239e-08,7.430343e-08,7.700187e-08,7.348104e-08,7.468458e-08,7.691037e-08,7.694864e-08,7.746528e-08,7.576766e-08,7.796176e-08,7.741105e-08,7.635977e-08,7.733332e-08,7.591860e-08,7.638997e-08,7.533749e-08,7.566278e-08,7.495632e-08,7.707555e-08,7.614864e-08,7.806263e-08,7.529921e-08,7.623294e-08,7.553256e-08,7.600470e-08,7.465583e-08,7.757732e-08,7.631605e-08,7.639290e-08,7.796521e-08,7.528641e-08,7.672271e-08,7.741736e-08,7.592011e-08,7.736216e-08,7.564604e-08,7.693314e-08,7.568785e-08,7.671062e-08,7.711636e-08,7.833709e-08,7.747784e-08,7.620342e-08,7.564256e-08,7.639187e-08,7.498321e-08,7.719754e-08,7.627114e-08,7.718445e-08,7.529341e-08,7.586315e-08,7.612875e-08,7.551272e-08,7.836603e-08,7.477966e-08,7.751814e-08,7.789476e-08,7.668589e-08,7.593637e-08,7.917431e-08,7.686761e-08,7.588175e-08,
7.624496e-08,7.646467e-08,7.723819e-08,7.555255e-08,7.595868e-08,7.720638e-08,7.539102e-08,7.431841e-08,7.577367e-08,7.529042e-08,7.623151e-08,7.645650e-08,7.678189e-08,7.713143e-08,7.778808e-08,7.665684e-08,7.669706e-08,7.669609e-08,7.782783e-08,7.654526e-08,7.698723e-08,7.719948e-08,7.796242e-08,7.626611e-08,7.625322e-08,7.707275e-08,7.575490e-08,7.521757e-08,7.641226e-08,7.553715e-08,7.631274e-08,7.468047e-08,7.558419e-08,7.710028e-08,7.570213e-08,7.740467e-08,7.520367e-08,7.666365e-08,7.792939e-08,7.525953e-08,7.597869e-08,7.615783e-08,7.694749e-08,7.493585e-08,7.569516e-08,7.896425e-08,7.736011e-08,7.583096e-08,7.658165e-08,7.649684e-08,7.508060e-08,7.852523e-08,7.478379e-08,7.624528e-08,7.812934e-08,7.934619e-08,7.694517e-08,7.645303e-08,7.660161e-08,7.677865e-08,7.647713e-08,7.620391e-08,7.566748e-08,7.589531e-08,
7.613474e-08,7.482199e-08,7.518952e-08,7.632123e-08,7.586822e-08,7.758464e-08,7.697016e-08,7.702690e-08,7.642044e-08,7.554224e-08,7.556719e-08,7.752575e-08,7.579234e-08,7.664389e-08,7.798142e-08,7.673999e-08,7.634540e-08,7.725351e-08,7.551124e-08,7.616518e-08,7.610985e-08,7.851449e-08,7.662963e-08,7.727700e-08,7.613054e-08,7.737459e-08,7.767027e-08,7.586661e-08,7.704907e-08,7.612148e-08,7.683149e-08,7.547971e-08,7.772161e-08,7.726613e-08,7.562560e-08,7.544485e-08,7.468903e-08,7.597943e-08,7.551157e-08,7.772351e-08,7.574530e-08,7.734048e-08,7.713519e-08,7.701095e-08,7.536986e-08,7.470373e-08,7.406268e-08,7.534970e-08,7.643323e-08,7.716235e-08,7.437260e-08,7.408415e-08,7.656628e-08,7.459531e-08,7.571111e-08,7.600796e-08,7.597308e-08,7.588744e-08,7.669486e-08,7.494973e-08,7.839861e-08,7.535883e-08,7.595704e-08,7.585529e-08,
7.715289e-08,7.671484e-08,7.657050e-08,7.572264e-08,7.535054e-08,7.786637e-08,7.686167e-08,7.698525e-08,7.659080e-08,7.543760e-08,7.688163e-08,7.657230e-08,7.840186e-08,7.598344e-08,7.707464e-08,7.654140e-08,7.646292e-08,7.776340e-08,7.706891e-08,7.448222e-08,7.592809e-08,7.646708e-08,7.442162e-08,7.564416e-08,7.640473e-08,7.628532e-08,7.630192e-08,7.828313e-08,7.645324e-08,7.593925e-08,7.575592e-08,7.705701e-08,7.554502e-08,7.687705e-08,7.458707e-08,7.590221e-08,7.598840e-08,7.613798e-08,7.484556e-08,7.601575e-08,7.531882e-08,7.693033e-08,7.766549e-08,7.531824e-08,7.643818e-08,7.828751e-08,7.645360e-08,7.449974e-08,7.899515e-08,7.691546e-08,7.650122e-08,7.635619e-08,7.656579e-08,7.722590e-08,7.795095e-08,7.563231e-08,7.555429e-08,7.703105e-08,7.668517e-08,7.508459e-08,7.634454e-08,7.506280e-08,7.531962e-08,7.562543e-08,
7.732989e-08,7.543678e-08,7.665402e-08,7.630340e-08,7.512599e-08,7.678795e-08,7.599925e-08,7.600430e-08,7.517522e-08,7.573075e-08,7.674764e-08,7.700284e-08,7.859198e-08,7.700059e-08,7.517982e-08,7.695604e-08,7.669317e-08,7.607473e-08,7.528383e-08,7.524997e-08,7.706910e-08,7.585562e-08,7.721297e-08,7.517156e-08,7.575558e-08,7.594759e-08,7.803778e-08,7.565417e-08,7.606377e-08,7.558718e-08,7.667003e-08,7.745340e-08,7.754833e-08,7.857826e-08,7.544298e-08,7.539859e-08,7.615782e-08,7.635351e-08,7.557520e-08,7.556364e-08,7.571399e-08,7.521330e-08,7.554684e-08,7.628727e-08,7.622713e-08,7.500913e-08,7.574210e-08,7.600107e-08,7.621107e-08,7.769756e-08,7.554602e-08,7.741995e-08,7.645842e-08,7.562319e-08,7.540306e-08,7.637949e-08,7.628989e-08,7.763253e-08,7.665162e-08,7.422540e-08,7.573681e-08,7.785291e-08,7.595685e-08,7.567515e-08,
7.492577e-08,7.650949e-08,7.690129e-08,7.547621e-08,7.771663e-08,7.816808e-08,7.557970e-08,7.776450e-08,7.715968e-08,7.727526e-08,7.538630e-08,7.617754e-08,7.751777e-08,7.753984e-08,7.721192e-08,7.633889e-08,7.663493e-08,7.508343e-08,7.680630e-08,7.709439e-08,7.519379e-08,7.614274e-08,7.503870e-08,7.695058e-08,7.555474e-08,7.477585e-08,7.630114e-08,7.470886e-08,7.689830e-08,7.509653e-08,7.707769e-08,7.608671e-08,7.668322e-08,7.553337e-08,7.711154e-08,7.616447e-08,7.672659e-08,7.798471e-08,7.612443e-08,7.679183e-08,7.607489e-08,7.594648e-08,7.659864e-08,7.501434e-08,7.894646e-08,7.583808e-08,7.762409e-08,7.749596e-08,7.496559e-08,7.743021e-08,7.677788e-08,7.694267e-08,7.495829e-08,7.496055e-08,7.806026e-08,7.690945e-08,7.567491e-08,7.699231e-08,7.715588e-08,7.571001e-08,7.660989e-08,7.654696e-08,7.793733e-08,7.728028e-08,
7.551555e-08,7.482469e-08,7.563335e-08,7.593007e-08,7.451907e-08,7.716065e-08,7.693703e-08,7.762798e-08,7.650027e-08,7.624294e-08,7.578189e-08,7.803625e-08,7.603414e-08,7.547198e-08,7.622004e-08,7.354734e-08,7.582807e-08,7.673596e-08,7.801354e-08,7.427416e-08,7.574054e-08,7.806590e-08,7.552949e-08,7.520518e-08,7.537630e-08,7.617839e-08,7.533100e-08,7.505896e-08,7.618391e-08,7.642519e-08,7.635818e-08,7.686420e-08,7.551118e-08,7.563803e-08,7.623047e-08,7.501193e-08,7.801575e-08,7.475791e-08,7.449051e-08,7.684528e-08,7.642490e-08,7.619815e-08,7.442395e-08,7.723547e-08,7.602744e-08,7.700016e-08,7.698098e-08,7.571481e-08,7.581786e-08,7.583012e-08,7.609287e-08,7.745341e-08,7.623758e-08,7.574157e-08,7.638490e-08,7.634694e-08,7.617669e-08,7.604509e-08,7.588097e-08,7.759133e-08,7.493628e-08,7.754313e-08,7.598819e-08,7.710601e-08,
7.616286e-08,7.643971e-08,7.690802e-08,7.583247e-08,7.611094e-08,7.668814e-08,7.712282e-08,7.573089e-08,7.621390e-08,7.616492e-08,7.643936e-08,7.641323e-08,7.626751e-08,7.598509e-08,7.665124e-08,7.622415e-08,7.599968e-08,7.731257e-08,7.710598e-08,7.632764e-08,7.675746e-08,7.636480e-08,7.601068e-08,7.569551e-08,7.770032e-08,7.663655e-08,7.701745e-08,7.743455e-08,7.615080e-08,7.704483e-08,7.526459e-08,7.627249e-08,7.604942e-08,7.354275e-08,7.737685e-08,7.693287e-08,7.733045e-08,7.761275e-08,7.575530e-08,7.682948e-08,7.521512e-08,7.599115e-08,7.583960e-08,7.798555e-08,7.610322e-08,7.582590e-08,7.685113e-08,7.744992e-08,7.651504e-08,7.612286e-08,7.705193e-08,7.469759e-08,7.685195e-08,7.518872e-08,7.708106e-08,7.451116e-08,7.647218e-08,7.778203e-08,7.626326e-08,7.576560e-08,7.716554e-08,7.693144e-08,7.740246e-08,7.524396e-08,
7.696091e-08,7.724460e-08,7.601145e-08,7.786830e-08,7.555869e-08,7.648681e-08,7.565771e-08,7.677548e-08,7.608381e-08,7.655834e-08,7.635656e-08,7.687311e-08,7.539117e-08,7.563069e-08,7.551122e-08,7.749697e-08,7.500851e-08,7.636167e-08,7.717977e-08,7.604188e-08,7.621870e-08,7.604354e-08,7.599039e-08,7.645725e-08,7.697909e-08,7.664859e-08,7.858479e-08,7.551818e-08,7.859729e-08,7.576179e-08,7.832482e-08,7.732034e-08,7.591484e-08,7.539575e-08,7.663371e-08,7.628912e-08,7.577368e-08,7.736736e-08,7.646213e-08,7.540611e-08,7.694538e-08,7.717284e-08,7.599297e-08,7.602691e-08,7.562875e-08,7.458521e-08,7.610523e-08,7.590265e-08,7.765705e-08,7.566610e-08,7.603170e-08,7.646325e-08,7.685813e-08,7.626936e-08,7.593124e-08,7.588932e-08,7.585846e-08,7.520672e-08,7.678439e-08,7.726867e-08,7.541085e-08,7.625757e-08,7.482038e-08,7.545329e-08,
7.789584e-08,7.552884e-08,7.687771e-08,7.663353e-08,7.763933e-08,7.718938e-08,7.606955e-08,7.546189e-08,7.714462e-08,7.618164e-08,7.479521e-08,7.577174e-08,7.453393e-08,7.547439e-08,7.765409e-08,7.618583e-08,7.691998e-08,7.719580e-08,7.634166e-08,7.661048e-08,7.436059e-08,7.761584e-08,7.683850e-08,7.643210e-08,7.497374e-08,7.538685e-08,7.769176e-08,7.669318e-08,7.706780e-08,7.745948e-08,7.656523e-08,7.651485e-08,7.678458e-08,7.738976e-08,7.616712e-08,7.492788e-08,7.576974e-08,7.708518e-08,7.665807e-08,7.671447e-08,7.717765e-08,7.654508e-08,7.771930e-08,7.523489e-08,7.453170e-08,7.680314e-08,7.654209e-08,7.573255e-08,7.789067e-08,7.756635e-08,7.638360e-08,7.628342e-08,7.557040e-08,7.499336e-08,7.519268e-08,7.678982e-08,7.747926e-08,7.594234e-08,7.618803e-08,7.651519e-08,7.460788e-08,7.743911e-08,7.545095e-08,7.588615e-08,
7.720783e-08,7.690851e-08,7.726388e-08,7.569797e-08,7.535487e-08,7.749075e-08,7.574253e-08,7.506264e-08,7.554026e-08,7.706725e-08,7.552524e-08,7.633031e-08,7.657230e-08,7.645744e-08,7.657593e-08,7.719014e-08,7.663515e-08,7.761906e-08,7.474476e-08,7.671467e-08,7.710115e-08,7.550022e-08,7.727546e-08,7.612058e-08,7.748481e-08,7.595923e-08,7.671100e-08,7.571401e-08,7.631175e-08,7.761647e-08,7.620580e-08,7.499598e-08,7.704234e-08,7.539436e-08,7.674642e-08,7.607894e-08,7.649786e-08,7.534897e-08,7.667108e-08,7.569316e-08,7.538744e-08,7.393055e-08,7.588766e-08,7.644086e-08,7.660048e-08,7.595376e-08,7.518269e-08,7.636170e-08,7.612173e-08,7.824721e-08,7.654093e-08,7.623660e-08,7.618122e-08,7.676953e-08,7.679671e-08,7.579752e-08,7.536227e-08,7.495097e-08,7.739055e-08,7.644266e-08,7.527973e-08,7.670780e-08,7.472642e-08,7.673156e-08,
7.799132e-08,7.672089e-08,7.675223e-08,7.627363e-08,7.613461e-08,7.888142e-08,7.784702e-08,7.671445e-08,7.699324e-08,7.665157e-08,7.658989e-08,7.645063e-08,7.555651e-08,7.756257e-08,7.432572e-08,7.443715e-08,7.686279e-08,7.650590e-08,7.733527e-08,7.910127e-08,7.638270e-08,7.549774e-08,7.739676e-08,7.561861e-08,7.741557e-08,7.514518e-08,7.665198e-08,7.753122e-08,7.578199e-08,7.677629e-08,7.687309e-08,7.555799e-08,7.525016e-08,7.631470e-08,7.583192e-08,7.513656e-08,7.553232e-08,7.663637e-08,7.693022e-08,7.566362e-08,7.653510e-08,7.538112e-08,7.594087e-08,7.631329e-08,7.350178e-08,7.600580e-08,7.599870e-08,7.622084e-08,7.567611e-08,7.627399e-08,7.642706e-08,7.683296e-08,7.774225e-08,7.495556e-08,7.576353e-08,7.709796e-08,7.633596e-08,7.600862e-08,7.647104e-08,7.582793e-08,7.587577e-08,7.689461e-08,7.405591e-08,7.635495e-08,
7.580182e-08,7.446183e-08,7.437873e-08,7.527383e-08,7.610675e-08,7.839319e-08,7.729945e-08,7.679247e-08,7.734135e-08,7.676113e-08,7.572785e-08,7.621755e-08,7.656584e-08,7.745963e-08,7.699940e-08,7.583096e-08,7.692230e-08,7.775855e-08,7.552984e-08,7.564300e-08,7.622329e-08,7.507098e-08,7.362934e-08,7.499659e-08,7.731244e-08,7.630804e-08,7.612062e-08,7.516537e-08,7.657585e-08,7.637543e-08,7.593848e-08,7.694531e-08,7.566008e-08,7.749964e-08,7.599217e-08,7.635886e-08,7.609513e-08,7.734835e-08,7.657073e-08,7.447132e-08,7.544034e-08,7.935521e-08,7.598302e-08,7.606781e-08,7.559696e-08,7.606402e-08,7.730352e-08,7.584568e-08,7.615178e-08,7.658215e-08,7.536946e-08,7.695074e-08,7.528349e-08,7.467405e-08,7.883344e-08,7.632340e-08,7.720819e-08,7.707019e-08,7.572333e-08,7.465631e-08,7.661556e-08,7.674369e-08,7.682502e-08,7.569302e-08,
7.580806e-08,7.578311e-08,7.501663e-08,7.537451e-08,7.773689e-08,7.544720e-08,7.758071e-08,7.686247e-08,7.666232e-08,7.626892e-08,7.601780e-08,7.651633e-08,7.803519e-08,7.581413e-08,7.489549e-08,7.490079e-08,7.651652e-08,7.683240e-08,7.666691e-08,7.729172e-08,7.749637e-08,7.635514e-08,7.564640e-08,7.652896e-08,7.706602e-08,7.600998e-08,7.584596e-08,7.682524e-08,7.474698e-08,7.636183e-08,7.608399e-08,7.541034e-08,7.740179e-08,7.458038e-08,7.447903e-08,7.531037e-08,7.754572e-08,7.620476e-08,7.492550e-08,7.590334e-08,7.698977e-08,7.699522e-08,7.697747e-08,7.692773e-08,7.558676e-08,7.582741e-08,7.648686e-08,7.596488e-08,7.655598e-08,7.698488e-08,7.558829e-08,7.707719e-08,7.622296e-08,7.601819e-08,7.538650e-08,7.559947e-08,7.654524e-08,7.597917e-08,7.764995e-08,7.532873e-08,7.349692e-08,7.745513e-08,7.660580e-08,7.651594e-08,
7.668509e-08,7.590294e-08,7.644181e-08,7.608971e-08,7.615162e-08,7.780441e-08,7.523686e-08,7.616839e-08,7.489290e-08,7.602590e-08,7.540901e-08,7.499987e-08,7.720922e-08,7.525495e-08,7.742548e-08,7.449828e-08,7.641558e-08,7.773993e-08,7.490322e-08,7.721187e-08,7.546907e-08,7.644716e-08,7.730271e-08,7.579694e-08,7.486496e-08,7.672979e-08,7.570306e-08,7.559488e-08,7.593784e-08,7.673597e-08,7.665694e-08,7.716124e-08,7.685763e-08,7.498205e-08,7.665597e-08,7.567300e-08,7.772851e-08,7.578415e-08,7.740934e-08,7.679690e-08,7.511874e-08,7.649769e-08,7.853295e-08,7.670195e-08,7.638212e-08,7.695014e-08,7.504954e-08,7.615051e-08,7.606545e-08,7.547464e-08,7.746103e-08,7.771640e-08,7.506481e-08,7.538578e-08,7.542860e-08,7.512170e-08,7.554924e-08,7.637011e-08,7.747520e-08,7.659805e-08,7.717736e-08,7.502649e-08,7.504518e-08,7.662803e-08,
7.650291e-08,7.612793e-08,7.660857e-08,7.648148e-08,7.518453e-08,7.665384e-08,7.586386e-08,7.466359e-08,7.726645e-08,7.736403e-08,7.613846e-08,7.677159e-08,7.758531e-08,7.638318e-08,7.685461e-08,7.791140e-08,7.561733e-08,7.679654e-08,7.450935e-08,7.562382e-08,7.650526e-08,7.496580e-08,7.598593e-08,7.532538e-08,7.681094e-08,7.614332e-08,7.602310e-08,7.475607e-08,7.768127e-08,7.576210e-08,7.533426e-08,7.552879e-08,7.503938e-08,7.498473e-08,7.563272e-08,7.632380e-08,7.620079e-08,7.686019e-08,7.651127e-08,7.730289e-08,7.600452e-08,7.662894e-08,7.672172e-08,7.476335e-08,7.611177e-08,7.461243e-08,7.565277e-08,7.545054e-08,7.644195e-08,7.589817e-08,7.693104e-08,7.824781e-08,7.876876e-08,7.712927e-08,7.631020e-08,7.768436e-08,7.614944e-08,7.580659e-08,7.668408e-08,7.608136e-08,7.780187e-08,7.815158e-08,7.483634e-08,7.523769e-08,
7.776223e-08,7.513308e-08,7.632044e-08,7.604532e-08,7.629018e-08,7.814774e-08,7.843198e-08,7.601648e-08,7.551972e-08,7.677422e-08,7.555553e-08,7.761766e-08,7.488198e-08,7.732070e-08,7.603255e-08,7.708020e-08,7.689335e-08,7.718794e-08,7.729826e-08,7.766323e-08,7.690031e-08,7.613279e-08,7.612353e-08,7.640559e-08,7.552649e-08,7.538057e-08,7.545778e-08,7.665967e-08,7.552793e-08,7.413240e-08,7.552427e-08,7.570181e-08,7.643177e-08,7.874341e-08,7.591175e-08,7.518264e-08,7.587704e-08,7.607811e-08,7.693982e-08,7.744343e-08,7.469230e-08,7.657867e-08,7.686945e-08,7.627702e-08,7.634627e-08,7.497240e-08,7.509057e-08,7.614811e-08,7.674964e-08,7.647573e-08,7.667314e-08,7.516087e-08,7.471117e-08,7.712980e-08,7.752386e-08,7.602420e-08,7.714585e-08,7.750861e-08,7.563799e-08,7.831442e-08,7.689375e-08,7.782267e-08,7.713851e-08,7.633498e-08,
7.526180e-08,7.741039e-08,7.499750e-08,7.751647e-08,7.567601e-08,7.569586e-08,7.774424e-08,7.648383e-08,7.759284e-08,7.418202e-08,7.483050e-08,7.781050e-08,7.478557e-08,7.703338e-08,7.744808e-08,7.785907e-08,7.612180e-08,7.526661e-08,7.648172e-08,7.678845e-08,7.514289e-08,7.761451e-08,7.777481e-08,7.858134e-08,7.592968e-08,7.677881e-08,7.572474e-08,7.509414e-08,7.643880e-08,7.546482e-08,7.689539e-08,7.790421e-08,7.625592e-08,7.587278e-08,7.695636e-08,7.553070e-08,7.684175e-08,7.737028e-08,7.607971e-08,7.691445e-08,7.661969e-08,7.742592e-08,7.693769e-08,7.543033e-08,7.403529e-08,7.526538e-08,7.578619e-08,7.495371e-08,7.735441e-08,7.775825e-08,7.635536e-08,7.716424e-08,7.812527e-08,7.639075e-08,7.575632e-08,7.610578e-08,7.672177e-08,7.480273e-08,7.598803e-08,7.678581e-08,7.655519e-08,7.750547e-08,7.721203e-08,7.613053e-08,
7.692608e-08,7.592722e-08,7.531785e-08,7.700232e-08,7.636260e-08,7.752120e-08,7.823605e-08,7.568320e-08,7.587033e-08,7.618498e-08,7.464524e-08,7.550517e-08,7.499810e-08,7.693462e-08,7.729987e-08,7.700275e-08,7.665649e-08,7.560070e-08,7.568160e-08,7.724300e-08,7.601108e-08,7.669617e-08,7.688509e-08,7.671401e-08,7.488836e-08,7.507815e-08,7.777518e-08,7.440674e-08,7.716068e-08,7.429158e-08,7.499549e-08,7.598318e-08,7.451523e-08,7.706414e-08,7.792733e-08,7.810976e-08,7.692222e-08,7.665015e-08,7.669919e-08,7.624270e-08,7.584681e-08,7.398361e-08,7.722958e-08,7.756569e-08,7.560973e-08,7.582490e-08,7.713583e-08,7.674601e-08,7.628566e-08,7.603311e-08,7.592239e-08,7.626894e-08,7.779775e-08,7.621848e-08,7.643957e-08,7.491969e-08,7.608849e-08,7.744049e-08,7.585693e-08,7.832049e-08,7.546095e-08,7.578874e-08,7.575999e-08,7.481482e-08,
7.664868e-08,7.693343e-08,7.596861e-08,7.503960e-08,7.760170e-08,7.649499e-08,7.636789e-08,7.572283e-08,7.445681e-08,7.640130e-08,7.842145e-08,7.688099e-08,7.666576e-08,7.762124e-08,7.630818e-08,7.670586e-08,7.632080e-08,7.608898e-08,7.674001e-08,7.660720e-08,7.386094e-08,7.607939e-08,7.603087e-08,7.441645e-08,7.619272e-08,7.637347e-08,7.559360e-08,7.693272e-08,7.673594e-08,7.661732e-08,7.702680e-08,7.644489e-08,7.774206e-08,7.636072e-08,7.762798e-08,7.599031e-08,7.541151e-08,7.647759e-08,7.672567e-08,7.681763e-08,7.595769e-08,7.606427e-08,7.602754e-08,7.734244e-08,7.506979e-08,7.631462e-08,7.666295e-08,7.524670e-08,7.759882e-08,7.704819e-08,7.774266e-08,7.645903e-08,7.791412e-08,7.671555e-08,7.706054e-08,7.630849e-08,7.504093e-08,7.602044e-08,7.675087e-08,7.608368e-08,7.629334e-08,7.538954e-08,7.834554e-08,7.795798e-08,
7.819078e-08,7.660393e-08,7.553689e-08,7.633902e-08,7.711264e-08,7.689937e-08,7.447884e-08,7.587716e-08,7.664260e-08,7.609434e-08,7.551559e-08,7.606938e-08,7.574510e-08,7.587909e-08,7.538118e-08,7.535828e-08,7.730949e-08,7.621532e-08,7.729542e-08,7.618465e-08,7.593195e-08,7.588824e-08,7.603197e-08,7.681265e-08,7.780018e-08,7.571734e-08,7.583915e-08,7.671596e-08,7.622380e-08,7.592955e-08,7.608845e-08,7.721825e-08,7.601133e-08,7.548964e-08,7.740709e-08,7.698787e-08,7.627491e-08,7.435120e-08,7.606642e-08,7.504567e-08,7.525050e-08,7.782408e-08,7.653139e-08,7.519453e-08,7.518446e-08,7.607979e-08,7.639662e-08,7.543176e-08,7.771385e-08,7.633807e-08,7.731068e-08,7.697562e-08,7.636087e-08,7.664126e-08,7.537016e-08,7.590532e-08,7.691555e-08,7.597276e-08,7.754120e-08,7.608880e-08,7.607268e-08,7.589570e-08,7.642348e-08,7.623864e-08,
7.601478e-08,7.650839e-08,7.696945e-08,7.665917e-08,7.718628e-08,7.551355e-08,7.796350e-08,7.837937e-08,7.513984e-08,7.594062e-08,7.774790e-08,7.686197e-08,7.601093e-08,7.766799e-08,7.579640e-08,7.658106e-08,7.548309e-08,7.681815e-08,7.706420e-08,7.656059e-08,7.779352e-08,7.596929e-08,7.566976e-08,7.322532e-08,7.610468e-08,7.735413e-08,7.696544e-08,7.541456e-08,7.518855e-08,7.684069e-08,7.627836e-08,7.697826e-08,7.577668e-08,7.785060e-08,7.756212e-08,7.690615e-08,7.575732e-08,7.786154e-08,7.570698e-08,7.398084e-08,7.651309e-08,7.776010e-08,7.738877e-08,7.587469e-08,7.653604e-08,7.626960e-08,7.514155e-08,7.707006e-08,7.693219e-08,7.636985e-08,7.670458e-08,7.543748e-08,7.670116e-08,7.664853e-08,7.495714e-08,7.778713e-08,7.614252e-08,7.604215e-08,7.572737e-08,7.632531e-08,7.601571e-08,7.544147e-08,7.847354e-08,7.564251e-08,
7.669551e-08,7.433534e-08,7.574665e-08,7.689254e-08,7.573799e-08,7.582405e-08,7.583608e-08,7.520603e-08,7.596170e-08,7.542063e-08,7.894859e-08,7.738620e-08,7.524349e-08,7.441738e-08,7.490722e-08,7.630321e-08,7.657803e-08,7.648398e-08,7.669407e-08,7.656332e-08,7.569098e-08,7.623135e-08,7.806853e-08,7.570203e-08,7.762951e-08,7.660744e-08,7.730990e-08,7.704176e-08,7.529687e-08,7.546579e-08,7.654565e-08,7.757523e-08,7.592527e-08,7.803837e-08,7.660058e-08,7.784103e-08,7.597324e-08,7.499714e-08,7.700882e-08,7.461354e-08,7.675557e-08,7.578824e-08,7.639212e-08,7.828335e-08,7.477078e-08,7.785792e-08,7.488072e-08,7.552488e-08,7.730781e-08,7.575960e-08,7.556773e-08,7.646295e-08,7.564294e-08,7.689587e-08,7.759147e-08,7.602606e-08,7.543873e-08,7.655230e-08,7.654743e-08,7.655335e-08,7.619659e-08,7.565929e-08,7.635593e-08,7.555729e-08,
7.602817e-08,7.545485e-08,7.433638e-08,7.643002e-08,7.677040e-08,7.555228e-08,7.636031e-08,7.595321e-08,7.767687e-08,7.661719e-08,7.745548e-08,7.796438e-08,7.516093e-08,7.623847e-08,7.534696e-08,7.479066e-08,7.570222e-08,7.651889e-08,7.433259e-08,7.590460e-08,7.619353e-08,7.827821e-08,7.615078e-08,7.548272e-08,7.652791e-08,7.620708e-08,7.467645e-08,7.495010e-08,7.723094e-08,7.666034e-08,7.464693e-08,7.544375e-08,7.570063e-08,7.520618e-08,7.498792e-08,7.527006e-08,7.737745e-08,7.686372e-08,7.636792e-08,7.589002e-08,7.810970e-08,7.504393e-08,7.615864e-08,7.577893e-08,7.472808e-08,7.576361e-08,7.460763e-08,7.794121e-08,7.623256e-08,7.624978e-08,7.688830e-08,7.553565e-08,7.534511e-08,7.624222e-08,7.795799e-08,7.534576e-08,7.733524e-08,7.571983e-08,7.650398e-08,7.655288e-08,7.651050e-08,7.658159e-08,7.589409e-08,7.655130e-08,
7.879074e-08,7.620209e-08,7.848238e-08,7.445659e-08,7.755078e-08,7.604329e-08,7.614573e-08,7.552271e-08,7.688500e-08,7.523131e-08,7.844537e-08,7.655493e-08,7.639481e-08,7.595576e-08,7.544759e-08,7.665437e-08,7.613352e-08,7.672388e-08,7.793201e-08,7.612838e-08,7.804862e-08,7.654332e-08,7.713466e-08,7.661408e-08,7.717857e-08,7.520100e-08,7.580915e-08,7.519271e-08,7.571842e-08,7.678883e-08,7.651257e-08,7.684396e-08,7.639665e-08,7.574407e-08,7.505656e-08,7.479803e-08,7.632068e-08,7.582811e-08,7.629881e-08,7.551360e-08,7.511575e-08,7.620246e-08,7.605035e-08,7.626367e-08,7.613078e-08,7.537323e-08,7.742252e-08,7.804860e-08,7.722247e-08,7.818423e-08,7.567493e-08,7.690521e-08,7.710048e-08,7.637648e-08,7.687355e-08,7.635391e-08,7.587840e-08,7.660747e-08,7.522803e-08,7.638073e-08,7.602858e-08,7.735183e-08,7.536942e-08,7.819815e-08,
7.725092e-08,7.593188e-08,7.522180e-08,7.722176e-08,7.556460e-08,7.613843e-08,7.700080e-08,7.645562e-08,7.745444e-08,7.523391e-08,7.744794e-08,7.593237e-08,7.775081e-08,7.730721e-08,7.544579e-08,7.637933e-08,7.682767e-08,7.584072e-08,7.680054e-08,7.578268e-08,7.648144e-08,7.508693e-08,7.830203e-08,7.459530e-08,7.596447e-08,7.729410e-08,7.621996e-08,7.739823e-08,7.532772e-08,7.601469e-08,7.552243e-08,7.630285e-08,7.641036e-08,7.746519e-08,7.642360e-08,7.562130e-08,7.617170e-08,7.731404e-08,7.647419e-08,7.731330e-08,7.620264e-08,7.470104e-08,7.590918e-08,7.532249e-08,7.764692e-08,7.557691e-08,7.501815e-08,7.438291e-08,7.687709e-08,7.529330e-08,7.623749e-08,7.591713e-08,7.700356e-08,7.506181e-08,7.500982e-08,7.698751e-08,7.568399e-08,7.653772e-08,7.633794e-08,7.522995e-08,7.564255e-08,7.599982e-08,7.458999e-08,7.753363e-08,
7.598305e-08,7.581241e-08,7.594659e-08,7.607068e-08,7.530775e-08,7.819169e-08,7.806655e-08,7.639995e-08,7.773165e-08,7.524209e-08,7.913732e-08,7.590142e-08,7.481713e-08,7.533626e-08,7.709721e-08,7.613565e-08,7.840393e-08,7.562164e-08,7.731840e-08,7.605567e-08,7.628081e-08,7.588492e-08,7.742467e-08,7.585577e-08,7.565773e-08,7.614697e-08,7.423308e-08,7.449941e-08,7.664631e-08,7.678907e-08,7.755757e-08,7.627713e-08,7.801873e-08,7.651564e-08,7.589606e-08,7.685709e-08,7.496412e-08,7.517581e-08,7.497055e-08,7.581786e-08,7.486963e-08,7.624886e-08,7.729770e-08,7.536793e-08,7.587187e-08,7.593883e-08,7.543633e-08,7.645301e-08,7.543494e-08,7.431066e-08,7.516999e-08,7.619809e-08,7.654501e-08,7.738084e-08,7.555970e-08,7.603798e-08,7.515835e-08,7.656484e-08,7.588356e-08,7.628967e-08,7.602629e-08,7.557228e-08,7.620289e-08,7.756290e-08,
7.779955e-08,7.682178e-08,7.690429e-08,7.509997e-08,7.543974e-08,7.681518e-08,7.682583e-08,7.448756e-08,7.611545e-08,7.739944e-08,7.545579e-08,7.403769e-08,7.814821e-08,7.622110e-08,7.518200e-08,7.734733e-08,7.590319e-08,7.779735e-08,7.627798e-08,7.726353e-08,7.633235e-08,7.648724e-08,7.703472e-08,7.632494e-08,7.669658e-08,7.844523e-08,7.753695e-08,7.629636e-08,7.794629e-08,7.750170e-08,7.698460e-08,7.521653e-08,7.499464e-08,7.686291e-08,7.536639e-08,7.650381e-08,7.756967e-08,7.527756e-08,7.857873e-08,7.555970e-08,7.642597e-08,7.541676e-08,7.601669e-08,7.572009e-08,7.592266e-08,7.633022e-08,7.684239e-08,7.768044e-08,7.495603e-08,7.502739e-08,7.591449e-08,7.575586e-08,7.627498e-08,7.427076e-08,7.678003e-08,7.638440e-08,7.745596e-08,7.593685e-08,7.600238e-08,7.507092e-08,7.581334e-08,7.656695e-08,7.746210e-08,7.572604e-08,
7.467034e-08,7.621366e-08,7.614271e-08,7.797107e-08,7.536754e-08,7.655837e-08,7.772073e-08,7.506624e-08,7.630238e-08,7.617136e-08,7.679223e-08,7.616896e-08,7.606945e-08,7.650468e-08,7.760134e-08,7.609384e-08,7.740268e-08,7.623718e-08,7.762047e-08,7.513726e-08,7.730770e-08,7.753595e-08,7.628347e-08,7.759414e-08,7.720304e-08,7.676998e-08,7.653353e-08,7.619836e-08,7.424351e-08,7.783008e-08,7.540370e-08,7.571671e-08,7.599754e-08,7.657591e-08,7.527960e-08,7.548469e-08,7.677532e-08,7.484404e-08,7.749697e-08,7.668998e-08,7.479445e-08,7.636413e-08,7.645651e-08,7.752435e-08,7.610392e-08,7.741269e-08,7.467115e-08,7.592805e-08,7.572222e-08,7.731955e-08,7.531948e-08,7.551911e-08,7.746997e-08,7.833850e-08,7.537049e-08,7.699225e-08,7.702941e-08,7.750059e-08,7.478317e-08,7.444694e-08,7.644295e-08,7.551157e-08,7.694844e-08,7.671075e-08,
7.670590e-08,7.569991e-08,7.663876e-08,7.733391e-08,7.607497e-08,7.574723e-08,7.720493e-08,7.616306e-08,7.618957e-08,7.529709e-08,7.696066e-08,7.565782e-08,7.618852e-08,7.561667e-08,7.569880e-08,7.532137e-08,7.627735e-08,7.442789e-08,7.647195e-08,7.754036e-08,7.879352e-08,7.680914e-08,7.599629e-08,7.765667e-08,7.842444e-08,7.520689e-08,7.506779e-08,7.623778e-08,7.575464e-08,7.566682e-08,7.632232e-08,7.565670e-08,7.669514e-08,7.650423e-08,7.690387e-08,7.634962e-08,7.627507e-08,7.578180e-08,7.579087e-08,7.508830e-08,7.647208e-08,7.469209e-08,7.937566e-08,7.627011e-08,7.746317e-08,7.553438e-08,7.754549e-08,7.651168e-08,7.820215e-08,7.826164e-08,7.431559e-08,7.605988e-08,7.736775e-08,7.515528e-08,7.779636e-08,7.561130e-08,7.516718e-08,7.695453e-08,7.584640e-08,7.324247e-08,7.694453e-08,7.538801e-08,7.664262e-08,7.577246e-08,
7.680548e-08,7.583283e-08,7.766928e-08,7.668049e-08,7.896290e-08,7.627129e-08,7.766152e-08,7.627980e-08,7.835814e-08,7.717175e-08,7.649581e-08,7.623697e-08,7.580630e-08,7.561446e-08,7.626641e-08,7.526827e-08,7.644857e-08,7.589343e-08,7.759272e-08,7.605405e-08,7.641019e-08,7.517368e-08,7.799863e-08,7.698525e-08,7.557346e-08,7.681755e-08,7.777116e-08,7.690779e-08,7.624453e-08,7.711538e-08,7.796670e-08,7.625124e-08,7.546326e-08,7.614079e-08,7.629800e-08,7.765649e-08,7.553195e-08,7.537540e-08,7.707870e-08,7.497513e-08,7.574454e-08,7.768180e-08,7.722690e-08,7.818547e-08,7.591530e-08,7.731509e-08,7.666864e-08,7.627792e-08,7.546517e-08,7.841506e-08,7.670379e-08,7.589851e-08,7.557335e-08,7.632823e-08,7.575994e-08,7.610428e-08,7.591362e-08,7.734523e-08,7.684078e-08,7.676653e-08,7.645165e-08,7.531163e-08,7.400897e-08,7.636697e-08,
7.621353e-08,7.582920e-08,7.753854e-08,7.748782e-08,7.656889e-08,7.625873e-08,7.653793e-08,7.750625e-08,7.547764e-08,7.722069e-08,7.562051e-08,7.748246e-08,7.640536e-08,7.696485e-08,7.436652e-08,7.709552e-08,7.629531e-08,7.626208e-08,7.620529e-08,7.667107e-08,7.415297e-08,7.675055e-08,7.420593e-08,7.482803e-08,7.645732e-08,7.658648e-08,7.694385e-08,7.585072e-08,7.741095e-08,7.534440e-08,7.631660e-08,7.579711e-08,7.814363e-08,7.720887e-08,7.776267e-08,7.704092e-08,7.585911e-08,7.650828e-08,7.444503e-08,7.743123e-08,7.609536e-08,7.877752e-08,7.704192e-08,7.820241e-08,7.477348e-08,7.550880e-08,7.550360e-08,7.370907e-08,7.467790e-08,7.595110e-08,7.614787e-08,7.619949e-08,7.638456e-08,7.818525e-08,7.580944e-08,7.676396e-08,7.640889e-08,7.535655e-08,7.540350e-08,7.472179e-08,7.577572e-08,7.588079e-08,7.629127e-08,7.603845e-08,
7.614111e-08,7.439423e-08,7.673472e-08,7.574561e-08,7.832245e-08,7.544310e-08,7.791735e-08,7.604391e-08,7.628577e-08,7.643717e-08,7.829576e-08,7.665129e-08,7.530814e-08,7.554743e-08,7.609773e-08,7.672293e-08,7.563995e-08,7.563018e-08,7.716726e-08,7.553291e-08,7.618634e-08,7.704433e-08,7.617419e-08,7.456727e-08,7.485595e-08,7.621054e-08,7.653598e-08,7.708981e-08,7.594716e-08,7.640044e-08,7.489557e-08,7.684626e-08,7.652483e-08,7.563966e-08,7.710904e-08,7.688642e-08,7.619901e-08,7.644891e-08,7.594873e-08,7.743644e-08,7.649733e-08,7.646794e-08,7.437737e-08,7.559066e-08,7.718530e-08,7.641774e-08,7.792685e-08,7.441137e-08,7.604513e-08,7.699712e-08,7.605908e-08,7.526716e-08,7.717367e-08,7.734301e-08,7.549360e-08,7.720247e-08,7.793443e-08,7.533889e-08,7.606523e-08,7.659174e-08,7.641324e-08,7.589443e-08,7.688605e-08,7.550462e-08,
7.714101e-08,7.572862e-08,7.610289e-08,7.793554e-08,7.535199e-08,7.542147e-08,7.635210e-08,7.521686e-08,7.506516e-08,7.502341e-08,7.663797e-08,7.678619e-08,7.470915e-08,7.667049e-08,7.490618e-08,7.715050e-08,7.663326e-08,7.687794e-08,7.537878e-08,7.610730e-08,7.816933e-08,7.364244e-08,7.603100e-08,7.830273e-08,7.514898e-08,7.678890e-08,7.595096e-08,7.776310e-08,7.638586e-08,7.593572e-08,7.769164e-08,7.680027e-08,7.516636e-08,7.488459e-08,7.597273e-08,7.513851e-08,7.638129e-08,7.717747e-08,7.668028e-08,7.473289e-08,7.572142e-08,7.637634e-08,7.741200e-08,7.577902e-08,7.895624e-08,7.600866e-08,7.461721e-08,7.759119e-08,7.516647e-08,7.672459e-08,7.746930e-08,7.741887e-08,7.521471e-08,7.671738e-08,7.456170e-08,7.678367e-08,7.783544e-08,7.622041e-08,7.624731e-08,7.614062e-08,7.462943e-08,7.734413e-08,7.831416e-08,7.767183e-08,
7.618904e-08,7.436311e-08,7.613669e-08,7.709758e-08,7.726780e-08,7.662372e-08,7.693769e-08,7.653578e-08,7.672460e-08,7.705088e-08,7.677700e-08,7.635779e-08,7.723631e-08,7.553304e-08,7.647058e-08,7.488596e-08,7.701681e-08,7.714679e-08,7.677746e-08,7.652926e-08,7.506555e-08,7.663332e-08,7.613696e-08,7.581839e-08,7.531924e-08,7.516459e-08,7.607218e-08,7.602397e-08,7.354899e-08,7.554441e-08,7.662023e-08,7.606208e-08,7.485522e-08,7.604330e-08,7.444928e-08,7.715284e-08,7.694659e-08,7.656436e-08,7.659054e-08,7.555649e-08,7.625955e-08,7.679331e-08,7.753280e-08,7.490986e-08,7.618666e-08,7.676397e-08,7.822459e-08,7.474641e-08,7.791888e-08,7.803609e-08,7.548068e-08,7.685943e-08,7.602331e-08,7.527251e-08,7.555517e-08,7.681753e-08,7.730180e-08,7.588880e-08,7.544987e-08,7.500245e-08,7.683569e-08,7.716439e-08,7.651949e-08,7.459269e-08,
7.686044e-08,7.545731e-08,7.561248e-08,7.605337e-08,7.649649e-08,7.543727e-08,7.627908e-08,7.467615e-08,7.846560e-08,7.481667e-08,7.690476e-08,7.598851e-08,7.581998e-08,7.503307e-08,7.509906e-08,7.664752e-08,7.402433e-08,7.610931e-08,7.589587e-08,7.460784e-08,7.525441e-08,7.739035e-08,7.552735e-08,7.702999e-08,7.724879e-08,7.563253e-08,7.626545e-08,7.555989e-08,7.587460e-08,7.551985e-08,7.508435e-08,7.641558e-08,7.493556e-08,7.701849e-08,7.506440e-08,7.729337e-08,7.469389e-08,7.693051e-08,7.549652e-08,7.671940e-08,7.780348e-08,7.849751e-08,7.634177e-08,7.530374e-08,7.462934e-08,7.639813e-08,7.470824e-08,7.562551e-08,7.633031e-08,7.695175e-08,7.621790e-08,7.611177e-08,7.575295e-08,7.608370e-08,7.713261e-08,7.591847e-08,7.587190e-08,7.686536e-08,7.684472e-08,7.724470e-08,7.642307e-08,7.702765e-08,7.768879e-08,7.718682e-08,
7.617368e-08,7.649099e-08,7.635718e-08,7.451783e-08,7.620963e-08,7.653165e-08,7.548664e-08,7.652541e-08,7.633242e-08,7.740878e-08,7.654397e-08,7.757914e-08,7.532183e-08,7.626538e-08,7.646327e-08,7.621324e-08,7.632031e-08,7.629936e-08,7.632797e-08,7.670386e-08,7.544705e-08,7.628364e-08,7.729081e-08,7.585194e-08,7.616435e-08,7.663298e-08,7.553117e-08,7.627222e-08,7.740602e-08,7.759943e-08,7.642442e-08,7.640102e-08,7.696304e-08,7.503608e-08,7.425954e-08,7.747593e-08,7.562320e-08,7.601859e-08,7.551401e-08,7.571504e-08,7.623047e-08,7.698062e-08,7.705984e-08,7.798077e-08,7.588966e-08,7.668506e-08,7.608000e-08,7.660984e-08,7.729671e-08,7.733506e-08,7.534368e-08,7.645443e-08,7.623599e-08,7.617276e-08,7.449371e-08,7.625702e-08,7.561828e-08,7.384611e-08,7.667385e-08,7.823606e-08,7.719720e-08,7.556697e-08,7.716946e-08,7.720000e-08,
7.680746e-08,7.540654e-08,7.754133e-08,7.507507e-08,7.476036e-08,7.682350e-08,7.571959e-08,7.499806e-08,7.681083e-08,7.850159e-08,7.506350e-08,7.739512e-08,7.674303e-08,7.583388e-08,7.642415e-08,7.584664e-08,7.674941e-08,7.860888e-08,7.656368e-08,7.702405e-08,7.757296e-08,7.714533e-08,7.737106e-08,7.551470e-08,7.519218e-08,7.518241e-08,7.836244e-08,7.676481e-08,7.823152e-08,7.718591e-08,7.455452e-08,7.569537e-08,7.734656e-08,7.479217e-08,7.603582e-08,7.608759e-08,7.765987e-08,7.685452e-08,7.582619e-08,7.666880e-08,7.601728e-08,7.516426e-08,7.602266e-08,7.515952e-08,7.514313e-08,7.603210e-08,7.669594e-08,7.636353e-08,7.685677e-08,7.663086e-08,7.570750e-08,7.720976e-08,7.551858e-08,7.685706e-08,7.704144e-08,7.439809e-08,7.568136e-08,7.664315e-08,7.651225e-08,7.480070e-08,7.670087e-08,7.669119e-08,7.730977e-08,7.673526e-08,
7.673416e-08,7.704784e-08,7.655911e-08,7.514052e-08,7.730306e-08,7.644228e-08,7.636971e-08,7.652708e-08,7.636570e-08,7.925424e-08,7.494194e-08,7.377730e-08,7.538122e-08,7.650718e-08,7.514464e-08,7.645654e-08,7.711738e-08,7.892785e-08,7.528499e-08,7.615029e-08,7.687363e-08,7.444382e-08,7.434765e-08,7.698263e-08,7.637405e-08,7.744643e-08,7.710333e-08,7.788266e-08,7.665677e-08,7.665572e-08,7.669940e-08,7.707279e-08,7.646591e-08,7.596977e-08,7.673544e-08,7.516192e-08,7.806816e-08,7.643946e-08,7.636279e-08,7.343897e-08,7.624573e-08,7.524564e-08,7.615044e-08,7.661673e-08,7.520199e-08,7.497159e-08,7.516237e-08,7.632567e-08,7.623927e-08,7.668123e-08,7.518011e-08,7.601304e-08,7.661055e-08,7.702729e-08,7.695063e-08,7.464506e-08,7.401000e-08,7.517492e-08,7.515385e-08,7.532692e-08,7.594505e-08,7.798725e-08,7.643218e-08,7.745873e-08,
7.669222e-08,7.494007e-08,7.453293e-08,7.760548e-08,7.721781e-08,7.474698e-08,7.670277e-08,7.721776e-08,7.585077e-08,7.597435e-08,7.728895e-08,7.666570e-08,7.705416e-08,7.665478e-08,7.738107e-08,7.601489e-08,7.525852e-08,7.638314e-08,7.469389e-08,7.636250e-08,7.675112e-08,7.619709e-08,7.523666e-08,7.681690e-08,7.674496e-08,7.533450e-08,7.457740e-08,7.665897e-08,7.577971e-08,7.789918e-08,7.676148e-08,7.533670e-08,7.642008e-08,7.671509e-08,7.558257e-08,7.581878e-08,7.654520e-08,7.726234e-08,7.478920e-08,7.614360e-08,7.553458e-08,7.552920e-08,7.663807e-08,7.665562e-08,7.719478e-08,7.582716e-08,7.610699e-08,7.674595e-08,7.539739e-08,7.698608e-08,7.659607e-08,7.614764e-08,7.614135e-08,7.665229e-08,7.714138e-08,7.674472e-08,7.770288e-08,7.385633e-08,7.627916e-08,7.642710e-08,7.598695e-08,7.730457e-08,7.572157e-08,7.791429e-08,
7.528162e-08,7.825477e-08,7.621979e-08,7.676843e-08,7.472455e-08,7.542702e-08,7.634487e-08,7.833480e-08,7.711825e-08,7.660598e-08,7.629349e-08,7.734680e-08,7.671448e-08,7.754041e-08,7.537411e-08,7.639305e-08,7.615453e-08,7.659523e-08,7.811567e-08,7.689472e-08,7.642089e-08,7.656230e-08,7.712167e-08,7.600187e-08,7.664981e-08,7.647757e-08,7.717399e-08,7.623248e-08,7.566587e-08,7.608416e-08,7.570462e-08,7.573259e-08,7.629802e-08,7.642352e-08,7.397856e-08,7.691903e-08,7.644524e-08,7.740969e-08,7.545808e-08,7.633368e-08,7.597717e-08,7.674956e-08,7.632669e-08,7.705580e-08,7.645863e-08,7.668448e-08,7.605014e-08,7.522728e-08,7.563746e-08,7.571560e-08,7.580973e-08,7.650336e-08,7.584245e-08,7.656056e-08,7.642613e-08,7.637631e-08,7.646258e-08,7.621038e-08,7.609877e-08,7.726056e-08,7.688557e-08,7.663848e-08,7.559258e-08,7.567387e-08,
7.456186e-08,7.662484e-08,7.583907e-08,7.543093e-08,7.622884e-08,7.669372e-08,7.649232e-08,7.615259e-08,7.525512e-08,7.619191e-08,7.537123e-08,7.508655e-08,7.562557e-08,7.465664e-08,7.535744e-08,7.602501e-08,7.831443e-08,7.530282e-08,7.483083e-08,7.756961e-08,7.613289e-08,7.599090e-08,7.617107e-08,7.725899e-08,7.567456e-08,7.699139e-08,7.733217e-08,7.652019e-08,7.709346e-08,7.610790e-08,7.641248e-08,7.589420e-08,7.682481e-08,7.612184e-08,7.505319e-08,7.604487e-08,7.750516e-08,7.433984e-08,7.517965e-08,7.555281e-08,7.522252e-08,7.740416e-08,7.653564e-08,7.635539e-08,7.606114e-08,7.683145e-08,7.649538e-08,7.599290e-08,7.467034e-08,7.755358e-08,7.565339e-08,7.716560e-08,7.629531e-08,7.722784e-08,7.688830e-08,7.697837e-08,7.680340e-08,7.602893e-08,7.585476e-08,7.500722e-08,7.633288e-08,7.730415e-08,7.767760e-08,7.581703e-08,
7.556750e-08,7.518500e-08,7.554899e-08,7.470287e-08,7.725028e-08,7.695836e-08,7.579668e-08,7.678567e-08,7.770856e-08,7.550367e-08,7.615717e-08,7.526867e-08,7.698982e-08,7.493113e-08,7.724400e-08,7.660727e-08,7.600636e-08,7.774221e-08,7.490048e-08,7.662290e-08,7.491616e-08,7.719269e-08,7.477622e-08,7.629270e-08,7.712569e-08,7.392635e-08,7.662328e-08,7.707963e-08,7.780422e-08,7.415684e-08,7.630783e-08,7.621272e-08,7.677087e-08,7.814076e-08,7.487031e-08,7.689183e-08,7.706048e-08,7.423917e-08,7.757651e-08,7.641348e-08,7.657803e-08,7.635503e-08,7.638407e-08,7.678844e-08,7.443205e-08,7.553752e-08,7.629289e-08,7.554394e-08,7.567481e-08,7.694221e-08,7.652492e-08,7.639572e-08,7.526439e-08,7.536534e-08,7.498571e-08,7.743918e-08,7.601481e-08,7.664787e-08,7.674213e-08,7.330471e-08,7.502472e-08,7.531703e-08,7.799948e-08,7.570655e-08,
7.523003e-08,7.650746e-08,7.811447e-08,7.674657e-08,7.641193e-08,7.673621e-08,7.755955e-08,7.526015e-08,7.587008e-08,7.652310e-08,7.328342e-08,7.571007e-08,7.580292e-08,7.603410e-08,7.617163e-08,7.640073e-08,7.512262e-08,7.509436e-08,7.759061e-08,7.724265e-08,7.589093e-08,7.614400e-08,7.694895e-08,7.597461e-08,7.640149e-08,7.591825e-08,7.743518e-08,7.627362e-08,7.412828e-08,7.733773e-08,7.681979e-08,7.611337e-08,7.763419e-08,7.577045e-08,7.693703e-08,7.588795e-08,7.622624e-08,7.556092e-08,7.604979e-08,7.644299e-08,7.651847e-08,7.537260e-08,7.569854e-08,7.633395e-08,7.511781e-08,7.705223e-08,7.636108e-08,7.601279e-08,7.772432e-08,7.763297e-08,7.479974e-08,7.556253e-08,7.778673e-08,7.517569e-08,7.617243e-08,7.502527e-08,7.493057e-08,7.656212e-08,7.578993e-08,7.620786e-08,7.549980e-08,7.454046e-08,7.710522e-08,7.590848e-08,
===
8.337168e-08,8.274582e-08,8.456844e-08,8.310489e-08,8.270351e-08,8.364474e-08,8.247958e-08,8.249306e-08,8.287083e-08,8.394839e-08,8.278758e-08,8.218312e-08,8.262568e-08,8.327578e-08,8.281011e-08,8.374820e-08,8.263927e-08,8.303404e-08,8.385878e-08,8.463114e-08,8.332260e-08,8.251927e-08,8.351415e-08,8.312030e-08,8.470907e-08,8.296694e-08,8.346755e-08,8.265019e-08,8.222063e-08,8.153398e-08,8.393902e-08,8.261134e-08,8.493898e-08,8.290874e-08,8.337023e-08,8.141722e-08,8.264070e-08,8.160151e-08,8.336917e-08,8.340227e-08,8.384205e-08,8.352021e-08,8.331380e-08,8.412427e-08,8.378896e-08,8.513156e-08,8.304530e-08,8.337925e-08,8.613225e-08,8.232053e-08,8.263586e-08,8.434914e-08,8.184319e-08,8.289145e-08,8.308583e-08,8.350823e-08,8.134378e-08,8.226466e-08,8.332723e-08,8.311741e-08,8.344236e-08,8.248608e-08,8.383718e-08,8.212294e-08,
8.458757e-08,8.342413e-08,8.344885e-08,8.138529e-08,8.367019e-08,8.163332e-08,8.323193e-08,8.252479e-08,8.139611e-08,8.400238e-08,8.309314e-08,8.310200e-08,8.225809e-08,8.148299e-08,8.303206e-08,8.553297e-08,8.119524e-08,8.316566e-08,8.329538e-08,8.414291e-08,8.192990e-08,8.275311e-08,8.139327e-08,8.283049e-08,8.223765e-08,8.406178e-08,8.508288e-08,8.187559e-08,8.232904e-08,8.374080e-08,8.195487e-08,8.357243e-08,8.178937e-08,8.217820e-08,8.343670e-08,8.506314e-08,8.122406e-08,8.292288e-08,8.316967e-08,8.307445e-08,8.292632e-08,8.353226e-08,8.306979e-08,8.461007e-08,8.137899e-08,8.190432e-08,8.306481e-08,8.313246e-08,8.415305e-08,8.065155e-08,8.358283e-08,8.285489e-08,8.323726e-08,8.357462e-08,8.238319e-08,8.333043e-08,8.294154e-08,8.319690e-08,8.402343e-08,8.340188e-08,8.157753e-08,8.353550e-08,8.259906e-08,8.487911e-08,
8.327124e-08,8.333744e-08,8.190944e-08,8.250930e-08,8.224224e-08,8.439776e-08,8.279106e-08,8.372660e-08,8.476388e-08,8.412136e-08,8.260391e-08,8.314521e-08,8.384427e-08,8.354548e-08,8.271285e-08,8.296418e-08,8.372510e-08,8.248902e-08,8.460627e-08,8.385106e-08,8.375302e-08,8.221977e-08,8.278529e-08,8.118398e-08,8.333542e-08,8.361061e-08,8.421856e-08,8.358652e-08,8.302908e-08,8.362028e-08,8.321246e-08,8.400226e-08,8.392498e-08,8.256428e-08,8.194897e-08,8.159590e-08,8.380947e-08,8.253047e-08,8.223767e-08,8.343228e-08,8.370706e-08,8.237658e-08,8.283487e-08,8.527313e-08,8.387297e-08,8.285190e-08,8.421367e-08,8.392172e-08,8.311142e-08,8.418815e-08,8.387326e-08,8.158320e-08,8.315325e-08,8.244507e-08,8.489282e-08,8.159013e-08,8.292281e-08,8.389549e-08,8.080184e-08,8.163262e-08,8.232501e-08,8.334780e-08,8.129439e-08,8.167511e-08,
8.346706e-08,8.415831e-08,8.404730e-08,8.557613e-08,8.483018e-08,8.266344e-08,8.298994e-08,8.265193e-08,8.255938e-08,8.220671e-08,8.268137e-08,8.383222e-08,8.295792e-08,8.143176e-08,8.222015e-08,8.342360e-08,8.332971e-08,8.465010e-08,8.313746e-08,8.300965e-08,8.156115e-08,8.244990e-08,8.289348e-08,8.358110e-08,8.391576e-08,8.248571e-08,8.473844e-08,8.344858e-08,8.230027e-08,8.414245e-08,8.225117e-08,8.429378e-08,8.209856e-08,8.192503e-08,8.306535e-08,8.451320e-08,8.341769e-08,8.258283e-08,8.274013e-08,8.495625e-08,8.203066e-08,8.304115e-08,8.398783e-08,8.316724e-08,8.224480e-08,8.374243e-08,8.181514e-08,8.355622e-08,8.443195e-08,8.163056e-08,8.229355e-08,8.098237e-08,8.296508e-08,8.245468e-08,8.344197e-08,8.345370e-08,8.432349e-08,8.267774e-08,8.346766e-08,8.351058e-08,8.375444e-08,8.327512e-08,8.301561e-08,8.349340e-08,
8.354334e-08,8.232116e-08,8.449769e-08,8.198552e-08,8.365457e-08,8.357046e-08,8.470768e-08,8.326118e-08,8.427547e-08,8.315032e-08,8.298045e-08,8.242274e-08,8.492662e-08,8.184954e-08,8.319556e-08,8.194858e-08,8.353675e-08,8.204372e-08,8.386525e-08,8.106551e-08,8.392699e-08,8.384407e-08,8.155917e-08,8.284774e-08,8.331780e-08,8.038647e-08,8.306064e-08,8.350134e-08,8.293310e-08,8.312094e-08,8.210120e-08,8.288432e-08,8.386782e-08,8.384581e-08,8.292200e-08,8.357547e-08,8.302460e-08,8.258639e-08,8.272179e-08,8.228120e-08,8.437494e-08,8.431697e-08,8.436957e-08,8.212631e-08,8.268276e-08,8.282398e-08,8.495346e-08,8.258283e-08,8.234011e-08,8.398816e-08,8.351403e-08,8.338147e-08,8.078938e-08,8.531750e-08,8.273114e-08,8.377055e-08,8.384422e-08,8.318688e-08,8.420059e-08,8.156938e-08,8.136851e-08,8.277440e-08,8.299102e-08,8.261018e-08,
8.510613e-08,8.253529e-08,8.264485e-08,8.268697e-08,8.200436e-08,8.355059e-08,8.156958e-08,8.340258e-08,8.382565e-08,8.263329e-08,8.278996e-08,8.400188e-08,8.406423e-08,8.425321e-08,8.244887e-08,8.439487e-08,8.343327e-08,8.448325e-08,8.393555e-08,8.335243e-08,8.179964e-08,8.273383e-08,8.334662e-08,8.361175e-08,8.325811e-08,8.270786e-08,8.415008e-08,8.212549e-08,8.380833e-08,8.306636e-08,8.333746e-08,8.242423e-08,8.442366e-08,8.394900e-08,8.143520e-08,8.190676e-08,8.357264e-08,8.287238e-08,8.412921e-08,8.136004e-08,8.407170e-08,8.300484e-08,8.468738e-08,8.349130e-08,8.338914e-08,8.458634e-08,8.257741e-08,8.494817e-08,8.280251e-08,8.221226e-08,8.297519e-08,8.315461e-08,8.256184e-08,8.351945e-08,8.376075e-08,8.421716e-08,8.143408e-08,8.167578e-08,8.278481e-08,8.523446e-08,8.369429e-08,8.384321e-08,8.422749e-08,8.302685e-08,
8.196747e-08,8.413495e-08,8.304893e-08,8.383567e-08,8.476201e-08,8.258478e-08,8.308810e-08,8.384885e-08,8.144845e-08,8.345961e-08,8.219183e-08,8.362919e-08,8.230236e-08,8.290263e-08,8.133433e-08,8.284902e-08,8.255702e-08,8.151046e-08,8.266434e-08,8.495034e-08,8.353124e-08,8.340547e-08,8.437915e-08,8.400347e-08,8.298246e-08,8.280442e-08,8.321523e-08,8.226464e-08,8.153383e-08,8.299076e-08,8.421623e-08,8.408404e-08,8.231718e-08,8.304483e-08,8.513990e-08,8.266282e-08,8.289482e-08,8.242275e-08,8.234112e-08,8.335864e-08,8.265550e-08,8.295906e-08,8.312650e-08,8.084995e-08,8.461726e-08,8.206439e-08,8.139577e-08,8.194846e-08,8.302326e-08,8.360964e-08,8.373792e-08,8.180350e-08,8.245338e-08,8.279621e-08,8.226938e-08,8.197127e-08,8.232087e-08,8.257392e-08,8.251233e-08,8.225516e-08,8.404059e-08,8.446181e-08,8.008361e-08,8.323760e-08,
8.427712e-08,8.247376e-08,8.404384e-08,8.134018e-08,8.382756e-08,8.291212e-08,8.365022e-08,8.284847e-08,8.189690e-08,8.468171e-08,8.392229e-08,8.254162e-08,8.399914e-08,8.364805e-08,8.401132e-08,8.517953e-08,8.422235e-08,8.275100e-08,8.361427e-08,8.390455e-08,8.592766e-08,8.095094e-08,8.193155e-08,8.215801e-08,8.296297e-08,8.365417e-08,8.150635e-08,8.270224e-08,8.397469e-08,8.417233e-08,8.270772e-08,8.387676e-08,8.300924e-08,8.224769e-08,8.354117e-08,8.299180e-08,8.461514e-08,8.301567e-08,8.360391e-08,8.417632e-08,8.229575e-08,8.160137e-08,8.305007e-08,8.428988e-08,8.242140e-08,8.268656e-08,8.166838e-08,8.237888e-08,8.179936e-08,8.327566e-08,8.466536e-08,8.305460e-08,8.370644e-08,8.214485e-08,8.430584e-08,8.167831e-08,8.272748e-08,8.341604e-08,8.349655e-08,8.260001e-08,8.274561e-08,8.196913e-08,8.269241e-08,8.048036e-08,
8.230315e-08,8.265742e-08,8.253040e-08,8.355041e-08,8.362973e-08,8.345146e-08,8.270663e-08,8.302060e-08,8.246176e-08,8.127741e-08,8.471925e-08,8.271338e-08,8.214810e-08,8.169659e-08,8.317976e-08,8.358386e-08,8.423271e-08,8.443021e-08,8.257526e-08,8.289534e-08,8.138484e-08,8.075804e-08,8.273916e-08,8.220024e-08,8.355585e-08,8.242692e-08,8.239088e-08,8.393515e-08,8.106537e-08,8.229207e-08,8.358517e-08,8.277280e-08,8.405774e-08,8.347885e-08,8.291826e-08,8.117030e-08,8.228070e-08,8.318216e-08,8.385352e-08,8.210939e-08,8.140260e-08,8.287108e-08,8.483810e-08,8.371312e-08,8.275883e-08,8.269961e-08,8.345427e-08,8.265375e-08,8.290494e-08,8.467913e-08,8.311839e-08,8.199853e-08,8.319842e-08,8.313839e-08,8.431365e-08,8.312097e-08,8.191944e-08,8.341636e-08,8.308890e-08,8.298011e-08,8.343917e-08,8.214481e-08,8.279313e-08,8.294878e-08,
8.155571e-08,8.304362e-08,8.215765e-08,8.148071e-08,8.388487e-08,8.458753e-08,8.126785e-08,8.296195e-08,8.395629e-08,8.351384e-08,8.318586e-08,8.221304e-08,8.107370e-08,8.363649e-08,8.464760e-08,8.403743e-08,8.276530e-08,7.992277e-08,8.289021e-08,8.240729e-08,8.360352e-08,8.094291e-08,8.491994e-08,8.358137e-08,8.155971e-08,8.256784e-08,8.430520e-08,8.230804e-08,8.360450e-08,8.155295e-08,8.436569e-08,8.402988e-08,8.228966e-08,8.251546e-08,8.146050e-08,8.352641e-08,8.266239e-08,8.329322e-08,8.294236e-08,8.367393e-08,8.342621e-08,8.331342e-08,8.242722e-08,8.296775e-08,8.260529e-08,8.425687e-08,8.235919e-08,8.318638e-08,8.347737e-08,8.327583e-08,8.520292e-08,8.319104e-08,8.263414e-08,8.396506e-08,8.188732e-08,8.280280e-08,8.516984e-08,8.362816e-08,8.149330e-08,8.153059e-08,8.236141e-08,8.337083e-08,8.332493e-08,8.459579e-08,
8.305193e-08,8.475626e-08,8.372147e-08,8.188442e-08,8.398868e-08,8.298904e-08,8.217627e-08,8.254585e-08,8.340140e-08,8.412061e-08,8.132880e-08,8.189020e-08,8.256782e-08,8.431431e-08,8.340395e-08,8.335738e-08,8.113972e-08,8.302489e-08,8.295745e-08,8.327319e-08,8.007219e-08,8.381125e-08,8.274410e-08,8.087600e-08,8.496253e-08,8.353575e-08,8.401958e-08,8.137024e-08,8.302868e-08,8.309486e-08,8.347478e-08,8.360952e-08,8.477834e-08,8.314617e-08,8.217218e-08,8.528794e-08,8.507153e-08,8.210340e-08,8.316178e-08,8.283541e-08,8.342246e-08,8.480080e-08,8.296626e-08,8.335463e-08,8.282379e-08,8.150283e-08,8.243188e-08,8.306015e-08,8.261656e-08,8.070009e-08,8.301620e-08,8.369148e-08,8.331472e-08,8.317226e-08,8.234473e-08,8.350457e-08,8.403786e-08,8.304506e-08,8.180994e-08,8.303197e-08,8.262544e-08,8.282869e-08,8.266611e-08,8.164035e-08,
8.213937e-08,8.377630e-08,8.352047e-08,8.189961e-08,8.282864e-08,8.283863e-08,8.342000e-08,8.412619e-08,8.257695e-08,8.173070e-08,8.405079e-08,8.331892e-08,8.412968e-08,8.315928e-08,8.395883e-08,8.398766e-08,8.323682e-08,8.540233e-08,8.333597e-08,8.361116e-08,8.241879e-08,8.359856e-08,8.195408e-08,8.212596e-08,8.376772e-08,8.474149e-08,8.418707e-08,8.332942e-08,8.428322e-08,8.425466e-08,8.123043e-08,8.337867e-08,8.289623e-08,8.238755e-08,8.081183e-08,8.337050e-08,8.373584e-08,8.395755e-08,8.096037e-08,8.326284e-08,8.252282e-08,8.224254e-08,8.201823e-08,8.330536e-08,8.343705e-08,8.371321e-08,8.293150e-08,8.213915e-08,8.432380e-08,8.184996e-08,8.198248e-08,8.255435e-08,8.392755e-08,8.417143e-08,8.315850e-08,8.274280e-08,8.336579e-08,8.353708e-08,8.355703e-08,8.376388e-08,8.346279e-08,8.356697e-08,8.207002e-08,8.218871e-08,
8.236441e-08,8.384265e-08,8.424208e-08,8.342117e-08,8.404393e-08,8.378399e-08,8.232734e-08,8.094560e-08,8.301613e-08,8.257146e-08,8.378567e-08,8.160552e-08,8.132471e-08,8.257767e-08,8.261723e-08,8.352997e-08,8.241057e-08,8.134530e-08,8.136619e-08,8.389393e-08,8.461168e-08,8.467077e-08,8.323039e-08,8.251428e-08,8.416163e-08,8.298903e-08,8.384416e-08,8.319107e-08,8.269776e-08,8.347712e-08,8.130867e-08,8.379778e-08,8.224498e-08,8.325095e-08,8.315887e-08,8.211414e-08,8.258042e-08,8.299094e-08,8.257625e-08,8.540079e-08,8.471582e-08,8.107508e-08,8.283815e-08,8.166879e-08,8.486570e-08,8.418867e-08,8.226004e-08,8.567894e-08,8.219034e-08,8.151527e-08,8.348681e-08,8.203931e-08,8.333915e-08,8.430781e-08,8.287718e-08,8.328740e-08,8.403099e-08,8.337215e-08,8.207853e-08,8.201115e-08,8.138773e-08,8.224996e-08,8.167519e-08,8.430427e-08,
8.301971e-08,8.269078e-08,8.405817e-08,8.296907e-08,8.197818e-08,8.358471e-08,8.270366e-08,8.291840e-08,8.164257e-08,8.432514e-08,8.257614e-08,8.452979e-08,8.401169e-08,8.209873e-08,8.173937e-08,8.299318e-08,8.432041e-08,8.205216e-08,8.235597e-08,8.315616e-08,8.416955e-08,8.260536e-08,8.297343e-08,8.301764e-08,8.259378e-08,8.171694e-08,8.220459e-08,8.247295e-08,8.283795e-08,8.384362e-08,8.346103e-08,8.298874e-08,8.180695e-08,8.388493e-08,8.385069e-08,8.322580e-08,8.374867e-08,8.205278e-08,8.341947e-08,8.327159e-08,8.247303e-08,8.289537e-08,8.265712e-08,8.304415e-08,8.382225e-08,8.400467e-08,8.132691e-08,8.356827e-08,8.389342e-08,8.372903e-08,8.318323e-08,8.210189e-08,8.150881e-08,8.399268e-08,8.200646e-08,8.307819e-08,8.350598e-08,8.454655e-08,8.426759e-08,8.226079e-08,8.336425e-08,8.170232e-08,8.305476e-08,8.368286e-08,
8.189784e-08,8.373058e-08,8.389716e-08,8.186566e-08,8.230206e-08,8.436896e-08,8.509575e-08,8.261348e-08,8.178327e-08,8.134298e-08,8.337454e-08,8.452347e-08,8.432178e-08,8.253422e-08,8.237506e-08,8.354924e-08,8.277431e-08,8.169706e-08,8.258843e-08,8.241302e-08,8.395532e-08,8.135051e-08,8.404949e-08,8.282180e-08,8.213804e-08,8.242684e-08,8.391621e-08,8.263808e-08,8.437682e-08,8.339188e-08,8.159584e-08,8.280155e-08,8.172670e-08,8.204396e-08,8.278517e-08,8.181064e-08,8.263956e-08,8.387808e-08,8.200230e-08,8.211168e-08,8.242928e-08,8.298378e-08,8.343537e-08,8.289072e-08,8.218412e-08,8.274540e-08,8.439500e-08,8.302007e-08,8.356833e-08,8.386430e-08,8.368168e-08,8.323631e-08,8.429559e-08,8.233809e-08,8.126694e-08,8.451426e-08,8.395763e-08,8.316253e-08,8.230979e-08,8.380835e-08,8.306713e-08,8.478012e-08,8.389059e-08,8.441135e-08,
8.383551e-08,8.242678e-08,8.216790e-08,8.261369e-08,8.378359e-08,8.163673e-08,8.316752e-08,8.392736e-08,8.252611e-08,8.242910e-08,8.286065e-08,8.353645e-08,8.303405e-08,8.164527e-08,8.344545e-08,8.318156e-08,8.232197e-08,8.302485e-08,8.345188e-08,8.289515e-08,8.260486e-08,8.349094e-08,8.299498e-08,8.317517e-08,8.445866e-08,8.268875e-08,8.167604e-08,8.332749e-08,8.144351e-08,8.414873e-08,8.239510e-08,8.290950e-08,8.283799e-08,8.332655e-08,8.395141e-08,8.361828e-08,8.324826e-08,8.202829e-08,8.372558e-08,8.384459e-08,8.356393e-08,8.224222e-08,8.058184e-08,8.490299e-08,8.342865e-08,8.385279e-08,8.181618e-08,8.208345e-08,8.179968e-08,8.428005e-08,8.305539e-08,8.391745e-08,8.235000e-08,8.127211e-08,8.359824e-08,8.320895e-08,8.444960e-08,8.355625e-08,8.433963e-08,8.104039e-08,8.552984e-08,8.465610e-08,8.322495e-08,8.464220e-08,
8.295901e-08,8.301306e-08,8.283195e-08,8.319416e-08,8.233429e-08,8.465344e-08,8.159574e-08,8.172248e-08,8.328777e-08,8.238373e-08,8.172488e-08,8.262639e-08,8.286998e-08,8.272737e-08,8.387126e-08,8.211018e-08,8.171478e-08,8.412710e-08,8.339748e-08,8.317567e-08,8.312871e-08,8.222947e-08,8.322477e-08,8.194832e-08,8.251935e-08,8.316482e-08,8.319562e-08,8.273877e-08,8.247814e-08,8.264339e-08,8.189005e-08,8.159707e-08,8.246396e-08,8.423694e-08,8.205466e-08,8.268187e-08,8.284098e-08,8.281878e-08,8.339267e-08,8.331017e-08,8.410525e-08,8.438700e-08,8.218712e-08,8.332332e-08,8.352441e-08,8.285102e-08,8.387738e-08,8.235349e-08,8.284200e-08,8.394580e-08,8.135478e-08,8.137091e-08,8.384710e-08,8.429188e-08,8.297284e-08,8.326138e-08,8.130134e-08,8.187845e-08,8.145976e-08,8.212852e-08,8.135670e-08,8.166803e-08,8.374531e-08,8.317756e-08,
8.383901e-08,8.092294e-08,8.252929e-08,8.324857e-08,8.188261e-08,8.177145e-08,8.101664e-08,8.354546e-08,8.245922e-08,8.285650e-08,8.296969e-08,8.283872e-08,8.366435e-08,8.351447e-08,8.433970e-08,8.439676e-08,8.271370e-08,8.250966e-08,8.269533e-08,8.353006e-08,8.191759e-08,8.338361e-08,8.332414e-08,8.441890e-08,8.399177e-08,8.235829e-08,8.472066e-08,8.244967e-08,8.147223e-08,8.264055e-08,8.248890e-08,8.227520e-08,8.395237e-08,8.335877e-08,8.409335e-08,8.465420e-08,8.334461e-08,8.341195e-08,8.279963e-08,8.199414e-08,8.382103e-08,8.460567e-08,8.224906e-08,8.402823e-08,8.282268e-08,8.362801e-08,8.139079e-08,8.527568e-08,8.362336e-08,8.198480e-08,8.212763e-08,8.282473e-08,8.307594e-08,8.289342e-08,8.257991e-08,8.321900e-08,8.239189e-08,8.393167e-08,8.424778e-08,8.163757e-08,8.144837e-08,8.157319e-08,8.126133e-08,8.232881e-08,
8.312341e-08,8.438719e-08,8.466166e-08,8.365444e-08,8.195776e-08,8.240300e-08,8.246224e-08,8.292052e-08,8.145547e-08,8.365198e-08,8.398462e-08,8.375263e-08,8.275935e-08,8.288534e-08,8.322746e-08,8.269516e-08,8.297642e-08,8.308536e-08,8.343768e-08,8.230102e-08,8.302493e-08,8.289551e-08,8.533832e-08,8.344089e-08,8.384917e-08,8.203031e-08,8.285945e-08,8.271035e-08,8.319241e-08,8.441544e-08,8.325329e-08,8.278252e-08,8.279951e-08,8.429754e-08,8.373638e-08,8.336859e-08,8.171958e-08,8.219151e-08,8.167950e-08,8.258723e-08,8.260314e-08,8.228331e-08,8.402610e-08,8.436342e-08,8.326225e-08,8.377850e-08,8.162268e-08,8.311023e-08,8.158136e-08,8.401605e-08,8.327214e-08,8.353579e-08,8.454814e-08,8.241036e-08,8.177923e-08,8.322792e-08,8.370980e-08,8.385303e-08,8.279165e-08,8.246607e-08,8.343383e-08,8.202373e-08,8.265974e-08,8.222259e-08,
8.143371e-08,8.102043e-08,8.377422e-08,8.289872e-08,8.453071e-08,8.474905e-08,8.229712e-08,8.347575e-08,8.378673e-08,8.305187e-08,8.342713e-08,8.396947e-08,8.355548e-08,8.304380e-08,8.358828e-08,8.152810e-08,8.364450e-08,8.205544e-08,8.310941e-08,8.377683e-08,8.230710e-08,8.237585e-08,8.344307e-08,8.241214e-08,8.135732e-08,8.443988e-08,8.380584e-08,8.286253e-08,8.359482e-08,8.314280e-08,8.241096e-08,8.185321e-08,8.243493e-08,8.188291e-08,8.203615e-08,8.293445e-08,8.427201e-08,8.376705e-08,8.222065e-08,8.352584e-08,8.313168e-08,8.492342e-08,8.307216e-08,8.110082e-08,8.436688e-08,8.198850e-08,8.504782e-08,8.291598e-08,8.220073e-08,8.311537e-08,8.472809e-08,8.249715e-08,8.234858e-08,8.294185e-08,8.338818e-08,8.248188e-08,8.247362e-08,8.331014e-08,8.246109e-08,8.452038e-08,8.376325e-08,8.318577e-08,8.332993e-08,8.258024e-08,
8.305756e-08,8.158183e-08,8.346702e-08,8.416683e-08,8.363308e-08,8.306473e-08,8.315528e-08,8.335319e-08,8.265662e-08,8.156108e-08,8.371718e-08,8.391658e-08,8.263593e-08,8.237369e-08,8.331661e-08,8.317137e-08,8.326191e-08,8.359165e-08,8.150871e-08,8.590858e-08,8.193209e-08,8.315693e-08,8.317486e-08,8.351507e-08,8.465965e-08,8.130187e-08,8.246093e-08,8.238921e-08,8.299104e-08,8.313011e-08,8.020921e-08,8.316779e-08,8.257605e-08,8.160433e-08,8.215672e-08,8.235428e-08,8.291303e-08,8.126301e-08,8.451691e-08,8.286919e-08,8.214437e-08,8.270294e-08,8.362259e-08,8.306571e-08,8.411663e-08,8.418735e-08,8.242295e-08,8.330652e-08,8.284928e-08,8.413176e-08,8.193243e-08,8.299549e-08,8.122219e-08,8.143716e-08,8.353551e-08,8.296997e-08,8.426449e-08,8.367416e-08,8.151008e-08,8.349932e-08,8.331705e-08,8.467906e-08,8.562845e-08,8.287861e-08,
8.281604e-08,8.345961e-08,8.441014e-08,8.306409e-08,8.296348e-08,8.214064e-08,8.234089e-08,8.227209e-08,8.360920e-08,8.263197e-08,8.295647e-08,8.383806e-08,8.180571e-08,8.200543e-08,8.337606e-08,8.344671e-08,8.080769e-08,8.284510e-08,8.384756e-08,8.387647e-08,8.372408e-08,8.261846e-08,8.277863e-08,8.411194e-08,8.262122e-08,8.209106e-08,8.297108e-08,8.413866e-08,8.374959e-08,8.405156e-08,8.154707e-08,8.474543e-08,8.223218e-08,8.115423e-08,8.213634e-08,8.380810e-08,8.312248e-08,8.370369e-08,8.288379e-08,8.313782e-08,8.302128e-08,8.419256e-08,8.385718e-08,8.414012e-08,8.142520e-08,8.284581e-08,8.235963e-08,8.270946e-08,8.326849e-08,8.346884e-08,8.347485e-08,8.267611e-08,8.315211e-08,8.383000e-08,8.197663e-08,8.284429e-08,8.306335e-08,8.204885e-08,8.063334e-08,8.263551e-08,8.436022e-08,8.226917e-08,8.243750e-08,8.433703e-08,
8.262850e-08,8.345252e-08,8.227502e-08,8.352803e-08,8.234829e-08,8.487079e-08,8.304619e-08,8.203117e-08,8.237656e-08,8.398564e-08,8.194233e-08,8.376334e-08,8.210829e-08,8.273761e-08,8.186015e-08,8.281589e-08,8.298649e-08,8.281711e-08,8.185143e-08,8.233410e-08,8.244940e-08,8.404902e-08,8.283765e-08,8.317671e-08,8.436159e-08,8.340237e-08,8.526031e-08,8.210791e-08,8.369095e-08,8.135525e-08,8.331948e-08,8.239278e-08,8.050736e-08,8.328733e-08,8.354497e-08,8.162900e-08,8.201039e-08,8.237596e-08,8.310614e-08,8.153350e-08,8.137331e-08,8.208182e-08,8.192021e-08,8.321819e-08,8.202138e-08,8.427395e-08,8.230513e-08,8.208923e-08,8.169019e-08,8.216228e-08,8.260428e-08,8.327009e-08,8.140940e-08,8.219772e-08,8.063196e-08,8.331829e-08,8.328966e-08,8.316414e-08,8.329846e-08,8.207363e-08,8.287663e-08,8.200341e-08,8.282362e-08,8.116370e-08,
8.184903e-08,8.209272e-08,8.318313e-08,8.312436e-08,8.357258e-08,8.305374e-08,8.247544e-08,8.359994e-08,8.197548e-08,8.508794e-08,8.277486e-08,8.344905e-08,8.153804e-08,8.297096e-08,8.250736e-08,8.531009e-08,8.223617e-08,8.313703e-08,8.410728e-08,8.321862e-08,8.212291e-08,8.464811e-08,8.365796e-08,8.432323e-08,8.388806e-08,8.363992e-08,8.148737e-08,8.270563e-08,8.405163e-08,8.304858e-08,8.439639e-08,8.267576e-08,8.257461e-08,8.237499e-08,8.349451e-08,8.254613e-08,8.391705e-08,8.237416e-08,8.320658e-08,8.407982e-08,8.317617e-08,8.480330e-08,8.304434e-08,8.217843e-08,8.268944e-08,8.202708e-08,8.258797e-08,8.287155e-08,8.241236e-08,8.177389e-08,8.105376e-08,8.341407e-08,8.215416e-08,8.188347e-08,8.226145e-08,8.283522e-08,8.480328e-08,8.271746e-08,8.267789e-08,8.485585e-08,8.315728e-08,8.435890e-08,8.339124e-08,8.336464e-08,
8.125052e-08,8.257357e-08,8.392100e-08,8.445565e-08,8.228624e-08,8.174106e-08,8.326267e-08,8.243988e-08,8.387108e-08,8.323772e-08,8.395906e-08,8.318156e-08,8.117780e-08,8.288965e-08,8.174317e-08,8.284980e-08,8.324356e-08,8.174360e-08,8.161031e-08,8.393326e-08,8.403674e-08,8.484754e-08,8.299077e-08,8.242112e-08,8.416232e-08,8.433124e-08,8.388809e-08,8.435368e-08,8.348801e-08,8.300062e-08,8.258229e-08,8.048304e-08,8.370432e-08,8.327831e-08,8.115206e-08,8.377556e-08,8.304022e-08,8.338619e-08,8.181337e-08,8.222554e-08,8.352230e-08,8.278088e-08,8.216004e-08,8.415450e-08,8.358677e-08,8.433016e-08,8.230683e-08,8.453530e-08,8.211407e-08,8.105215e-08,8.220427e-08,8.262984e-08,8.327283e-08,8.256037e-08,8.424487e-08,8.191361e-08,8.081274e-08,8.268608e-08,8.353266e-08,8.178954e-08,8.110642e-08,8.173199e-08,8.207386e-08,8.477690e-08,
8.063242e-08,8.110220e-08,8.167430e-08,8.280892e-08,8.231796e-08,8.556064e-08,8.217479e-08,8.395745e-08,8.302118e-08,8.251153e-08,8.286581e-08,8.311041e-08,8.373871e-08,8.338362e-08,8.406112e-08,8.156590e-08,8.295857e-08,8.257339e-08,8.183377e-08,8.314499e-08,8.194202e-08,8.344119e-08,8.205517e-08,8.174532e-08,8.419488e-08,8.076366e-08,8.362915e-08,8.418654e-08,8.246533e-08,8.413552e-08,8.225188e-08,8.264141e-08,8.185886e-08,8.133190e-08,8.344609e-08,8.358997e-08,8.189976e-08,8.241237e-08,8.269524e-08,8.121133e-08,8.097675e-08,8.450160e-08,8.214384e-08,8.224613e-08,8.223566e-08,8.253669e-08,8.356783e-08,8.107759e-08,8.371871e-08,8.201844e-08,8.401085e-08,8.418703e-08,8.254187e-08,8.341892e-08,8.250124e-08,8.221570e-08,8.325482e-08,8.442997e-08,8.428118e-08,8.326596e-08,8.408936e-08,8.235857e-08,8.425400e-08,8.242130e-08,
8.426022e-08,8.264258e-08,8.531295e-08,8.234443e-08,8.270386e-08,8.356388e-08,8.116049e-08,8.317668e-08,8.377224e-08,8.207105e-08,8.440026e-08,8.283376e-08,8.323698e-08,8.364739e-08,8.390115e-08,8.323204e-08,8.337381e-08,8.333778e-08,8.311487e-08,8.203957e-08,8.279274e-08,8.235020e-08,8.383880e-08,8.263654e-08,8.175664e-08,8.474101e-08,8.232315e-08,8.424368e-08,8.311467e-08,8.061210e-08,8.280849e-08,8.243447e-08,8.137133e-08,8.242354e-08,8.247455e-08,8.276159e-08,8.341593e-08,8.183199e-08,8.479373e-08,8.167820e-08,8.089000e-08,8.225128e-08,8.350579e-08,8.367108e-08,8.261585e-08,8.227639e-08,8.342117e-08,8.417891e-08,8.426456e-08,8.414746e-08,8.326822e-08,8.355065e-08,8.393043e-08,8.396217e-08,8.265607e-08,8.033608e-08,8.327765e-08,8.317541e-08,8.585030e-08,8.217053e-08,8.346186e-08,8.287388e-08,8.368090e-08,8.218413e-08,
8.206040e-08,8.344832e-08,8.251515e-08,8.402779e-08,8.314711e-08,8.425084e-08,8.262787e-08,8.493432e-08,8.161621e-08,8.235134e-08,8.369463e-08,8.254838e-08,8.143303e-08,8.297723e-08,8.374224e-08,8.253905e-08,8.105679e-08,8.234378e-08,8.226839e-08,8.281692e-08,8.341843e-08,8.397673e-08,8.189240e-08,8.404124e-08,8.343685e-08,8.296285e-08,8.214578e-08,8.313687e-08,8.317150e-08,8.247514e-08,8.390195e-08,8.356348e-08,8.390191e-08,8.145152e-08,8.319839e-08,8.366863e-08,8.269207e-08,8.399992e-08,8.398183e-08,8.246816e-08,8.303185e-08,8.146891e-08,8.140009e-08,8.416206e-08,8.101595e-08,8.293116e-08,8.351306e-08,8.178740e-08,8.316837e-08,8.195406e-08,8.246662e-08,8.211213e-08,8.151390e-08,8.254618e-08,8.434315e-08,8.334175e-08,8.376813e-08,8.289479e-08,8.205580e-08,8.140043e-08,8.415501e-08,8.196461e-08,8.401524e-08,8.306347e-08,
8.464578e-08,8.243676e-08,8.325693e-08,8.147944e-08,8.394561e-08,8.279467e-08,8.334312e-08,8.451744e-08,8.281883e-08,8.258980e-08,8.348173e-08,8.355020e-08,8.478845e-08,8.280625e-08,8.236659e-08,8.450061e-08,8.307883e-08,8.309993e-08,8.196499e-08,8.197872e-08,8.360107e-08,8.125264e-08,8.185386e-08,8.267073e-08,8.302918e-08,8.429326e-08,8.285321e-08,8.281403e-08,8.247943e-08,8.409052e-08,8.347784e-08,8.452457e-08,8.355079e-08,8.244000e-08,8.221360e-08,8.391730e-08,8.257938e-08,8.214638e-08,8.245356e-08,8.388765e-08,8.320816e-08,8.259556e-08,8.165242e-08,8.466354e-08,8.249174e-08,8.339728e-08,8.390550e-08,8.233609e-08,8.287531e-08,8.141196e-08,8.331925e-08,8.483751e-08,8.456672e-08,8.347541e-08,8.357674e-08,8.329499e-08,8.177407e-08,8.317328e-08,8.474519e-08,8.338083e-08,8.232828e-08,8.265182e-08,8.365457e-08,8.346578e-08,
8.292127e-08,8.307975e-08,8.301570e-08,8.352479e-08,8.451127e-08,8.300155e-08,8.168452e-08,8.349532e-08,8.508770e-08,8.337022e-08,8.286440e-08,8.412167e-08,8.191786e-08,8.255930e-08,8.407978e-08,8.362310e-08,8.455801e-08,8.466148e-08,8.276962e-08,8.313339e-08,8.270895e-08,8.229139e-08,8.241751e-08,8.191312e-08,8.313216e-08,8.359956e-08,8.332522e-08,8.315700e-08,8.414806e-08,8.186322e-08,8.190538e-08,8.342903e-08,8.286091e-08,8.558304e-08,8.220092e-08,8.317243e-08,8.129507e-08,8.435408e-08,8.375912e-08,8.305600e-08,8.208233e-08,8.409728e-08,8.296613e-08,8.257216e-08,8.350590e-08,8.336007e-08,8.251279e-08,8.429982e-08,8.388955e-08,8.151151e-08,8.275894e-08,8.160963e-08,8.342799e-08,8.312114e-08,8.475899e-08,8.145947e-08,8.269876e-08,8.316032e-08,8.324509e-08,8.386376e-08,8.155306e-08,8.338047e-08,8.372177e-08,8.335462e-08,
8.309711e-08,8.467805e-08,8.377729e-08,8.364229e-08,8.254081e-08,8.297767e-08,8.270125e-08,8.435006e-08,8.376203e-08,8.189002e-08,8.383983e-08,8.230177e-08,8.133123e-08,8.169178e-08,8.176444e-08,8.259033e-08,8.252625e-08,8.370724e-08,8.259428e-08,8.316075e-08,8.412580e-08,8.282148e-08,8.147328e-08,8.443689e-08,8.266055e-08,8.205267e-08,8.141374e-08,8.429147e-08,8.353787e-08,8.324520e-08,8.275245e-08,8.435684e-08,8.277670e-08,8.420862e-08,8.478066e-08,8.470872e-08,8.284277e-08,8.147108e-08,8.434663e-08,8.384439e-08,8.553134e-08,8.390270e-08,8.350633e-08,8.466143e-08,8.298054e-08,8.392920e-08,8.264309e-08,8.511278e-08,8.522349e-08,8.390553e-08,8.223102e-08,8.263782e-08,8.335917e-08,8.248130e-08,8.246451e-08,8.216672e-08,8.234150e-08,8.474448e-08,8.007730e-08,8.386878e-08,8.440586e-08,8.351200e-08,8.443260e-08,8.392008e-08,
8.394575e-08,8.238115e-08,8.493824e-08,8.299836e-08,8.169238e-08,8.206644e-08,8.291277e-08,8.306918e-08,8.198766e-08,8.427196e-08,8.285562e-08,8.278843e-08,8.203656e-08,8.223088e-08,8.337021e-08,8.273096e-08,8.294093e-08,8.285575e-08,8.275363e-08,8.226228e-08,8.241207e-08,8.350026e-08,8.255018e-08,8.253818e-08,8.342048e-08,8.439241e-08,8.254766e-08,8.386161e-08,8.297036e-08,8.314946e-08,8.417868e-08,8.291610e-08,8.210247e-08,8.230025e-08,8.374104e-08,8.207138e-08,8.403838e-08,8.179788e-08,8.150157e-08,8.280913e-08,8.193728e-08,8.435290e-08,8.428644e-08,8.345351e-08,8.311975e-08,8.413452e-08,8.278353e-08,8.284805e-08,8.195826e-08,8.205114e-08,8.161152e-08,8.268191e-08,8.049562e-08,8.160989e-08,8.300184e-08,8.349949e-08,8.235162e-08,8.372584e-08,8.525810e-08,8.190852e-08,8.371957e-08,8.227157e-08,8.339135e-08,8.246650e-08,
8.300466e-08,8.247305e-08,8.305932e-08,8.329080e-08,8.467846e-08,8.240571e-08,8.348083e-08,8.359391e-08,8.250970e-08,8.276662e-08,8.241092e-08,8.412382e-08,8.419798e-08,8.170797e-08,8.114283e-08,8.195173e-08,8.310536e-08,8.240653e-08,8.557199e-08,8.509914e-08,8.314619e-08,8.356598e-08,8.285727e-08,8.193566e-08,8.531876e-08,8.539020e-08,8.409109e-08,8.135273e-08,8.276961e-08,8.174810e-08,8.241019e-08,8.428053e-08,8.312550e-08,8.506513e-08,8.204283e-08,8.282091e-08,8.340918e-08,8.270941e-08,8.519610e-08,8.175245e-08,8.251806e-08,8.293619e-08,8.249191e-08,8.360157e-08,8.433560e-08,8.237356e-08,8.186784e-08,8.328981e-08,8.454760e-08,8.281840e-08,8.283816e-08,8.377977e-08,8.297173e-08,8.331055e-08,8.313055e-08,8.125720e-08,8.309193e-08,8.145263e-08,8.502972e-08,8.322091e-08,8.350318e-08,8.281260e-08,8.121191e-08,8.250456e-08,
8.361323e-08,8.215916e-08,8.173439e-08,8.278824e-08,8.239847e-08,8.315091e-08,8.173845e-08,8.234526e-08,8.269790e-08,8.042748e-08,8.225624e-08,8.428749e-08,8.251938e-08,8.167500e-08,8.263857e-08,8.264753e-08,8.356855e-08,8.291599e-08,8.286140e-08,8.231121e-08,8.316571e-08,8.622311e-08,8.259642e-08,8.361364e-08,8.311674e-08,8.171464e-08,8.283024e-08,8.323689e-08,8.329278e-08,8.382179e-08,8.283436e-08,8.278179e-08,8.195928e-08,8.239894e-08,8.477624e-08,8.326759e-08,8.444265e-08,8.181390e-08,8.335423e-08,8.218526e-08,8.181081e-08,8.169283e-08,8.615092e-08,8.390929e-08,8.255441e-08,8.130456e-08,8.202200e-08,8.253689e-08,8.388692e-08,8.466548e-08,8.231965e-08,8.415208e-08,8.233571e-08,8.230874e-08,8.285508e-08,8.428660e-08,8.328606e-08,8.392726e-08,8.249533e-08,8.305794e-08,8.294226e-08,8.409245e-08,8.559043e-08,8.351680e-08,
8.264598e-08,8.366904e-08,8.176992e-08,8.279934e-08,8.322786e-08,8.263045e-08,8.127694e-08,8.280856e-08,8.210114e-08,8.355471e-08,8.293999e-08,8.357738e-08,8.378092e-08,8.455704e-08,8.424243e-08,8.340334e-08,8.423868e-08,8.401420e-08,8.300449e-08,8.388254e-08,8.313168e-08,8.242942e-08,8.392238e-08,8.298590e-08,8.337152e-08,8.390346e-08,8.351333e-08,8.388053e-08,8.447415e-08,8.240521e-08,8.296608e-08,8.462993e-08,8.329167e-08,8.218753e-08,8.368502e-08,8.213163e-08,8.213684e-08,8.539652e-08,8.288252e-08,8.238121e-08,8.353703e-08,8.298602e-08,8.325013e-08,8.289053e-08,8.476754e-08,8.431656e-08,8.294620e-08,8.509694e-08,8.406624e-08,8.350343e-08,8.143088e-08,8.152026e-08,8.392948e-08,8.079673e-08,8.363046e-08,8.355806e-08,8.335346e-08,8.384040e-08,8.319695e-08,8.400933e-08,8.498087e-08,8.401505e-08,8.522777e-08,8.120456e-08,
8.234833e-08,8.335337e-08,8.306348e-08,8.293444e-08,8.402000e-08,8.549643e-08,8.223484e-08,8.105626e-08,8.229912e-08,8.363327e-08,8.356359e-08,8.226238e-08,8.070562e-08,8.604532e-08,8.325425e-08,8.328264e-08,8.411764e-08,8.424896e-08,8.356932e-08,8.133237e-08,8.396774e-08,8.178924e-08,8.402315e-08,7.991610e-08,8.162659e-08,8.457760e-08,8.374634e-08,8.081637e-08,8.320921e-08,8.416396e-08,8.172256e-08,8.448790e-08,8.347822e-08,8.240060e-08,8.299146e-08,8.028102e-08,8.296781e-08,8.238929e-08,8.299082e-08,8.334608e-08,8.285125e-08,8.365129e-08,8.293577e-08,8.332745e-08,8.102624e-08,8.407890e-08,8.323351e-08,8.294855e-08,8.188697e-08,8.120726e-08,8.352042e-08,8.402181e-08,8.416558e-08,8.379158e-08,8.326552e-08,8.299645e-08,8.392916e-08,8.352849e-08,8.221810e-08,8.195252e-08,8.531831e-08,8.340383e-08,8.218422e-08,8.412469e-08,
8.325416e-08,8.223027e-08,8.286602e-08,8.275943e-08,8.317547e-08,8.259858e-08,8.326008e-08,8.324997e-08,8.141385e-08,8.346845e-08,8.248467e-08,8.363908e-08,8.456655e-08,8.296817e-08,8.367506e-08,8.196886e-08,8.268683e-08,8.239648e-08,8.370432e-08,8.161661e-08,8.314325e-08,8.289578e-08,8.310314e-08,8.290615e-08,8.188538e-08,8.292352e-08,8.412997e-08,8.271594e-08,8.225200e-08,8.206970e-08,8.225329e-08,8.322144e-08,8.318653e-08,8.340793e-08,8.178630e-08,8.450625e-08,8.289351e-08,8.214042e-08,8.152904e-08,8.316933e-08,8.362338e-08,8.269798e-08,8.443505e-08,8.346279e-08,7.980509e-08,8.364800e-08,8.128408e-08,8.161782e-08,8.387058e-08,8.207864e-08,8.376649e-08,8.517027e-08,8.275232e-08,8.304429e-08,8.313919e-08,8.326331e-08,8.243401e-08,8.336696e-08,8.134985e-08,8.213825e-08,8.434653e-08,8.283109e-08,8.371950e-08,8.402606e-08,
8.264781e-08,8.312707e-08,8.344943e-08,8.424185e-08,8.229940e-08,8.366196e-08,8.459671e-08,8.279997e-08,8.329807e-08,8.231359e-08,8.270646e-08,8.207731e-08,8.079300e-08,8.394767e-08,8.194480e-08,8.361953e-08,8.344318e-08,8.310219e-08,8.138745e-08,8.248342e-08,8.244475e-08,8.281307e-08,8.484320e-08,8.407387e-08,8.219106e-08,8.253694e-08,8.141209e-08,8.248760e-08,8.323358e-08,8.336172e-08,8.332175e-08,8.376592e-08,8.261161e-08,8.343470e-08,8.254261e-08,8.081886e-08,8.223210e-08,8.308861e-08,8.398082e-08,8.628799e-08,8.228418e-08,8.279775e-08,8.380596e-08,8.147184e-08,8.274376e-08,8.200591e-08,8.417360e-08,8.170121e-08,8.283087e-08,8.207714e-08,8.267213e-08,8.162184e-08,8.224634e-08,8.265852e-08,8.287754e-08,8.273094e-08,8.314909e-08,8.269885e-08,8.265246e-08,8.148118e-08,8.194576e-08,8.311784e-08,8.179761e-08,8.364959e-08,
8.232085e-08,8.339208e-08,8.385759e-08,8.347590e-08,8.342528e-08,8.417733e-08,8.405968e-08,8.647231e-08,8.276895e-08,8.201478e-08,8.390845e-08,8.273048e-08,8.335760e-08,8.334022e-08,8.297756e-08,8.339614e-08,8.091320e-08,8.305647e-08,8.383764e-08,8.266679e-08,8.311546e-08,8.470339e-08,8.173246e-08,8.320600e-08,8.239520e-08,8.189197e-08,8.603534e-08,8.196545e-08,8.299495e-08,8.296900e-08,8.291034e-08,8.266671e-08,8.190556e-08,8.392145e-08,8.299589e-08,8.212255e-08,8.284386e-08,8.502462e-08,8.259635e-08,8.348552e-08,8.347318e-08,8.326214e-08,8.206503e-08,8.271700e-08,8.335459e-08,8.405593e-08,8.212817e-08,8.079386e-08,8.154946e-08,8.357047e-08,8.301531e-08,8.356770e-08,8.304651e-08,8.106198e-08,8.417746e-08,8.218181e-08,8.213053e-08,8.402196e-08,8.280974e-08,8.289539e-08,8.394619e-08,8.314900e-08,8.273070e-08,8.189053e-08,
8.327689e-08,8.203063e-08,8.120128e-08,8.233396e-08,8.356693e-08,8.235189e-08,8.061762e-08,8.256576e-08,8.246027e-08,8.114093e-08,8.382273e-08,8.253109e-08,8.287253e-08,8.157730e-08,8.248214e-08,8.186504e-08,8.261893e-08,8.264771e-08,8.191875e-08,8.358946e-08,8.342219e-08,8.287578e-08,8.340340e-08,8.394872e-08,8.387042e-08,8.237373e-08,8.338228e-08,8.223109e-08,8.390751e-08,8.265531e-08,8.381619e-08,8.520668e-08,8.202970e-08,8.532366e-08,8.321709e-08,8.268237e-08,8.322412e-08,8.178659e-08,8.317450e-08,8.393097e-08,8.327468e-08,8.255270e-08,8.331911e-08,8.254377e-08,8.378153e-08,8.197867e-08,8.273074e-08,8.349081e-08,8.262849e-08,8.299461e-08,8.468373e-08,8.485285e-08,8.304422e-08,8.402072e-08,8.436880e-08,8.289566e-08,8.292977e-08,8.303453e-08,8.347536e-08,8.350411e-08,8.426053e-08,8.360428e-08,8.159231e-08,8.299606e-08,
8.326618e-08,8.281746e-08,8.394799e-08,8.592433e-08,8.239726e-08,8.240560e-08,8.208270e-08,8.254543e-08,8.368298e-08,8.329389e-08,8.290510e-08,8.198959e-08,8.207330e-08,8.302770e-08,8.329072e-08,8.166901e-08,8.301361e-08,8.198799e-08,8.271670e-08,8.283216e-08,8.301280e-08,8.282270e-08,8.211630e-08,8.281794e-08,8.400071e-08,8.181451e-08,8.170732e-08,8.442984e-08,8.299910e-08,8.165464e-08,8.346976e-08,8.328099e-08,8.197206e-08,8.254273e-08,8.461231e-08,8.275508e-08,8.265773e-08,8.257590e-08,8.258270e-08,8.294598e-08,8.371269e-08,8.279701e-08,8.333818e-08,8.308863e-08,8.245521e-08,8.385781e-08,8.338828e-08,8.235396e-08,8.470745e-08,8.273332e-08,8.164338e-08,8.310021e-08,8.288009e-08,8.232987e-08,8.402652e-08,8.355547e-08,8.266749e-08,8.355762e-08,8.402275e-08,8.382957e-08,8.430355e-08,8.373661e-08,8.089989e-08,8.220524e-08,
8.324587e-08,8.249773e-08,8.586196e-08,8.200968e-08,8.329564e-08,8.314312e-08,8.319119e-08,8.188902e-08,8.402837e-08,8.288935e-08,8.314683e-08,8.283291e-08,8.319080e-08,8.142305e-08,8.423861e-08,8.339651e-08,8.306130e-08,8.307348e-08,8.316505e-08,8.107599e-08,8.228447e-08,8.390784e-08,8.276515e-08,8.398141e-08,8.365808e-08,8.237397e-08,8.408901e-08,8.412373e-08,8.308551e-08,8.247591e-08,8.322462e-08,8.120984e-08,8.148604e-08,8.283864e-08,8.289598e-08,8.150147e-08,8.374451e-08,8.397692e-08,8.197142e-08,8.203787e-08,8.346159e-08,8.306630e-08,8.341605e-08,8.369914e-08,8.439038e-08,8.271897e-08,8.163843e-08,8.185426e-08,8.397563e-08,8.270113e-08,8.422883e-08,8.211469e-08,8.318681e-08,8.441065e-08,8.255701e-08,8.334253e-08,8.361418e-08,8.271035e-08,8.441181e-08,8.452197e-08,8.591592e-08,8.416073e-08,8.143656e-08,8.433159e-08,
8.393075e-08,8.439216e-08,8.342829e-08,8.056898e-08,8.286361e-08,8.200487e-08,8.414909e-08,8.327066e-08,8.368678e-08,8.398143e-08,8.321106e-08,8.183659e-08,8.212833e-08,8.157221e-08,8.157778e-08,8.243015e-08,8.355718e-08,8.237617e-08,8.412073e-08,8.468587e-08,8.175873e-08,8.176464e-08,8.243552e-08,8.202614e-08,8.175087e-08,8.404743e-08,8.327133e-08,8.190015e-08,8.293019e-08,8.319473e-08,8.142594e-08,8.248718e-08,8.196447e-08,8.249159e-08,8.443294e-08,8.214611e-08,8.517487e-08,8.275670e-08,8.304865e-08,8.462372e-08,8.320861e-08,8.195107e-08,8.214253e-08,8.238064e-08,8.191484e-08,8.434508e-08,8.373633e-08,8.351440e-08,8.450509e-08,8.201834e-08,8.425409e-08,8.410904e-08,8.123299e-08,8.428824e-08,8.435717e-08,8.358671e-08,8.430551e-08,8.334565e-08,8.127605e-08,8.187825e-08,8.391721e-08,8.284494e-08,8.228751e-08,8.282736e-08,
8.241072e-08,8.471465e-08,8.347553e-08,8.375499e-08,8.382457e-08,8.345901e-08,8.415967e-08,8.005528e-08,8.370924e-08,8.221446e-08,8.094215e-08,8.294097e-08,8.490725e-08,8.287240e-08,8.253097e-08,8.118111e-08,8.307515e-08,8.333094e-08,8.245272e-08,8.408746e-08,8.216340e-08,8.365654e-08,8.376111e-08,8.335855e-08,8.367571e-08,8.240421e-08,8.504757e-08,8.143761e-08,8.417743e-08,8.368636e-08,8.252491e-08,8.209802e-08,8.374951e-08,8.289952e-08,8.291669e-08,8.271557e-08,8.298036e-08,8.292487e-08,8.350202e-08,8.267384e-08,8.251579e-08,8.362258e-08,8.335735e-08,8.264492e-08,8.509970e-08,8.224389e-08,8.434827e-08,8.460196e-08,8.441301e-08,8.081606e-08,8.540268e-08,8.279571e-08,8.221642e-08,8.376975e-08,8.150108e-08,8.288578e-08,8.259599e-08,8.237544e-08,8.204487e-08,8.340740e-08,8.470357e-08,8.164337e-08,8.211195e-08,8.380642e-08,
8.328104e-08,8.393815e-08,8.394121e-08,8.340092e-08,8.339221e-08,8.190980e-08,8.195956e-08,8.194647e-08,8.310245e-08,8.573838e-08,8.175810e-08,8.363490e-08,8.336550e-08,8.403667e-08,8.244832e-08,8.138363e-08,8.206277e-08,8.299097e-08,8.192890e-08,8.415441e-08,8.273705e-08,8.317180e-08,8.155286e-08,8.348272e-08,8.223589e-08,8.334210e-08,8.219370e-08,8.333876e-08,8.285299e-08,8.324603e-08,8.287808e-08,8.273113e-08,8.237414e-08,8.257806e-08,8.117977e-08,8.211773e-08,8.305393e-08,8.110086e-08,8.282211e-08,8.265876e-08,8.481359e-08,8.293773e-08,8.401696e-08,8.361274e-08,8.290530e-08,8.261428e-08,8.312075e-08,8.246358e-08,8.436748e-08,8.366774e-08,8.193138e-08,8.358254e-08,8.364258e-08,8.142630e-08,8.383687e-08,8.380585e-08,8.381379e-08,8.428205e-08,8.159822e-08,8.464504e-08,8.135230e-08,8.295811e-08,8.255498e-08,8.501620e-08,
8.456878e-08,8.304887e-08,8.431387e-08,8.386387e-08,8.246032e-08,8.499372e-08,8.374772e-08,8.356858e-08,8.199501e-08,8.167983e-08,8.080475e-08,8.239361e-08,8.228221e-08,8.286015e-08,8.129540e-08,8.326232e-08,8.378551e-08,8.236696e-08,8.307583e-08,8.298491e-08,8.245815e-08,8.427436e-08,8.339774e-08,8.306309e-08,8.306162e-08,8.346268e-08,8.302457e-08,8.295369e-08,8.254543e-08,8.293177e-08,8.138573e-08,8.197858e-08,8.338210e-08,8.222025e-08,8.174345e-08,8.247155e-08,8.371800e-08,8.127060e-08,8.400415e-08,8.317935e-08,8.161015e-08,8.136680e-08,8.254622e-08,8.407528e-08,8.084571e-08,8.384682e-08,8.363832e-08,8.256119e-08,8.352164e-08,8.303943e-08,8.200049e-08,8.202324e-08,8.288764e-08,8.167225e-08,8.369536e-08,8.330941e-08,8.328335e-08,8.206709e-08,8.229016e-08,8.366908e-08,8.418635e-08,8.380159e-08,8.187317e-08,8.150561e-08,
8.132299e-08,8.224182e-08,8.175845e-08,8.289651e-08,8.283524e-08,8.329709e-08,8.295174e-08,8.357335e-08,8.333764e-08,8.195558e-08,8.234654e-08,8.293363e-08,8.316898e-08,8.342206e-08,8.166029e-08,8.387070e-08,8.350409e-08,8.187921e-08,8.385395e-08,8.300529e-08,8.334397e-08,8.201724e-08,8.309806e-08,8.276484e-08,8.323409e-08,8.172493e-08,8.226608e-08,8.250866e-08,8.224322e-08,8.329966e-08,8.326296e-08,8.176876e-08,8.272508e-08,8.267778e-08,8.340521e-08,8.372854e-08,8.377201e-08,7.917674e-08,8.362262e-08,8.271054e-08,8.324130e-08,8.260775e-08,8.178581e-08,8.358883e-08,8.417903e-08,8.234848e-08,8.398063e-08,8.345318e-08,8.407992e-08,8.422849e-08,8.348047e-08,8.179487e-08,8.252845e-08,8.187837e-08,8.333307e-08,8.474451e-08,8.261522e-08,8.152060e-08,8.386375e-08,8.380321e-08,8.310835e-08,8.348247e-08,8.440038e-08,8.477148e-08,
8.339366e-08,8.397882e-08,8.309163e-08,8.306216e-08,8.085479e-08,8.465560e-08,8.328522e-08,8.404528e-08,8.257751e-08,8.176699e-08,8.206192e-08,8.353704e-08,8.336092e-08,8.496491e-08,8.535017e-08,8.259682e-08,8.462455e-08,8.340693e-08,8.270866e-08,8.430714e-08,8.190116e-08,8.261858e-08,8.334260e-08,8.076783e-08,8.288212e-08,8.269021e-08,8.321752e-08,8.339784e-08,8.342039e-08,8.224043e-08,8.339333e-08,8.088194e-08,8.398208e-08,8.253983e-08,8.183601e-08,8.140233e-08,8.451094e-08,8.175177e-08,8.236647e-08,8.338092e-08,8.234215e-08,8.142452e-08,8.292534e-08,8.235672e-08,8.291792e-08,8.468449e-08,8.207594e-08,8.231107e-08,8.399215e-08,8.547233e-08,8.264537e-08,8.460157e-08,8.325190e-08,8.343398e-08,8.105147e-08,8.270126e-08,8.291180e-08,8.190245e-08,8.321898e-08,8.096737e-08,8.269316e-08,8.318568e-08,8.316944e-08,8.249549e-08,
8.324291e-08,8.209648e-08,8.316414e-08,8.202261e-08,8.215281e-08,8.305523e-08,8.239699e-08,8.352053e-08,8.242785e-08,8.372165e-08,8.225838e-08,8.234358e-08,8.432057e-08,8.314041e-08,8.346088e-08,8.180471e-08,8.146929e-08,8.277016e-08,8.284663e-08,8.221317e-08,8.335958e-08,8.297313e-08,8.340611e-08,8.263604e-08,8.280632e-08,8.222174e-08,8.514805e-08,8.231312e-08,8.344974e-08,8.328697e-08,8.344868e-08,8.372769e-08,8.500456e-08,8.302723e-08,8.286365e-08,8.170562e-08,8.248040e-08,8.311217e-08,8.267826e-08,8.305327e-08,8.230264e-08,8.483563e-08,8.350881e-08,8.350385e-08,8.148814e-08,8.354269e-08,8.275250e-08,8.438959e-08,8.328032e-08,8.446547e-08,8.144132e-08,8.408765e-08,8.205445e-08,8.345233e-08,8.281257e-08,8.275395e-08,8.078987e-08,8.267618e-08,8.384178e-08,8.167868e-08,8.411799e-08,8.379596e-08,8.301297e-08,8.225916e-08,
8.485841e-08,8.303687e-08,8.195840e-08,8.278869e-08,8.345590e-08,8.340322e-08,8.375889e-08,8.269813e-08,8.192199e-08,8.292543e-08,8.406365e-08,8.485493e-08,8.244683e-08,8.285336e-08,8.388963e-08,8.268664e-08,8.211658e-08,8.388196e-08,8.537488e-08,8.294239e-08,8.497310e-08,8.286622e-08,8.480349e-08,8.353381e-08,8.162407e-08,8.175498e-08,8.295566e-08,8.212119e-08,8.347319e-08,8.386153e-08,8.266190e-08,8.472308e-08,8.298630e-08,8.333343e-08,8.342676e-08,8.309226e-08,8.395220e-08,8.544282e-08,8.341337e-08,8.347118e-08,8.339959e-08,8.351033e-08,8.146487e-08,8.506239e-08,8.399631e-08,8.226453e-08,8.343252e-08,8.136386e-08,8.416712e-08,8.163196e-08,8.415934e-08,8.312645e-08,8.270710e-08,8.371739e-08,8.171774e-08,8.272393e-08,8.271673e-08,8.376741e-08,8.337086e-08,8.405433e-08,8.440126e-08,8.192866e-08,8.387523e-08,8.227486e-08,
8.349322e-08,8.471661e-08,8.233371e-08,8.273934e-08,8.249310e-08,8.316384e-08,8.442640e-08,8.283007e-08,8.259107e-08,8.075825e-08,8.363861e-08,8.435054e-08,8.194336e-08,8.136759e-08,8.160079e-08,8.205567e-08,8.351550e-08,8.394762e-08,8.398606e-08,8.215077e-08,8.178743e-08,8.231754e-08,8.274731e-08,8.193490e-08,8.076130e-08,8.327393e-08,8.223650e-08,8.254211e-08,8.554999e-08,8.210180e-08,8.383863e-08,8.242622e-08,8.215722e-08,8.148978e-08,8.468307e-08,8.201601e-08,8.219809e-08,8.272430e-08,8.204516e-08,8.446206e-08,8.275150e-08,8.219293e-08,8.212297e-08,8.219805e-08,8.320306e-08,8.165179e-08,8.327799e-08,8.376980e-08,8.382897e-08,8.368987e-08,8.178847e-08,8.280826e-08,8.365032e-08,8.382888e-08,8.385106e-08,8.304599e-08,8.285961e-08,8.331571e-08,8.156402e-08,8.298435e-08,8.279901e-08,8.272974e-08,8.265118e-08,8.398062e-08,
8.438556e-08,8.356227e-08,8.333033e-08,8.222676e-08,8.394174e-08,8.525577e-08,8.199372e-08,8.333355e-08,8.193390e-08,8.363935e-08,8.338825e-08,8.244529e-08,8.281137e-08,8.188479e-08,8.354316e-08,8.238802e-08,8.409037e-08,8.291540e-08,8.185284e-08,8.299374e-08,8.439893e-08,8.408357e-08,8.112990e-08,8.270864e-08,8.476376e-08,8.395209e-08,8.309128e-08,8.332658e-08,8.213962e-08,8.219780e-08,8.192555e-08,8.387072e-08,8.333639e-08,8.354951e-08,8.124460e-08,8.357124e-08,8.221344e-08,8.369848e-08,8.271659e-08,8.288299e-08,8.340761e-08,8.311680e-08,8.238129e-08,8.393224e-08,8.368347e-08,8.279802e-08,8.318247e-08,8.368968e-08,8.292690e-08,8.281426e-08,8.387723e-08,8.261347e-08,8.263342e-08,8.300113e-08,8.307756e-08,8.255901e-08,8.203607e-08,8.397737e-08,8.176788e-08,8.131406e-08,8.208736e-08,8.352518e-08,8.527770e-08,8.256575e-08,
8.389028e-08,8.208463e-08,8.348630e-08,8.366375e-08,8.428127e-08,8.454333e-08,8.323729e-08,8.169399e-08,8.202473e-08,8.484489e-08,8.305117e-08,8.340613e-08,8.265073e-08,8.302255e-08,8.188433e-08,8.303725e-08,8.144594e-08,8.145327e-08,8.345905e-08,8.248562e-08,8.256937e-08,8.273073e-08,8.210186e-08,8.480388e-08,8.422153e-08,8.248137e-08,8.312952e-08,8.276676e-08,8.368906e-08,8.280790e-08,8.305356e-08,8.277094e-08,8.462111e-08,8.189165e-08,8.289092e-08,8.280644e-08,8.347367e-08,8.242995e-08,8.436442e-08,8.361321e-08,8.185846e-08,8.287793e-08,8.226013e-08,8.278690e-08,8.208165e-08,8.557993e-08,8.189217e-08,8.478481e-08,8.195392e-08,8.357075e-08,8.255201e-08,8.401739e-08,8.071640e-08,8.255069e-08,8.230470e-08,8.271602e-08,8.390120e-08,8.461718e-08,8.460509e-08,8.315423e-08,8.354089e-08,8.301778e-08,8.404211e-08,8.263611e-08,
8.289718e-08,8.448327e-08,8.389851e-08,8.306693e-08,8.301570e-08,8.305048e-08,8.391739e-08,8.501945e-08,8.290051e-08,8.273328e-08,8.259540e-08,8.415750e-08,8.444975e-08,8.215290e-08,8.226867e-08,8.228972e-08,8.250872e-08,8.378667e-08,8.554700e-08,8.176779e-08,8.243280e-08,8.193634e-08,8.441154e-08,8.344241e-08,8.300610e-08,8.385731e-08,8.407554e-08,8.433345e-08,8.386500e-08,8.241914e-08,8.139932e-08,8.480819e-08,8.340875e-08,8.146588e-08,8.412994e-08,8.419138e-08,8.242867e-08,8.310354e-08,8.262093e-08,8.284993e-08,8.358593e-08,8.267685e-08,8.134623e-08,8.396195e-08,8.210504e-08,8.346570e-08,8.358883e-08,8.364666e-08,8.255770e-08,8.405787e-08,8.311650e-08,8.166565e-08,8.009906e-08,8.308083e-08,8.174926e-08,8.407763e-08,8.252147e-08,8.320267e-08,8.368004e-08,8.229511e-08,8.287266e-08,8.344849e-08,8.384060e-08,8.240022e-08,
8.194986e-08,8.416909e-08,8.372858e-08,8.388216e-08,8.160011e-08,8.196430e-08,8.326820e-08,8.311037e-08,8.186165e-08,8.384015e-08,8.431596e-08,8.234666e-08,8.336529e-08,8.367977e-08,8.372731e-08,8.378393e-08,8.466856e-08,8.451784e-08,8.417067e-08,8.333722e-08,8.415267e-08,8.294608e-08,8.130133e-08,8.530103e-08,8.198824e-08,8.301361e-08,8.214357e-08,8.306809e-08,8.559528e-08,8.442257e-08,8.257881e-08,8.339800e-08,8.273917e-08,8.384792e-08,8.400915e-08,8.283784e-08,8.233190e-08,8.238701e-08,8.364533e-08,8.358068e-08,8.363515e-08,8.132790e-08,8.344372e-08,8.206019e-08,8.392203e-08,8.222784e-08,8.213157e-08,8.268770e-08,8.337086e-08,8.494407e-08,8.325735e-08,8.211363e-08,8.179342e-08,8.452688e-08,8.384160e-08,8.278413e-08,8.366118e-08,8.300900e-08,8.381008e-08,8.155513e-08,8.256091e-08,8.275632e-08,8.210941e-08,8.218443e-08,
8.318389e-08,8.243335e-08,8.423233e-08,8.326596e-08,8.235666e-08,8.293895e-08,8.375651e-08,8.329038e-08,8.244603e-08,8.406039e-08,8.337440e-08,8.344840e-08,8.381669e-08,8.450252e-08,8.217352e-08,8.356283e-08,8.212205e-08,8.438530e-08,8.179221e-08,8.218970e-08,8.145898e-08,8.344059e-08,8.102522e-08,8.395737e-08,8.441362e-08,8.191644e-08,8.337155e-08,8.329007e-08,8.247524e-08,8.436237e-08,8.265848e-08,8.110142e-08,8.424776e-08,8.462918e-08,8.138895e-08,8.285921e-08,8.187068e-08,8.240760e-08,8.193644e-08,8.393477e-08,8.403879e-08,8.433041e-08,8.298009e-08,8.181931e-08,8.298526e-08,8.433274e-08,8.399144e-08,8.231309e-08,8.428998e-08,8.277962e-08,8.417702e-08,8.260332e-08,8.370757e-08,8.364890e-08,8.349829e-08,8.295810e-08,8.291167e-08,8.373436e-08,8.321987e-08,8.348530e-08,8.314843e-08,8.217441e-08,8.369630e-08,8.203751e-08,
8.451056e-08,8.464268e-08,8.335444e-08,8.377744e-08,8.322501e-08,8.227871e-08,8.409340e-08,8.300599e-08,8.165347e-08,8.217807e-08,8.243916e-08,8.339001e-08,8.345635e-08,8.346953e-08,8.373574e-08,8.437632e-08,8.194347e-08,8.357992e-08,8.331723e-08,8.271618e-08,8.439776e-08,8.078011e-08,8.255485e-08,8.329518e-08,8.518090e-08,8.444157e-08,8.243652e-08,8.419175e-08,8.284549e-08,8.263476e-08,8.107008e-08,8.438637e-08,8.270859e-08,8.234980e-08,8.331403e-08,8.342500e-08,8.178155e-08,8.330340e-08,8.193485e-08,8.318155e-08,8.205688e-08,8.198625e-08,8.334928e-08,8.314210e-08,8.308976e-08,8.505517e-08,8.305243e-08,8.166439e-08,8.322659e-08,8.096422e-08,8.277075e-08,8.239367e-08,8.282115e-08,8.264853e-08,8.419100e-08,8.304712e-08,8.378367e-08,8.284425e-08,8.292066e-08,8.232671e-08,8.229266e-08,8.242163e-08,8.221717e-08,8.267641e-08,
8.276925e-08,8.358122e-08,8.310477e-08,8.295856e-08,8.090604e-08,8.206791e-08,8.223398e-08,8.287279e-08,8.343735e-08,8.356697e-08,8.298014e-08,8.468979e-08,8.233269e-08,8.163295e-08,8.167418e-08,8.275577e-08,8.356874e-08,8.146285e-08,8.218901e-08,8.334192e-08,8.241274e-08,8.251906e-08,8.273018e-08,8.263843e-08,8.257757e-08,8.292253e-08,8.204946e-08,8.233766e-08,8.213474e-08,8.086334e-08,8.498604e-08,8.327657e-08,8.047495e-08,8.250304e-08,8.283412e-08,8.402722e-08,8.258381e-08,8.293422e-08,8.254528e-08,8.315259e-08,8.248852e-08,8.244323e-08,8.381954e-08,8.075863e-08,8.133226e-08,8.407718e-08,8.296802e-08,8.111544e-08,8.152486e-08,8.358458e-08,8.270140e-08,8.276532e-08,8.442933e-08,8.296424e-08,8.270500e-08,8.270841e-08,8.433501e-08,8.317020e-08,8.388216e-08,8.328292e-08,8.311311e-08,8.401203e-08,8.344360e-08,8.183968e-08,
8.372862e-08,8.414301e-08,8.364937e-08,8.372701e-08,8.321829e-08,8.239954e-08,8.448401e-08,8.064488e-08,8.277078e-08,8.238547e-08,8.286150e-08,8.487483e-08,8.408977e-08,8.316166e-08,8.363930e-08,8.311539e-08,8.341078e-08,8.375836e-08,8.498656e-08,8.259385e-08,8.394986e-08,8.458621e-08,8.227767e-08,8.094043e-08,8.375661e-08,8.199464e-08,8.396065e-08,8.356835e-08,8.460201e-08,8.101305e-08,8.206619e-08,8.427627e-08,8.283617e-08,8.331730e-08,8.151137e-08,8.480744e-08,8.408924e-08,8.346605e-08,8.201426e-08,8.429951e-08,8.056787e-08,8.420973e-08,8.319178e-08,8.366268e-08,8.255127e-08,8.287920e-08,8.301142e-08,8.304239e-08,8.350411e-08,8.167744e-08,8.415362e-08,8.225457e-08,8.462780e-08,8.246699e-08,8.223743e-08,8.293874e-08,8.382020e-08,8.246198e-08,8.207219e-08,8.186085e-08,8.354624e-08,8.382137e-08,8.183754e-08,8.298267e-08,
8.154698e-08,8.203201e-08,8.139849e-08,8.144310e-08,8.336461e-08,8.419771e-08,8.190581e-08,8.324075e-08,8.252154e-08,8.386186e-08,8.353966e-08,8.257572e-08,8.201572e-08,8.390018e-08,8.437783e-08,8.323423e-08,8.334859e-08,8.541742e-08,8.159398e-08,8.445602e-08,8.453428e-08,8.238392e-08,8.234798e-08,8.381337e-08,8.222439e-08,8.164390e-08,8.365452e-08,8.184560e-08,8.254974e-08,8.219042e-08,8.134787e-08,8.280675e-08,8.239782e-08,8.408956e-08,8.396808e-08,8.225207e-08,8.131423e-08,8.263889e-08,8.097387e-08,8.363600e-08,8.113287e-08,8.161089e-08,8.202907e-08,8.540443e-08,8.364196e-08,8.445153e-08,8.293001e-08,8.452235e-08,8.358284e-08,8.487224e-08,8.169637e-08,8.282677e-08,8.311914e-08,8.195581e-08,8.257971e-08,8.225192e-08,8.292341e-08,8.337786e-08,8.226705e-08,8.413986e-08,8.280594e-08,8.400562e-08,8.205609e-08,8.244993e-08,
8.169057e-08,8.278292e-08,8.126649e-08,8.571811e-08,8.245441e-08,8.418983e-08,8.179282e-08,8.442794e-08,8.325274e-08,8.351044e-08,8.349296e-08,8.260345e-08,8.328523e-08,8.305268e-08,8.174765e-08,8.371786e-08,8.485534e-08,8.494052e-08,8.388299e-08,8.077432e-08,8.561894e-08,8.304368e-08,8.234237e-08,8.409816e-08,8.444082e-08,8.222745e-08,8.367705e-08,8.084462e-08,8.148128e-08,8.195666e-08,8.287215e-08,8.265827e-08,8.510411e-08,8.313949e-08,8.237549e-08,8.205528e-08,8.313649e-08,8.285349e-08,8.315006e-08,8.278244e-08,8.220353e-08,8.318932e-08,8.170073e-08,8.293051e-08,8.256827e-08,8.317174e-08,8.380002e-08,8.373388e-08,8.202886e-08,8.457180e-08,8.163120e-08,8.329856e-08,8.418440e-08,8.301775e-08,8.259784e-08,8.165633e-08,8.192996e-08,8.278313e-08,8.274028e-08,8.356470e-08,8.429475e-08,8.296261e-08,8.280803e-08,8.238844e-08,
8.232596e-08,8.377235e-08,8.496911e-08,8.307432e-08,8.561462e-08,8.390245e-08,8.436097e-08,8.227074e-08,8.371562e-08,8.312691e-08,8.207085e-08,8.393980e-08,8.280289e-08,8.306359e-08,8.140363e-08,8.374689e-08,8.247897e-08,8.349472e-08,8.225880e-08,8.225234e-08,8.396132e-08,8.297106e-08,8.260412e-08,8.308993e-08,8.388101e-08,8.208458e-08,8.150238e-08,8.233103e-08,8.317726e-08,8.429185e-08,8.164487e-08,8.276608e-08,8.315669e-08,8.223659e-08,8.479449e-08,8.372257e-08,8.285798e-08,8.282870e-08,8.400065e-08,8.199821e-08,8.295632e-08,8.116099e-08,8.393285e-08,8.449494e-08,8.241739e-08,8.244799e-08,8.279300e-08,8.325419e-08,8.287001e-08,8.421489e-08,8.337992e-08,8.205252e-08,8.167803e-08,8.202642e-08,8.335569e-08,8.105752e-08,8.239960e-08,8.237376e-08,8.326927e-08,8.308422e-08,8.184384e-08,8.275897e-08,8.322713e-08,8.339183e-08,
8.304713e-08,8.262040e-08,8.247149e-08,8.337908e-08,8.361952e-08,8.220309e-08,8.335204e-08,8.247396e-08,8.315987e-08,8.252905e-08,8.469064e-08,8.252124e-08,8.192431e-08,8.404897e-08,8.166650e-08,8.356575e-08,8.133583e-08,8.278117e-08,8.295812e-08,8.387791e-08,8.490848e-08,8.202048e-08,8.377512e-08,8.320719e-08,8.317976e-08,8.390079e-08,8.115307e-08,8.186687e-08,8.295546e-08,8.218749e-08,8.402470e-08,8.387132e-08,8.378537e-08,8.180053e-08,8.292506e-08,8.484174e-08,8.327545e-08,8.385351e-08,8.293567e-08,8.321324e-08,8.263512e-08,8.168709e-08,8.278372e-08,8.222993e-08,8.198505e-08,8.171984e-08,8.248942e-08,8.222661e-08,8.311282e-08,8.503459e-08,8.483093e-08,8.356463e-08,8.393007e-08,8.291669e-08,8.331164e-08,8.146297e-08,8.344345e-08,8.311426e-08,8.213632e-08,8.319895e-08,8.298847e-08,8.279498e-08,8.312020e-08,8.378253e-08,
8.237265e-08,8.413254e-08,8.239223e-08,8.239716e-08,8.242754e-08,8.349776e-08,8.184227e-08,8.233193e-08,8.384240e-08,8.229177e-08,8.457886e-08,8.372298e-08,8.328216e-08,8.470989e-08,8.376417e-08,8.200536e-08,8.409341e-08,8.280775e-08,8.316441e-08,8.443286e-08,8.433584e-08,8.170131e-08,8.314580e-08,8.211250e-08,8.438418e-08,8.334361e-08,8.521216e-08,8.109426e-08,8.336474e-08,8.264911e-08,8.225258e-08,8.195615e-08,8.227110e-08,8.201146e-08,8.137791e-08,8.134350e-08,8.342525e-08,8.220333e-08,8.395742e-08,8.318654e-08,8.354657e-08,8.233014e-08,8.227149e-08,8.194104e-08,8.421956e-08,8.337419e-08,8.424228e-08,8.308109e-08,8.153297e-08,8.148577e-08,8.219386e-08,8.154531e-08,8.372978e-08,8.334567e-08,8.195982e-08,8.478527e-08,8.300184e-08,8.218563e-08,8.292636e-08,8.214566e-08,8.377102e-08,8.418237e-08,8.393394e-08,8.383526e-08,
===
8.860670e-08,9.087144e-08,8.897713e-08,8.900221e-08,8.746447e-08,8.781526e-08,8.796061e-08,8.675979e-08,8.664327e-08,8.716640e-08,8.675032e-08,8.727922e-08,8.938511e-08,8.704968e-08,8.604636e-08,8.806512e-08,8.889354e-08,8.975153e-08,8.571453e-08,9.001918e-08,8.838257e-08,8.677830e-08,8.981986e-08,8.932038e-08,8.890865e-08,8.853286e-08,8.843689e-08,8.823561e-08,8.834829e-08,8.637611e-08,8.672806e-08,8.705281e-08,8.912353e-08,8.723876e-08,8.680609e-08,8.814557e-08,8.886978e-08,8.760339e-08,8.778969e-08,8.789900e-08,8.521933e-08,8.683544e-08,8.649129e-08,8.893961e-08,8.665923e-08,8.548494e-08,8.768714e-08,8.747192e-08,8.874573e-08,8.868259e-08,8.670395e-08,8.834333e-08,8.895480e-08,8.865512e-08,8.865402e-08,8.783267e-08,8.721662e-08,8.856670e-08,8.683079e-08,8.764984e-08,8.622364e-08,8.849026e-08,8.734626e-08,8.833231e-08,
8.874968e-08,8.820308e-08,8.847847e-08,8.714025e-08,8.734708e-08,8.602019e-08,8.710825e-08,8.879625e-08,8.834860e-08,8.888525e-08,8.797828e-08,8.849725e-08,8.901051e-08,8.699081e-08,8.668366e-08,8.841953e-08,8.855277e-08,8.995777e-08,8.991950e-08,8.678417e-08,8.930971e-08,8.871843e-08,8.647980e-08,8.674492e-08,8.733457e-08,8.813686e-08,8.742615e-08,8.708367e-08,8.693351e-08,8.761498e-08,8.807539e-08,8.724446e-08,8.884245e-08,8.694920e-08,8.946380e-08,8.664606e-08,8.699070e-08,8.712762e-08,8.673881e-08,8.823068e-08,8.678031e-08,8.898894e-08,8.722992e-08,8.725764e-08,8.774220e-08,8.631834e-08,8.885324e-08,8.863692e-08,8.706732e-08,8.591716e-08,8.777969e-08,8.786462e-08,8.626757e-08,8.798153e-08,8.887064e-08,8.662155e-08,8.652547e-08,8.781369e-08,8.816255e-08,8.817390e-08,8.698939e-08,8.742254e-08,8.756569e-08,8.824408e-08,
8.924590e-08,8.640760e-08,8.830587e-08,8.800253e-08,8.723029e-08,8.693871e-08,8.671070e-08,8.741444e-08,8.756187e-08,8.847502e-08,8.649173e-08,8.805832e-08,8.857223e-08,8.596655e-08,8.859544e-08,8.795873e-08,8.634139e-08,8.753383e-08,8.772662e-08,8.827909e-08,8.757932e-08,8.702474e-08,8.822653e-08,8.620501e-08,8.657995e-08,8.815577e-08,8.834680e-08,8.978001e-08,8.867692e-08,8.826030e-08,8.779543e-08,8.727436e-08,8.750345e-08,8.759882e-08,8.798425e-08,8.804710e-08,8.718771e-08,8.869171e-08,8.714051e-08,8.964234e-08,8.892629e-08,8.850247e-08,8.852145e-08,8.596125e-08,8.821593e-08,8.813770e-08,8.884676e-08,8.811664e-08,8.951392e-08,9.115468e-08,8.714161e-08,8.742525e-08,8.720529e-08,8.771278e-08,8.925028e-08,8.882395e-08,8.754728e-08,8.893495e-08,8.747691e-08,8.625755e-08,8.851476e-08,8.814700e-08,8.819098e-08,8.729746e-08,
8.848535e-08,8.791396e-08,8.773151e-08,8.896897e-08,8.729255e-08,8.621003e-08,8.960361e-08,8.675202e-08,8.791924e-08,8.624777e-08,8.900909e-08,8.705748e-08,8.804453e-08,8.956222e-08,8.975142e-08,8.678759e-08,8.752195e-08,8.723146e-08,8.703966e-08,8.886506e-08,8.747553e-08,8.789850e-08,8.676857e-08,8.658948e-08,8.915456e-08,8.692518e-08,8.742677e-08,8.840652e-08,8.878138e-08,8.746489e-08,8.788083e-08,8.806497e-08,8.667613e-08,8.812113e-08,8.903518e-08,8.729660e-08,8.828036e-08,8.803890e-08,8.754323e-08,8.729847e-08,8.809656e-08,9.012119e-08,8.868291e-08,8.642715e-08,8.879177e-08,8.812999e-08,8.953685e-08,8.831633e-08,8.840007e-08,8.712638e-08,8.701639e-08,8.741612e-08,8.847334e-08,8.823374e-08,8.883607e-08,8.859850e-08,8.601412e-08,8.944283e-08,8.732756e-08,8.846558e-08,8.769109e-08,8.758447e-08,8.606985e-08,8.757281e-08,
8.742227e-08,8.840788e-08,8.953723e-08,8.653837e-08,8.583110e-08,8.713316e-08,8.815468e-08,8.741346e-08,8.771269e-08,8.812400e-08,8.816286e-08,8.668261e-08,8.741468e-08,8.976294e-08,8.669825e-08,9.015519e-08,8.642757e-08,8.705673e-08,8.786766e-08,8.708274e-08,8.683366e-08,8.818200e-08,8.788200e-08,8.858162e-08,8.760205e-08,8.938489e-08,8.937982e-08,8.936863e-08,8.681591e-08,8.806266e-08,8.756214e-08,8.806891e-08,8.912170e-08,8.939558e-08,8.825280e-08,8.870692e-08,8.734025e-08,8.760906e-08,8.865842e-08,8.838106e-08,8.750004e-08,8.816292e-08,8.774823e-08,8.832324e-08,8.769967e-08,8.753801e-08,8.819107e-08,8.718969e-08,8.933266e-08,8.711342e-08,8.879658e-08,8.857841e-08,8.729001e-08,8.883793e-08,8.805368e-08,8.779593e-08,8.646843e-08,8.746932e-08,8.977918e-08,8.655999e-08,8.886923e-08,8.860688e-08,8.702075e-08,8.704330e-08,
8.810250e-08,8.893492e-08,8.756867e-08,8.851561e-08,8.775876e-08,8.797578e-08,8.959856e-08,8.810524e-08,8.803853e-08,8.835178e-08,8.695618e-08,8.874905e-08,8.964356e-08,8.813806e-08,8.808057e-08,8.783958e-08,8.754364e-08,8.999148e-08,8.569795e-08,9.026080e-08,8.758373e-08,8.729609e-08,8.861172e-08,8.812301e-08,8.731840e-08,8.693743e-08,8.768483e-08,8.691131e-08,8.873318e-08,8.626272e-08,8.615345e-08,8.781945e-08,8.776790e-08,8.652979e-08,8.683868e-08,8.658939e-08,8.710820e-08,8.763719e-08,8.912127e-08,8.693539e-08,8.888012e-08,8.789863e-08,8.864082e-08,8.643732e-08,8.788164e-08,8.800372e-08,8.973137e-08,8.737849e-08,8.693721e-08,8.860456e-08,8.849393e-08,8.564320e-08,8.603758e-08,8.706523e-08,8.678779e-08,8.773110e-08,8.854691e-08,8.660869e-08,8.915927e-08,8.996452e-08,8.967487e-08,8.773073e-08,8.829666e-08,8.677190e-08,
8.870881e-08,8.564665e-08,8.723866e-08,8.733839e-08,8.927973e-08,8.726623e-08,8.728851e-08,8.777216e-08,8.863043e-08,8.820300e-08,8.849946e-08,8.773261e-08,8.789704e-08,8.761773e-08,8.848625e-08,8.763363e-08,8.877140e-08,8.771429e-08,8.915399e-08,8.891954e-08,8.868507e-08,8.792488e-08,8.831815e-08,8.751097e-08,8.906531e-08,8.634481e-08,8.734557e-08,8.898576e-08,8.620174e-08,8.902786e-08,8.511606e-08,8.728731e-08,8.718506e-08,8.796217e-08,8.733667e-08,8.924480e-08,8.628853e-08,8.823512e-08,8.761997e-08,8.862970e-08,8.892036e-08,8.689953e-08,8.756679e-08,8.725821e-08,8.837502e-08,8.698942e-08,8.679657e-08,8.888121e-08,8.834172e-08,8.637717e-08,8.630232e-08,8.591352e-08,8.786216e-08,8.944630e-08,8.828732e-08,8.774500e-08,8.765330e-08,8.935503e-08,8.823742e-08,8.711022e-08,9.052812e-08,8.824979e-08,8.709724e-08,8.802496e-08,
8.879318e-08,8.936085e-08,8.834925e-08,8.857591e-08,8.739749e-08,8.885100e-08,8.800069e-08,8.747393e-08,8.717249e-08,8.834944e-08,8.792385e-08,8.797593e-08,8.703617e-08,8.971927e-08,8.698263e-08,8.687722e-08,8.716682e-08,8.874765e-08,8.919797e-08,8.772752e-08,8.658435e-08,8.739782e-08,8.887178e-08,8.820775e-08,8.828420e-08,8.742104e-08,8.560073e-08,8.688968e-08,8.851866e-08,8.807326e-08,8.612511e-08,8.894681e-08,8.632683e-08,8.882674e-08,8.877323e-08,8.846005e-08,8.669636e-08,8.805164e-08,8.623074e-08,8.883145e-08,8.753961e-08,8.900556e-08,8.941334e-08,8.807730e-08,8.847868e-08,8.848103e-08,8.773734e-08,8.831799e-08,8.667860e-08,8.819576e-08,8.697111e-08,8.786380e-08,8.862748e-08,8.813620e-08,8.719429e-08,8.604330e-08,8.817881e-08,8.689294e-08,8.788936e-08,8.805005e-08,8.675999e-08,8.645474e-08,8.603329e-08,8.724434e-08,
8.623333e-08,8.907061e-08,8.671055e-08,8.827040e-08,8.890957e-08,8.492743e-08,8.733919e-08,8.854452e-08,8.396314e-08,8.820211e-08,9.055479e-08,8.590393e-08,8.785094e-08,8.774351e-08,8.825713e-08,8.880656e-08,8.689044e-08,8.733642e-08,8.851190e-08,8.754201e-08,8.813980e-08,8.768737e-08,8.968663e-08,8.910797e-08,8.646215e-08,8.774708e-08,8.947133e-08,8.734524e-08,8.808260e-08,8.839376e-08,8.733810e-08,8.931267e-08,8.812539e-08,8.729320e-08,8.869656e-08,8.739189e-08,8.613277e-08,8.772739e-08,8.665674e-08,8.723311e-08,8.924534e-08,8.975195e-08,8.680123e-08,8.689046e-08,8.889733e-08,8.828260e-08,8.821318e-08,8.813581e-08,8.947272e-08,8.866989e-08,8.868810e-08,8.847582e-08,8.929601e-08,8.909910e-08,8.777726e-08,8.930977e-08,8.842751e-08,8.690678e-08,8.513851e-08,8.803662e-08,8.756384e-08,8.772818e-08,8.889134e-08,8.583813e-08,
8.724950e-08,8.815725e-08,8.800429e-08,8.725853e-08,8.639875e-08,8.822457e-08,8.746520e-08,8.785242e-08,8.733418e-08,8.788158e-08,8.740186e-08,8.954020e-08,8.780116e-08,8.664164e-08,8.746079e-08,8.883075e-08,8.723319e-08,8.713826e-08,8.752582e-08,8.828865e-08,8.981756e-08,8.779967e-08,8.757969e-08,8.697504e-08,8.642448e-08,8.877880e-08,8.741883e-08,8.682256e-08,8.868135e-08,8.941569e-08,8.639571e-08,8.744490e-08,8.790350e-08,8.722817e-08,8.758864e-08,8.673292e-08,8.672713e-08,8.723262e-08,8.993239e-08,8.763050e-08,8.970192e-08,8.823092e-08,8.764493e-08,8.633210e-08,8.776632e-08,8.594469e-08,8.628184e-08,8.893981e-08,8.689500e-08,8.776011e-08,8.735148e-08,8.811595e-08,8.912527e-08,8.675887e-08,8.752928e-08,8.799098e-08,8.819382e-08,8.731637e-08,8.712498e-08,8.835748e-08,8.758649e-08,8.851142e-08,8.699030e-08,8.727386e-08,
8.725763e-08,8.802569e-08,8.886328e-08,8.862508e-08,8.935978e-08,8.758298e-08,8.937522e-08,8.796924e-08,8.815484e-08,8.790947e-08,8.790595e-08,8.783771e-08,8.778400e-08,8.834335e-08,8.665259e-08,8.751673e-08,8.800117e-08,8.543319e-08,8.857310e-08,8.779433e-08,8.720233e-08,8.668934e-08,8.658652e-08,8.761282e-08,8.635885e-08,8.830463e-08,8.823373e-08,8.694733e-08,8.967816e-08,8.835731e-08,8.679702e-08,8.914554e-08,8.895622e-08,8.909717e-08,8.844793e-08,8.695629e-08,8.784818e-08,8.840882e-08,8.763080e-08,8.804144e-08,8.678634e-08,8.728541e-08,8.869165e-08,8.738316e-08,8.661039e-08,8.787192e-08,8.608729e-08,8.862468e-08,8.726503e-08,8.592037e-08,8.746928e-08,8.680875e-08,8.822051e-08,8.664010e-08,8.685615e-08,8.831268e-08,8.613421e-08,8.861986e-08,8.693572e-08,8.814785e-08,8.883472e-08,8.789950e-08,8.919349e-08,8.607333e-08,
9.063275e-08,8.734338e-08,8.607532e-08,8.738954e-08,8.431209e-08,8.792092e-08,8.783897e-08,8.690590e-08,8.744066e-08,8.737634e-08,8.673085e-08,8.870843e-08,8.787370e-08,8.739627e-08,8.601388e-08,8.657542e-08,8.734016e-08,8.817745e-08,8.802885e-08,8.679650e-08,8.804973e-08,8.475901e-08,8.707951e-08,8.877728e-08,8.674379e-08,8.840355e-08,8.738863e-08,8.895144e-08,8.930148e-08,9.050218e-08,8.611108e-08,8.718782e-08,8.831386e-08,8.817951e-08,8.770573e-08,8.822179e-08,8.926384e-08,8.688519e-08,8.727671e-08,8.837087e-08,8.854733e-08,8.814446e-08,8.620663e-08,8.635657e-08,8.694560e-08,8.817470e-08,8.730450e-08,8.683793e-08,8.640864e-08,8.763709e-08,8.806265e-08,8.771499e-08,8.725020e-08,8.883441e-08,8.854321e-08,8.816058e-08,8.811220e-08,8.821077e-08,8.776650e-08,8.771439e-08,8.686474e-08,8.741072e-08,8.529071e-08,8.753781e-08,
8.766246e-08,8.779403e-08,8.856506e-08,8.731153e-08,8.549374e-08,9.029203e-08,8.824891e-08,8.824238e-08,8.600130e-08,8.805040e-08,8.788486e-08,8.902815e-08,8.805685e-08,8.800139e-08,8.658467e-08,8.879837e-08,8.741341e-08,8.618082e-08,8.848837e-08,8.664397e-08,8.825900e-08,8.846814e-08,9.040489e-08,8.768042e-08,9.022276e-08,8.816966e-08,8.748734e-08,8.721407e-08,8.599371e-08,8.820616e-08,8.870955e-08,8.795260e-08,8.818399e-08,8.729595e-08,8.677211e-08,8.780727e-08,8.628369e-08,8.809345e-08,8.788438e-08,8.807387e-08,8.934456e-08,8.628955e-08,8.664629e-08,9.076958e-08,8.872860e-08,8.922300e-08,8.770146e-08,8.703297e-08,8.611906e-08,8.796645e-08,8.715328e-08,8.859610e-08,8.715387e-08,8.707317e-08,8.829211e-08,8.750764e-08,8.706613e-08,8.609126e-08,8.634549e-08,8.753318e-08,8.739448e-08,8.646636e-08,8.717711e-08,8.911539e-08,
8.785534e-08,8.850536e-08,8.681365e-08,8.951854e-08,8.831834e-08,8.800495e-08,8.645010e-08,8.676549e-08,8.879581e-08,8.690518e-08,8.721123e-08,8.752694e-08,8.876317e-08,8.561897e-08,8.753924e-08,8.831487e-08,8.898757e-08,8.701147e-08,9.058354e-08,8.863821e-08,8.791968e-08,8.764010e-08,8.640024e-08,8.731242e-08,8.819038e-08,8.767534e-08,8.818417e-08,8.978379e-08,8.699787e-08,8.833857e-08,8.842934e-08,8.694265e-08,8.585083e-08,8.773979e-08,8.969767e-08,8.692532e-08,8.774735e-08,8.620981e-08,8.835329e-08,8.627944e-08,8.935817e-08,8.629680e-08,8.744093e-08,8.823018e-08,8.905684e-08,8.875882e-08,8.762975e-08,8.817726e-08,8.801065e-08,8.703198e-08,8.981392e-08,8.733881e-08,8.834190e-08,8.907735e-08,8.736907e-08,8.947724e-08,8.746386e-08,8.734160e-08,8.748918e-08,8.853507e-08,8.604269e-08,8.877082e-08,8.993918e-08,8.811004e-08,
8.660812e-08,8.678748e-08,8.868455e-08,8.809464e-08,8.891179e-08,8.919987e-08,8.723257e-08,8.648402e-08,8.794399e-08,8.964759e-08,8.763242e-08,8.642982e-08,8.734843e-08,8.788196e-08,8.798028e-08,8.729641e-08,8.763806e-08,8.796142e-08,8.863848e-08,8.579866e-08,8.954760e-08,8.884424e-08,8.582503e-08,8.754366e-08,8.719689e-08,8.847221e-08,8.644735e-08,8.769404e-08,8.712879e-08,8.500138e-08,8.736751e-08,8.840682e-08,8.727734e-08,8.810663e-08,8.841542e-08,8.875501e-08,8.732482e-08,8.928294e-08,8.580888e-08,8.731445e-08,8.873704e-08,8.770988e-08,8.831789e-08,8.814399e-08,8.671794e-08,8.878048e-08,8.723485e-08,8.776939e-08,8.866560e-08,8.660130e-08,8.788590e-08,8.661343e-08,8.591849e-08,8.891514e-08,8.949611e-08,8.924754e-08,8.885670e-08,8.763749e-08,8.780677e-08,8.798854e-08,8.763617e-08,8.695626e-08,8.967155e-08,8.807638e-08,
8.873029e-08,8.924959e-08,8.857866e-08,8.823534e-08,8.809446e-08,8.796203e-08,8.896486e-08,8.749145e-08,8.647198e-08,8.833949e-08,8.866705e-08,8.812330e-08,8.723227e-08,8.707854e-08,8.746014e-08,8.912678e-08,8.792487e-08,8.889245e-08,8.805220e-08,8.522849e-08,8.775757e-08,8.890979e-08,8.847693e-08,8.679590e-08,8.627470e-08,8.815328e-08,8.774549e-08,8.749456e-08,8.622813e-08,8.913955e-08,8.718285e-08,8.670762e-08,8.724995e-08,8.748219e-08,8.727776e-08,8.786303e-08,8.611199e-08,8.828424e-08,8.920614e-08,8.629062e-08,8.788087e-08,8.796349e-08,8.670321e-08,8.787099e-08,8.894020e-08,8.912128e-08,8.888169e-08,8.748888e-08,8.715311e-08,8.948379e-08,8.941673e-08,8.787523e-08,8.685131e-08,8.896768e-08,8.811721e-08,8.786387e-08,8.757975e-08,8.790717e-08,8.616624e-08,8.778417e-08,8.619712e-08,8.795392e-08,8.783357e-08,8.706005e-08,
8.799318e-08,8.675826e-08,8.872279e-08,8.783650e-08,8.744420e-08,8.787761e-08,8.915096e-08,8.555523e-08,8.864079e-08,8.816385e-08,8.707815e-08,8.688004e-08,8.786473e-08,8.676453e-08,8.904760e-08,8.737095e-08,8.872118e-08,8.846550e-08,8.806162e-08,8.689115e-08,8.701057e-08,8.892079e-08,8.746035e-08,8.846065e-08,9.068662e-08,8.649516e-08,8.938864e-08,8.806166e-08,8.565305e-08,8.920408e-08,8.890235e-08,8.995663e-08,8.658717e-08,8.840323e-08,8.750180e-08,8.963154e-08,8.688517e-08,8.607858e-08,8.865373e-08,8.842277e-08,8.679057e-08,8.798270e-08,8.633290e-08,8.760922e-08,8.587037e-08,8.667045e-08,8.848280e-08,8.886033e-08,8.710396e-08,8.832255e-08,8.833985e-08,8.952584e-08,8.596169e-08,8.789850e-08,8.728117e-08,8.933326e-08,8.722605e-08,9.010952e-08,8.661549e-08,8.826099e-08,8.747006e-08,8.748969e-08,8.880012e-08,8.940406e-08,
8.789745e-08,8.643678e-08,8.842810e-08,8.788457e-08,8.728496e-08,8.651594e-08,8.755542e-08,8.700899e-08,8.770051e-08,8.674332e-08,8.665910e-08,9.003114e-08,8.803494e-08,8.768023e-08,8.669543e-08,8.802264e-08,8.799887e-08,8.845470e-08,8.698073e-08,8.854551e-08,8.761276e-08,8.759722e-08,8.703265e-08,8.784730e-08,8.835555e-08,8.949655e-08,8.791673e-08,8.758779e-08,8.809163e-08,8.697308e-08,9.141548e-08,8.763465e-08,8.789641e-08,8.864491e-08,8.645890e-08,8.785088e-08,8.860062e-08,8.863081e-08,8.783899e-08,8.799252e-08,8.777159e-08,8.717413e-08,8.989830e-08,8.945986e-08,8.784531e-08,8.717581e-08,8.869637e-08,8.764179e-08,8.648395e-08,8.665136e-08,8.845943e-08,8.647315e-08,8.656456e-08,8.724612e-08,8.867111e-08,8.725091e-08,8.719877e-08,8.808219e-08,8.718736e-08,8.692029e-08,8.768884e-08,8.641821e-08,8.751893e-08,8.709552e-08,
8.744707e-08,8.925827e-08,8.799963e-08,8.744366e-08,8.639280e-08,8.678505e-08,8.761160e-08,8.756431e-08,8.697226e-08,8.889441e-08,8.939221e-08,8.911489e-08,8.875402e-08,8.888171e-08,8.809869e-08,8.718240e-08,8.856563e-08,8.758094e-08,8.826711e-08,8.780742e-08,8.857619e-08,8.715752e-08,8.699270e-08,8.794209e-08,8.824103e-08,8.661851e-08,8.840348e-08,8.889623e-08,8.824257e-08,8.842920e-08,8.873169e-08,8.705089e-08,8.811617e-08,8.739316e-08,8.580115e-08,8.926421e-08,8.851388e-08,8.895502e-08,8.746855e-08,8.840408e-08,8.824373e-08,8.768379e-08,8.642301e-08,8.851336e-08,8.600876e-08,8.721449e-08,8.812920e-08,8.856568e-08,8.673779e-08,8.842378e-08,8.750906e-08,8.787370e-08,8.890323e-08,8.681996e-08,8.787179e-08,8.707698e-08,8.799575e-08,8.880190e-08,8.721359e-08,8.779108e-08,8.827463e-08,8.515584e-08,8.849850e-08,8.759351e-08,
8.909913e-08,8.803472e-08,8.773381e-08,8.753498e-08,8.719585e-08,8.834617e-08,8.830784e-08,8.849399e-08,8.664579e-08,8.863731e-08,8.908262e-08,8.829219e-08,8.952587e-08,8.757783e-08,8.852106e-08,8.643205e-08,8.770621e-08,8.700227e-08,8.764577e-08,8.817478e-08,8.560044e-08,8.755880e-08,8.813601e-08,8.799045e-08,8.620998e-08,8.759174e-08,8.915730e-08,8.750634e-08,8.727330e-08,8.890061e-08,8.575474e-08,8.786184e-08,8.728559e-08,8.734707e-08,8.788928e-08,8.674881e-08,8.737756e-08,8.895604e-08,8.814608e-08,9.011434e-08,8.890627e-08,8.810868e-08,8.812564e-08,8.746489e-08,8.769804e-08,8.845166e-08,8.750139e-08,8.778446e-08,8.730682e-08,8.797681e-08,8.874140e-08,8.779048e-08,8.800699e-08,8.880070e-08,8.702724e-08,8.676547e-08,8.769774e-08,8.868616e-08,8.700053e-08,8.548266e-08,8.674496e-08,8.616160e-08,8.658007e-08,8.754693e-08,
8.687835e-08,8.844151e-08,8.695663e-08,8.637588e-08,9.059883e-08,8.849138e-08,8.922856e-08,8.728427e-08,8.817663e-08,8.812506e-08,8.827198e-08,8.860232e-08,8.890290e-08,8.703042e-08,8.854442e-08,8.740660e-08,8.797168e-08,8.739635e-08,8.637390e-08,8.993217e-08,8.795730e-08,8.557270e-08,8.843224e-08,8.768181e-08,8.836361e-08,8.774512e-08,8.760019e-08,9.018429e-08,8.763869e-08,8.827719e-08,8.779438e-08,8.803247e-08,8.762885e-08,8.842611e-08,8.669304e-08,8.872473e-08,8.689321e-08,8.607686e-08,8.771744e-08,8.857204e-08,8.777813e-08,8.713499e-08,8.964285e-08,8.755499e-08,8.704534e-08,8.653094e-08,8.744755e-08,8.860845e-08,8.631540e-08,8.698227e-08,8.800805e-08,8.704877e-08,8.724519e-08,8.699011e-08,8.737497e-08,8.850638e-08,8.735398e-08,8.685506e-08,8.831518e-08,8.939019e-08,8.722137e-08,9.024803e-08,8.688104e-08,8.703383e-08,
8.735815e-08,8.857175e-08,8.755240e-08,8.676496e-08,8.782423e-08,8.852490e-08,8.700646e-08,8.821452e-08,8.808915e-08,8.573667e-08,8.731534e-08,8.474522e-08,8.857426e-08,8.799864e-08,8.661680e-08,8.725733e-08,8.664520e-08,8.754614e-08,8.783153e-08,8.810506e-08,8.599587e-08,8.913838e-08,8.719093e-08,8.702668e-08,8.735985e-08,8.840163e-08,8.748322e-08,8.887180e-08,8.736219e-08,8.796371e-08,8.703340e-08,8.861346e-08,8.877726e-08,8.629290e-08,8.633240e-08,8.803671e-08,8.844524e-08,8.852249e-08,8.836802e-08,8.920198e-08,8.896595e-08,8.813634e-08,8.627768e-08,8.947952e-08,8.780972e-08,8.948692e-08,8.760762e-08,8.782682e-08,8.678903e-08,8.847183e-08,8.937707e-08,8.879987e-08,8.653235e-08,8.881366e-08,8.903982e-08,8.873543e-08,8.721283e-08,8.653521e-08,8.799014e-08,8.769698e-08,8.973600e-08,8.946916e-08,8.910810e-08,8.761591e-08,
8.757741e-08,8.711353e-08,8.581840e-08,8.874175e-08,8.915577e-08,8.878487e-08,8.739112e-08,8.752053e-08,8.883235e-08,8.974465e-08,8.939737e-08,8.792563e-08,8.711235e-08,8.739091e-08,8.690493e-08,8.797783e-08,8.637985e-08,8.751945e-08,8.727058e-08,8.805491e-08,8.896775e-08,8.915570e-08,8.770344e-08,8.815077e-08,8.685496e-08,8.860635e-08,8.857777e-08,8.745585e-08,8.734665e-08,8.823206e-08,8.983176e-08,8.691929e-08,8.696585e-08,8.709069e-08,8.855631e-08,8.900198e-08,8.711432e-08,8.937053e-08,8.852117e-08,8.636619e-08,8.724418e-08,8.761857e-08,8.812026e-08,8.807728e-08,8.853105e-08,8.848609e-08,8.756650e-08,8.803930e-08,8.695830e-08,8.847188e-08,8.769753e-08,8.691393e-08,8.777782e-08,8.770526e-08,8.798195e-08,8.868786e-08,8.878502e-08,8.829810e-08,8.835789e-08,8.806164e-08,8.619109e-08,8.917630e-08,8.707853e-08,8.836829e-08,
8.878800e-08,8.730108e-08,8.878638e-08,8.854099e-08,8.791430e-08,8.783048e-08,8.764453e-08,8.750340e-08,8.944545e-08,8.737662e-08,9.001689e-08,8.833263e-08,8.716358e-08,8.661283e-08,8.782469e-08,8.855353e-08,8.809165e-08,8.737247e-08,8.617839e-08,8.965243e-08,8.765767e-08,8.710325e-08,8.756631e-08,8.688618e-08,8.888818e-08,8.886038e-08,8.757954e-08,8.781044e-08,8.692515e-08,8.763464e-08,8.700238e-08,8.758164e-08,8.846746e-08,8.680837e-08,8.768764e-08,8.756966e-08,8.774612e-08,8.703661e-08,8.838837e-08,8.728350e-08,8.746128e-08,8.767637e-08,8.972986e-08,8.775198e-08,8.880827e-08,8.672712e-08,8.823882e-08,8.746911e-08,8.623977e-08,8.652980e-08,8.869919e-08,8.736098e-08,8.754209e-08,8.718424e-08,8.693101e-08,9.040749e-08,8.896318e-08,8.944556e-08,8.755562e-08,8.793000e-08,8.664183e-08,9.017717e-08,8.870605e-08,8.857409e-08,
8.852295e-08,8.827731e-08,8.783490e-08,8.713156e-08,8.939107e-08,8.720059e-08,8.735179e-08,8.657118e-08,8.665085e-08,9.036380e-08,8.843595e-08,8.795422e-08,8.678191e-08,8.797135e-08,8.673632e-08,8.685309e-08,8.732500e-08,8.730398e-08,8.960455e-08,8.745915e-08,8.748866e-08,8.684935e-08,8.712413e-08,8.771011e-08,8.799377e-08,8.790225e-08,8.775435e-08,8.735545e-08,8.746332e-08,8.923030e-08,8.823908e-08,8.758396e-08,8.799638e-08,8.729763e-08,8.816147e-08,8.695605e-08,8.876646e-08,8.625983e-08,8.877822e-08,8.634091e-08,8.957449e-08,8.878466e-08,9.048233e-08,8.750022e-08,8.771310e-08,8.727793e-08,8.877951e-08,8.657701e-08,8.975987e-08,8.803182e-08,8.888739e-08,8.736521e-08,8.725840e-08,8.755014e-08,8.849970e-08,8.662805e-08,8.935191e-08,8.719430e-08,8.692188e-08,8.843287e-08,8.826816e-08,8.869626e-08,8.787366e-08,8.843120e-08,
8.722962e-08,8.870097e-08,8.897821e-08,8.678542e-08,8.686754e-08,8.449632e-08,8.733901e-08,8.872388e-08,8.757702e-08,8.713284e-08,8.805278e-08,8.788449e-08,8.669305e-08,8.616529e-08,8.853619e-08,8.842495e-08,8.858835e-08,8.900003e-08,8.740582e-08,8.844407e-08,8.777609e-08,8.835750e-08,8.666890e-08,8.805973e-08,8.830828e-08,8.894391e-08,8.857450e-08,8.630999e-08,8.873658e-08,8.721950e-08,8.846127e-08,8.742786e-08,8.777534e-08,8.827150e-08,8.675866e-08,8.654585e-08,8.582927e-08,8.787629e-08,8.586165e-08,8.601288e-08,8.775800e-08,8.721065e-08,8.791406e-08,8.886578e-08,9.011234e-08,8.747227e-08,8.796359e-08,8.896592e-08,8.671835e-08,8.709439e-08,8.804911e-08,8.837457e-08,8.711120e-08,8.793201e-08,8.851849e-08,8.790046e-08,8.738806e-08,8.789601e-08,8.741199e-08,8.627942e-08,8.837066e-08,8.803782e-08,8.731733e-08,8.754188e-08,
8.745389e-08,8.856937e-08,8.651211e-08,8.937429e-08,8.848461e-08,8.690132e-08,8.741590e-08,8.784637e-08,8.839746e-08,8.822983e-08,8.752045e-08,8.860661e-08,8.870586e-08,8.640432e-08,8.608216e-08,8.935189e-08,8.814745e-08,8.569658e-08,8.698512e-08,8.677702e-08,8.752257e-08,8.674798e-08,8.818599e-08,8.882729e-08,8.771464e-08,8.846096e-08,8.516907e-08,8.764642e-08,8.685931e-08,8.723350e-08,8.832575e-08,8.760439e-08,8.698763e-08,8.727779e-08,8.713299e-08,8.783124e-08,8.711969e-08,8.822949e-08,8.706074e-08,8.980362e-08,8.613915e-08,8.843696e-08,8.656650e-08,8.845440e-08,8.807873e-08,8.727235e-08,8.783984e-08,8.988019e-08,8.797494e-08,8.711391e-08,8.878483e-08,8.778775e-08,8.859071e-08,8.744694e-08,8.707444e-08,8.965434e-08,8.739743e-08,8.646467e-08,8.869926e-08,8.791511e-08,8.945433e-08,8.847614e-08,8.711404e-08,8.741048e-08,
8.852694e-08,8.894571e-08,8.765543e-08,8.782814e-08,8.890245e-08,8.848141e-08,9.008246e-08,9.003627e-08,8.673332e-08,8.936913e-08,8.844925e-08,8.742787e-08,8.961394e-08,8.711445e-08,8.511165e-08,8.847128e-08,8.609375e-08,9.006434e-08,8.744062e-08,8.845563e-08,8.711309e-08,8.918888e-08,8.652013e-08,8.786586e-08,8.803081e-08,8.729277e-08,8.667341e-08,8.839343e-08,8.635249e-08,8.925936e-08,8.785183e-08,8.891777e-08,8.556283e-08,8.875851e-08,8.822613e-08,8.763449e-08,8.801020e-08,8.642632e-08,8.870483e-08,8.996240e-08,8.659531e-08,8.752607e-08,8.845905e-08,8.482383e-08,8.718690e-08,8.727430e-08,8.825363e-08,8.649522e-08,8.799586e-08,8.787878e-08,8.899817e-08,8.489237e-08,8.875202e-08,8.655413e-08,8.667983e-08,8.715974e-08,8.898407e-08,8.877841e-08,8.761789e-08,8.797594e-08,8.833554e-08,8.575873e-08,8.829129e-08,8.778892e-08,
8.756684e-08,8.947043e-08,8.827858e-08,8.697143e-08,8.790363e-08,8.841230e-08,8.661513e-08,8.650289e-08,8.843314e-08,8.782089e-08,8.674666e-08,8.740753e-08,8.702875e-08,8.625066e-08,8.561954e-08,8.884945e-08,8.822357e-08,8.910703e-08,8.919593e-08,8.793510e-08,8.817003e-08,8.771696e-08,8.809180e-08,8.762676e-08,8.794979e-08,8.672560e-08,8.941713e-08,8.778227e-08,8.689000e-08,8.739423e-08,8.563255e-08,8.710944e-08,8.861198e-08,8.599141e-08,8.726509e-08,8.623693e-08,8.788192e-08,8.957258e-08,8.564368e-08,8.820297e-08,8.689323e-08,9.026972e-08,8.653610e-08,8.836587e-08,8.814706e-08,8.763534e-08,8.818838e-08,8.840928e-08,8.793847e-08,8.781068e-08,8.798282e-08,8.612487e-08,8.675520e-08,8.836985e-08,8.707629e-08,8.805261e-08,8.828276e-08,8.548791e-08,8.858160e-08,8.587084e-08,8.764874e-08,8.901955e-08,8.873173e-08,8.625202e-08,
8.666252e-08,8.689031e-08,8.684555e-08,8.509979e-08,8.926965e-08,8.888130e-08,8.870132e-08,8.896627e-08,8.850188e-08,8.801432e-08,8.703436e-08,8.968044e-08,8.851488e-08,8.602231e-08,8.931659e-08,8.865609e-08,8.853118e-08,8.808634e-08,8.817580e-08,8.644852e-08,8.685186e-08,8.877324e-08,8.824258e-08,8.638163e-08,8.979737e-08,8.690411e-08,8.779007e-08,8.875853e-08,8.765836e-08,8.616858e-08,8.829547e-08,8.849578e-08,8.786109e-08,8.733914e-08,8.668562e-08,8.879271e-08,8.906432e-08,8.922352e-08,8.824238e-08,8.554297e-08,8.838967e-08,8.869958e-08,8.670904e-08,8.784038e-08,8.907272e-08,8.601174e-08,8.851583e-08,8.696520e-08,8.715908e-08,8.743722e-08,8.833359e-08,8.977213e-08,8.836146e-08,8.996542e-08,8.797969e-08,8.604266e-08,8.761138e-08,8.723991e-08,8.752330e-08,8.702534e-08,8.895170e-08,8.768030e-08,8.686642e-08,8.712327e-08,
8.618218e-08,8.745977e-08,8.794041e-08,8.994144e-08,8.835687e-08,8.723074e-08,8.867257e-08,8.970728e-08,8.768340e-08,8.688933e-08,8.686435e-08,8.993481e-08,8.721927e-08,8.861133e-08,8.978148e-08,8.790661e-08,8.640701e-08,8.944042e-08,8.711771e-08,8.852516e-08,8.815766e-08,8.877268e-08,8.827200e-08,8.957777e-08,8.972838e-08,8.737618e-08,8.832076e-08,8.840479e-08,8.806175e-08,8.823919e-08,8.874010e-08,8.853948e-08,8.747767e-08,8.683519e-08,8.871506e-08,8.954178e-08,8.607943e-08,8.845871e-08,8.742683e-08,8.801979e-08,8.716519e-08,8.951985e-08,8.760344e-08,8.852216e-08,8.661504e-08,8.814812e-08,8.535524e-08,8.638441e-08,8.812517e-08,8.645528e-08,8.748744e-08,8.685672e-08,8.699668e-08,8.643888e-08,8.724106e-08,8.832072e-08,8.669190e-08,8.752877e-08,8.924804e-08,8.695304e-08,8.912966e-08,8.690997e-08,8.823696e-08,8.855227e-08,
8.757866e-08,8.750617e-08,8.706865e-08,8.781679e-08,8.703950e-08,8.838409e-08,8.773921e-08,8.868895e-08,8.831862e-08,8.714608e-08,8.622543e-08,8.549078e-08,8.822663e-08,8.751059e-08,8.730055e-08,8.743141e-08,8.762252e-08,8.802187e-08,8.487391e-08,8.660824e-08,8.717029e-08,8.818956e-08,8.606428e-08,8.767527e-08,8.491646e-08,8.855890e-08,8.765796e-08,8.845259e-08,8.869196e-08,8.856487e-08,8.711622e-08,8.869274e-08,8.891409e-08,8.854749e-08,8.713078e-08,8.978592e-08,8.723152e-08,8.802724e-08,8.749494e-08,8.711045e-08,8.789261e-08,8.857258e-08,8.834804e-08,8.848656e-08,8.860430e-08,8.747580e-08,8.884224e-08,8.832936e-08,8.888194e-08,8.725296e-08,8.759661e-08,8.779747e-08,8.795773e-08,8.796410e-08,8.954287e-08,8.926650e-08,8.877679e-08,8.842828e-08,8.674660e-08,8.756768e-08,8.918275e-08,8.664858e-08,9.030055e-08,8.935826e-08,
8.807325e-08,8.837047e-08,8.977779e-08,8.909399e-08,8.821343e-08,8.934455e-08,8.670554e-08,8.865885e-08,8.705131e-08,8.716751e-08,8.703529e-08,8.887416e-08,8.879708e-08,8.794663e-08,8.864599e-08,8.646869e-08,8.815664e-08,8.763890e-08,8.911294e-08,8.820837e-08,8.858307e-08,8.648418e-08,8.701082e-08,8.982325e-08,8.878876e-08,8.849120e-08,8.922912e-08,8.788202e-08,8.901128e-08,8.768372e-08,8.954720e-08,8.849393e-08,8.782382e-08,8.800998e-08,8.853072e-08,8.730147e-08,8.994393e-08,9.014672e-08,8.934262e-08,8.762379e-08,8.842165e-08,8.802665e-08,8.795425e-08,8.894758e-08,8.925445e-08,8.721978e-08,8.830140e-08,8.716148e-08,8.706619e-08,8.801286e-08,8.676726e-08,8.816913e-08,8.650955e-08,8.825534e-08,8.890082e-08,8.777297e-08,8.840017e-08,8.917666e-08,8.843349e-08,8.845313e-08,8.859107e-08,8.870354e-08,8.676525e-08,8.795206e-08,
8.776201e-08,8.686203e-08,8.817642e-08,8.801001e-08,8.714835e-08,8.812771e-08,8.589020e-08,8.720349e-08,8.747778e-08,8.857282e-08,8.640678e-08,8.841738e-08,8.805744e-08,8.746571e-08,8.807106e-08,8.784074e-08,8.857670e-08,8.568781e-08,8.672683e-08,8.921003e-08,8.841630e-08,8.682114e-08,8.863409e-08,8.692297e-08,8.884427e-08,8.992810e-08,8.683587e-08,8.684779e-08,8.824425e-08,8.876274e-08,8.855158e-08,8.651774e-08,8.750202e-08,8.850823e-08,8.665472e-08,8.811259e-08,8.794355e-08,8.739160e-08,8.798754e-08,8.707820e-08,8.649325e-08,8.950301e-08,8.923996e-08,8.722171e-08,8.878641e-08,8.686099e-08,8.989001e-08,8.706184e-08,8.732657e-08,8.807564e-08,8.707549e-08,8.768122e-08,8.739888e-08,8.900779e-08,8.662370e-08,8.734007e-08,8.709011e-08,8.710968e-08,8.873056e-08,8.825018e-08,8.634332e-08,8.744944e-08,8.836982e-08,8.601421e-08,
8.816253e-08,8.648816e-08,8.764922e-08,8.817614e-08,8.840082e-08,8.746428e-08,8.815162e-08,8.841591e-08,8.810088e-08,8.711388e-08,8.993052e-08,8.783142e-08,8.639483e-08,8.895369e-08,8.743540e-08,8.746979e-08,8.676678e-08,8.636414e-08,8.856829e-08,8.664165e-08,8.697497e-08,8.760111e-08,8.859692e-08,8.761432e-08,8.720467e-08,8.875738e-08,8.834208e-08,8.810039e-08,8.738087e-08,8.708582e-08,8.768151e-08,8.798037e-08,8.725308e-08,8.715465e-08,8.746617e-08,8.895368e-08,8.869205e-08,8.882120e-08,8.866586e-08,8.778660e-08,8.848991e-08,8.632013e-08,8.645658e-08,8.878823e-08,8.755042e-08,8.912942e-08,8.785119e-08,8.877081e-08,9.025116e-08,8.850486e-08,8.818408e-08,8.661770e-08,8.940306e-08,8.762738e-08,8.897859e-08,8.831694e-08,8.521308e-08,8.842929e-08,8.957722e-08,8.715964e-08,8.874911e-08,8.731635e-08,8.690377e-08,8.741768e-08,
8.720978e-08,8.791245e-08,8.811379e-08,8.888277e-08,8.782569e-08,8.567237e-08,8.832532e-08,8.856579e-08,8.807972e-08,8.704909e-08,8.747807e-08,8.650213e-08,8.936374e-08,8.792017e-08,8.747730e-08,8.798758e-08,8.888658e-08,8.794468e-08,8.758839e-08,8.896208e-08,8.864406e-08,8.830700e-08,8.767458e-08,8.749396e-08,8.739802e-08,8.758366e-08,9.006874e-08,8.780492e-08,8.927291e-08,8.806952e-08,8.688804e-08,9.035561e-08,8.857775e-08,8.714157e-08,8.846572e-08,8.532832e-08,8.762526e-08,8.587725e-08,8.717448e-08,8.883540e-08,8.722857e-08,8.577616e-08,8.880495e-08,8.847338e-08,8.757726e-08,8.749449e-08,8.997880e-08,8.811170e-08,8.769030e-08,8.916681e-08,8.825790e-08,8.902253e-08,8.892746e-08,8.607220e-08,8.760428e-08,8.702704e-08,8.879650e-08,8.789089e-08,8.929768e-08,8.978416e-08,8.767257e-08,8.740913e-08,8.976418e-08,8.913985e-08,
8.798841e-08,8.731315e-08,8.784824e-08,8.644854e-08,8.868000e-08,8.836438e-08,8.731107e-08,8.843700e-08,8.668198e-08,8.814861e-08,8.749199e-08,8.648558e-08,8.486096e-08,8.732898e-08,8.728332e-08,8.702222e-08,8.753487e-08,8.857854e-08,8.689047e-08,8.748404e-08,8.734813e-08,8.744616e-08,8.792914e-08,8.925024e-08,8.721356e-08,8.949118e-08,8.713201e-08,8.755503e-08,8.800799e-08,8.702231e-08,8.771860e-08,8.673764e-08,8.883580e-08,8.863544e-08,8.767028e-08,8.722130e-08,8.701747e-08,8.709407e-08,8.550930e-08,8.856210e-08,8.817489e-08,8.897292e-08,8.798402e-08,8.968072e-08,8.859628e-08,8.838704e-08,8.843145e-08,8.596358e-08,8.818719e-08,8.709778e-08,8.867040e-08,8.645467e-08,8.534068e-08,8.633128e-08,8.534786e-08,8.740817e-08,8.773613e-08,8.793531e-08,8.814126e-08,8.816268e-08,8.830875e-08,8.894512e-08,8.692523e-08,8.704713e-08,
8.871015e-08,8.782059e-08,8.968787e-08,8.762637e-08,8.825103e-08,8.826391e-08,9.017728e-08,8.637412e-08,8.698127e-08,8.842455e-08,8.710628e-08,8.592895e-08,8.821143e-08,8.704151e-08,8.614912e-08,8.901865e-08,8.829765e-08,8.749783e-08,8.842629e-08,8.563564e-08,8.850983e-08,8.758819e-08,9.011956e-08,8.811109e-08,8.812242e-08,8.801108e-08,8.766939e-08,8.854253e-08,8.847966e-08,8.704872e-08,8.723448e-08,8.634273e-08,8.833597e-08,8.891451e-08,8.823783e-08,8.715664e-08,8.823419e-08,8.790513e-08,8.767412e-08,8.944699e-08,8.737344e-08,8.704021e-08,8.828037e-08,8.821160e-08,8.854082e-08,8.729339e-08,8.712209e-08,8.831543e-08,8.818552e-08,8.822498e-08,8.599593e-08,8.789414e-08,8.869207e-08,8.868274e-08,8.742821e-08,8.794749e-08,8.917730e-08,8.640956e-08,8.733865e-08,8.929939e-08,8.809407e-08,8.866480e-08,8.764373e-08,8.823348e-08,
8.725402e-08,8.831094e-08,8.861948e-08,8.784532e-08,8.822156e-08,8.722967e-08,8.732959e-08,8.646877e-08,8.785750e-08,8.811604e-08,8.813919e-08,8.611359e-08,8.751095e-08,8.724375e-08,8.744296e-08,8.692515e-08,8.800258e-08,8.925297e-08,8.654710e-08,8.766090e-08,8.919001e-08,8.738112e-08,8.849756e-08,8.838797e-08,8.723635e-08,8.897182e-08,8.787145e-08,8.665891e-08,8.802214e-08,8.910189e-08,8.624938e-08,8.768588e-08,8.927684e-08,8.843182e-08,9.015651e-08,8.920675e-08,9.041462e-08,8.704545e-08,8.915067e-08,8.508917e-08,8.888121e-08,8.684669e-08,8.798483e-08,8.847977e-08,8.661984e-08,8.767111e-08,8.781428e-08,8.722819e-08,8.880886e-08,8.899001e-08,8.788081e-08,8.799625e-08,8.714118e-08,8.739230e-08,8.821873e-08,8.701666e-08,8.713275e-08,8.697515e-08,8.737452e-08,8.648071e-08,8.753797e-08,8.907124e-08,8.840915e-08,8.968529e-08,
8.819070e-08,8.836754e-08,8.780206e-08,8.904190e-08,8.786936e-08,8.721105e-08,8.804724e-08,8.815382e-08,8.712469e-08,8.804962e-08,8.852127e-08,8.805282e-08,8.856978e-08,8.800597e-08,8.851000e-08,8.700770e-08,8.770952e-08,8.716189e-08,8.775833e-08,8.829650e-08,8.835758e-08,8.961860e-08,8.839014e-08,8.804246e-08,8.652852e-08,8.844265e-08,8.672768e-08,8.727914e-08,8.721978e-08,8.753693e-08,8.657945e-08,8.870266e-08,8.809105e-08,8.987457e-08,8.967256e-08,8.765472e-08,8.816756e-08,8.682761e-08,8.727558e-08,8.834255e-08,8.758645e-08,8.607372e-08,8.902096e-08,8.748558e-08,8.684533e-08,8.809218e-08,8.898562e-08,8.546417e-08,8.775156e-08,8.909139e-08,8.951155e-08,8.668032e-08,8.629659e-08,8.902641e-08,8.823814e-08,8.828576e-08,8.770198e-08,8.949411e-08,8.907760e-08,8.802260e-08,8.813260e-08,8.824215e-08,8.778264e-08,8.842428e-08,
8.891273e-08,8.850512e-08,8.781372e-08,8.739235e-08,8.800918e-08,8.681920e-08,8.677297e-08,8.873852e-08,8.630457e-08,8.747400e-08,8.873700e-08,8.788156e-08,8.757403e-08,8.767107e-08,8.851220e-08,8.843218e-08,8.756799e-08,8.731017e-08,8.856308e-08,8.782881e-08,8.772994e-08,8.802214e-08,8.901898e-08,8.893871e-08,8.901233e-08,8.772805e-08,8.696988e-08,8.540121e-08,8.836639e-08,8.820681e-08,8.814283e-08,8.636000e-08,8.845329e-08,8.951164e-08,8.632352e-08,8.720506e-08,8.738961e-08,8.839161e-08,8.774787e-08,8.675484e-08,8.735345e-08,8.853341e-08,8.890867e-08,9.000749e-08,8.612823e-08,8.816262e-08,8.837486e-08,8.899736e-08,8.788162e-08,8.838662e-08,8.768762e-08,8.852899e-08,8.652669e-08,8.743256e-08,8.786459e-08,8.759231e-08,8.797102e-08,8.865563e-08,8.759984e-08,8.830709e-08,8.853171e-08,8.919383e-08,8.980593e-08,8.823652e-08,
8.691960e-08,8.699826e-08,8.865454e-08,8.934829e-08,8.814205e-08,8.689712e-08,8.785377e-08,8.778828e-08,8.658600e-08,8.733713e-08,8.812733e-08,8.744383e-08,8.760201e-08,8.689239e-08,8.912996e-08,8.921606e-08,8.665193e-08,8.716012e-08,8.712662e-08,8.680071e-08,8.633995e-08,8.925781e-08,8.867670e-08,8.743740e-08,8.593537e-08,8.811358e-08,8.942419e-08,8.775796e-08,8.737316e-08,8.800570e-08,8.731993e-08,8.768352e-08,8.674977e-08,8.850811e-08,8.869442e-08,8.664270e-08,8.906253e-08,8.711439e-08,8.471199e-08,8.808538e-08,8.974303e-08,8.818746e-08,8.720108e-08,8.717571e-08,8.808460e-08,8.786170e-08,8.699286e-08,8.750884e-08,8.953611e-08,8.765580e-08,8.993995e-08,8.751032e-08,8.906422e-08,8.765614e-08,8.835373e-08,8.765485e-08,8.935482e-08,8.690150e-08,8.685246e-08,8.741358e-08,8.834908e-08,8.881100e-08,8.822295e-08,8.874707e-08,
8.736204e-08,8.838948e-08,8.834806e-08,8.692894e-08,8.833384e-08,8.791625e-08,8.593732e-08,8.854089e-08,8.691153e-08,8.759712e-08,8.862317e-08,8.947648e-08,8.728880e-08,8.694270e-08,8.877444e-08,8.859277e-08,8.641306e-08,8.790857e-08,8.689370e-08,8.825867e-08,8.795489e-08,8.893075e-08,8.741139e-08,8.873392e-08,8.836251e-08,8.670581e-08,8.767579e-08,8.844323e-08,8.824387e-08,8.778443e-08,8.836731e-08,8.629692e-08,8.842106e-08,8.838873e-08,8.799487e-08,8.730305e-08,8.876830e-08,8.852399e-08,8.848474e-08,8.744989e-08,8.708872e-08,8.709648e-08,8.832693e-08,8.906300e-08,8.914858e-08,8.820067e-08,8.896363e-08,8.605551e-08,8.916833e-08,8.821821e-08,8.762811e-08,8.827844e-08,8.897616e-08,8.883165e-08,8.889490e-08,8.800715e-08,8.866848e-08,8.846643e-08,8.612786e-08,8.770135e-08,8.842702e-08,8.819379e-08,8.900637e-08,9.005477e-08,
8.945456e-08,8.827321e-08,8.603805e-08,8.903661e-08,8.824588e-08,8.918844e-08,8.933069e-08,8.792747e-08,8.846037e-08,8.834407e-08,8.912164e-08,8.841955e-08,8.701962e-08,8.665863e-08,8.767891e-08,8.736322e-08,8.542962e-08,8.860851e-08,8.798014e-08,8.784630e-08,8.745523e-08,8.671448e-08,8.858664e-08,8.826472e-08,8.739229e-08,8.822005e-08,8.687134e-08,8.867049e-08,8.853232e-08,8.632953e-08,8.651286e-08,8.630779e-08,8.949381e-08,8.779438e-08,8.757140e-08,8.753895e-08,8.707859e-08,8.775283e-08,8.884727e-08,8.792692e-08,8.845913e-08,8.890595e-08,8.818250e-08,8.724077e-08,8.947353e-08,8.832370e-08,8.593430e-08,8.891049e-08,8.691557e-08,8.801739e-08,8.814318e-08,8.981159e-08,8.733826e-08,8.729795e-08,8.774254e-08,8.754457e-08,8.920266e-08,9.062705e-08,8.692838e-08,8.675613e-08,8.722209e-08,8.878331e-08,8.777005e-08,8.881050e-08,
8.776828e-08,8.768837e-08,8.663708e-08,8.705942e-08,8.778292e-08,8.793030e-08,8.637445e-08,8.768179e-08,8.747806e-08,8.872986e-08,8.719935e-08,8.759262e-08,8.632744e-08,8.735133e-08,8.745751e-08,8.914136e-08,8.800909e-08,8.610264e-08,9.016536e-08,8.886135e-08,8.969936e-08,8.744802e-08,8.771981e-08,8.793223e-08,8.773787e-08,8.800939e-08,8.610416e-08,8.877379e-08,8.853394e-08,8.708505e-08,8.737606e-08,8.649290e-08,8.766065e-08,8.928157e-08,8.714302e-08,8.766914e-08,8.856647e-08,8.884502e-08,8.827932e-08,8.816289e-08,8.877883e-08,8.795064e-08,8.803493e-08,8.792657e-08,8.785499e-08,8.871897e-08,8.719379e-08,8.857814e-08,8.804144e-08,8.770964e-08,8.786793e-08,8.587683e-08,8.879953e-08,8.687578e-08,8.858695e-08,8.880992e-08,8.999327e-08,8.853224e-08,8.907977e-08,8.796346e-08,8.715323e-08,8.781839e-08,8.632547e-08,8.781155e-08,
8.749114e-08,8.754623e-08,8.696297e-08,8.989301e-08,8.816703e-08,8.667615e-08,8.675809e-08,8.932912e-08,8.892544e-08,8.692113e-08,8.817434e-08,8.661863e-08,8.704048e-08,8.858505e-08,8.802091e-08,8.824104e-08,8.741451e-08,8.751062e-08,8.898877e-08,8.766413e-08,8.789565e-08,8.827727e-08,8.729639e-08,8.753612e-08,8.776011e-08,8.695225e-08,8.706550e-08,8.828924e-08,8.758357e-08,8.750217e-08,8.814598e-08,8.678690e-08,8.714220e-08,9.058618e-08,8.971603e-08,8.937670e-08,8.860895e-08,8.748314e-08,8.906558e-08,8.796464e-08,8.662624e-08,8.994907e-08,8.927840e-08,8.795618e-08,8.782493e-08,8.903225e-08,8.783791e-08,8.708942e-08,8.740760e-08,8.829197e-08,8.822123e-08,8.770515e-08,8.845969e-08,8.689244e-08,8.850688e-08,8.617829e-08,8.855054e-08,8.659458e-08,8.725631e-08,8.835829e-08,8.868997e-08,8.792099e-08,8.752286e-08,8.698766e-08,
8.742785e-08,8.807485e-08,8.960521e-08,8.686332e-08,8.787719e-08,8.657108e-08,8.714085e-08,8.749415e-08,8.802605e-08,8.901085e-08,8.769523e-08,8.783152e-08,8.603800e-08,8.600921e-08,8.791051e-08,8.786300e-08,8.879066e-08,8.887552e-08,8.739960e-08,8.811731e-08,8.893238e-08,8.737888e-08,8.783286e-08,8.726679e-08,8.902581e-08,8.756134e-08,8.844652e-08,8.765990e-08,8.731755e-08,8.916794e-08,8.764927e-08,8.797172e-08,8.802759e-08,8.783217e-08,8.973726e-08,8.788810e-08,8.852187e-08,8.719032e-08,8.704311e-08,8.729375e-08,8.765769e-08,8.814914e-08,8.837826e-08,8.769886e-08,8.684589e-08,8.831365e-08,8.835802e-08,8.896328e-08,8.719308e-08,8.750391e-08,8.816836e-08,8.829255e-08,8.615021e-08,8.991074e-08,8.827345e-08,8.724888e-08,8.786354e-08,8.782277e-08,8.939964e-08,8.813151e-08,8.789812e-08,8.768740e-08,8.721391e-08,8.785849e-08,
8.712522e-08,8.757829e-08,8.737764e-08,8.835483e-08,8.803868e-08,8.610940e-08,8.843999e-08,8.792715e-08,8.802346e-08,8.668157e-08,8.696199e-08,8.779724e-08,8.729549e-08,8.787638e-08,8.801942e-08,8.769092e-08,8.849988e-08,8.756455e-08,8.676814e-08,8.863214e-08,8.708823e-08,8.717029e-08,8.901926e-08,8.782576e-08,8.775901e-08,8.938725e-08,8.750438e-08,8.744002e-08,8.890396e-08,8.947318e-08,8.839306e-08,8.760022e-08,8.393564e-08,8.784601e-08,8.762845e-08,8.765084e-08,8.690869e-08,8.765053e-08,8.808008e-08,8.759184e-08,8.696384e-08,8.784288e-08,8.669507e-08,8.738201e-08,8.816657e-08,8.775500e-08,8.768259e-08,8.831775e-08,8.824350e-08,8.780627e-08,8.772733e-08,8.683092e-08,8.705849e-08,8.931271e-08,8.924670e-08,8.575007e-08,8.890234e-08,8.762716e-08,8.817344e-08,8.891713e-08,8.713898e-08,8.802149e-08,8.768714e-08,8.767522e-08,
8.819488e-08,8.678054e-08,8.626426e-08,8.770218e-08,8.838531e-08,8.684685e-08,8.825914e-08,8.895286e-08,8.861359e-08,8.743031e-08,8.630787e-08,8.793755e-08,8.965847e-08,8.968620e-08,8.925877e-08,8.698259e-08,8.750605e-08,8.814381e-08,8.572302e-08,8.928628e-08,8.836410e-08,8.724805e-08,8.865742e-08,8.825270e-08,8.647586e-08,8.685781e-08,8.886901e-08,8.877552e-08,8.934994e-08,8.682411e-08,8.940176e-08,8.798599e-08,8.789337e-08,8.813168e-08,8.868657e-08,8.688430e-08,8.795518e-08,8.761447e-08,9.063470e-08,8.852706e-08,8.692088e-08,8.685679e-08,8.681874e-08,8.841718e-08,8.682983e-08,9.084024e-08,8.907010e-08,8.945258e-08,8.805736e-08,8.855957e-08,8.677235e-08,8.773280e-08,8.820648e-08,8.730538e-08,8.681126e-08,8.814608e-08,8.790180e-08,8.885276e-08,8.725114e-08,8.846006e-08,8.786828e-08,8.935596e-08,8.788646e-08,8.844499e-08,
8.631915e-08,8.792696e-08,8.897718e-08,8.840908e-08,8.688937e-08,8.875487e-08,8.821200e-08,8.791154e-08,8.860099e-08,8.752455e-08,8.855137e-08,8.757132e-08,8.712131e-08,8.707397e-08,8.743619e-08,8.786806e-08,8.743672e-08,8.942851e-08,8.615948e-08,8.679223e-08,8.661645e-08,8.779248e-08,8.759930e-08,8.824339e-08,8.817791e-08,8.716608e-08,8.781876e-08,8.805987e-08,8.789314e-08,8.773163e-08,8.769569e-08,8.676503e-08,8.935474e-08,8.700471e-08,8.703532e-08,8.762687e-08,8.771039e-08,8.652455e-08,8.781855e-08,8.883886e-08,8.704542e-08,8.743109e-08,8.609836e-08,8.732733e-08,8.700960e-08,8.805316e-08,8.811449e-08,8.797813e-08,8.692413e-08,8.829064e-08,8.732167e-08,8.849013e-08,8.719222e-08,8.570648e-08,8.690481e-08,8.733927e-08,8.809916e-08,8.951788e-08,8.760780e-08,8.969710e-08,8.930968e-08,8.849762e-08,8.809454e-08,8.710479e-08,
8.849108e-08,8.696304e-08,8.764673e-08,8.725844e-08,8.826763e-08,8.703757e-08,8.718173e-08,8.876933e-08,8.945427e-08,8.661429e-08,8.657840e-08,8.756183e-08,8.707708e-08,8.638866e-08,8.792657e-08,8.748583e-08,8.754173e-08,8.856392e-08,8.771893e-08,8.941951e-08,8.743269e-08,8.763384e-08,8.748140e-08,8.825871e-08,8.777369e-08,8.702449e-08,8.653718e-08,8.757255e-08,8.703370e-08,8.773801e-08,8.783504e-08,8.869733e-08,8.720241e-08,8.669630e-08,8.701550e-08,8.721254e-08,8.826123e-08,8.740129e-08,8.706669e-08,8.764909e-08,8.614539e-08,8.788865e-08,8.774680e-08,8.717418e-08,8.776936e-08,8.734034e-08,8.832479e-08,8.746735e-08,8.727317e-08,8.853722e-08,8.778471e-08,8.709253e-08,8.842253e-08,8.700769e-08,8.612268e-08,8.844547e-08,8.708529e-08,8.766252e-08,8.842530e-08,8.794228e-08,8.750484e-08,8.689599e-08,8.798572e-08,8.808911e-08,
8.813747e-08,8.803159e-08,8.695114e-08,8.803839e-08,8.538298e-08,8.865994e-08,8.822120e-08,8.780458e-08,8.752630e-08,8.836977e-08,8.478184e-08,8.723118e-08,8.680876e-08,8.676681e-08,8.709536e-08,8.735327e-08,8.793443e-08,8.600647e-08,8.867488e-08,8.847213e-08,8.790619e-08,8.831913e-08,8.942958e-08,8.938687e-08,8.660285e-08,8.750384e-08,8.827574e-08,8.809404e-08,8.676622e-08,8.700419e-08,8.709152e-08,8.797118e-08,8.680821e-08,8.914411e-08,8.678519e-08,8.768713e-08,8.758649e-08,8.804358e-08,8.709350e-08,8.950338e-08,8.670477e-08,8.752844e-08,8.927767e-08,8.658972e-08,8.779240e-08,8.940153e-08,8.902349e-08,8.900385e-08,8.659694e-08,8.658414e-08,8.807310e-08,8.770338e-08,8.938432e-08,8.877842e-08,8.685767e-08,8.819144e-08,8.789322e-08,8.859561e-08,8.821997e-08,8.813179e-08,8.704424e-08,8.710032e-08,8.654121e-08,8.782459e-08,
8.577057e-08,8.836705e-08,8.758338e-08,8.787750e-08,8.659914e-08,8.849272e-08,8.770467e-08,8.739410e-08,8.913987e-08,8.683167e-08,8.758571e-08,8.773201e-08,8.746896e-08,8.858905e-08,8.745919e-08,8.815228e-08,8.631947e-08,8.793649e-08,8.656260e-08,8.764855e-08,8.780757e-08,8.740977e-08,8.956153e-08,8.844392e-08,8.696027e-08,8.623863e-08,8.747870e-08,8.786826e-08,8.867781e-08,8.740281e-08,8.731781e-08,8.790013e-08,8.835421e-08,8.758684e-08,8.841105e-08,8.711086e-08,8.733385e-08,8.830034e-08,8.712210e-08,8.888361e-08,9.038372e-08,8.844990e-08,8.788230e-08,8.639032e-08,8.986128e-08,8.693096e-08,8.641435e-08,8.915705e-08,8.823889e-08,8.860662e-08,8.851579e-08,8.788916e-08,8.702431e-08,8.681279e-08,8.924289e-08,8.729638e-08,8.779228e-08,8.732135e-08,8.700510e-08,8.881819e-08,8.888391e-08,8.940891e-08,8.578516e-08,8.803428e-08,
8.695731e-08,8.824138e-08,8.898232e-08,8.770615e-08,8.808577e-08,8.793569e-08,8.661419e-08,8.938376e-08,8.915392e-08,8.745284e-08,8.783271e-08,8.681548e-08,8.861904e-08,8.980633e-08,8.845181e-08,8.783392e-08,8.866919e-08,8.768994e-08,8.828874e-08,8.777598e-08,8.663470e-08,8.876389e-08,8.660260e-08,8.817910e-08,8.688389e-08,8.700551e-08,8.945236e-08,8.752577e-08,8.663703e-08,8.883266e-08,8.726694e-08,8.854343e-08,8.887992e-08,8.818661e-08,8.765562e-08,8.843762e-08,8.617153e-08,8.694505e-08,8.792456e-08,8.846018e-08,8.768584e-08,8.825165e-08,8.712274e-08,8.750566e-08,8.862847e-08,8.773906e-08,8.853002e-08,8.920523e-08,8.908419e-08,8.681105e-08,8.869322e-08,8.866093e-08,8.870318e-08,8.732262e-08,8.730361e-08,8.825500e-08,8.716923e-08,8.929958e-08,8.791579e-08,8.736568e-08,8.808611e-08,8.771902e-08,8.939547e-08,8.847235e-08,
8.722268e-08,8.713012e-08,8.728183e-08,8.634065e-08,8.841946e-08,8.809147e-08,8.707516e-08,8.844635e-08,8.835547e-08,8.852920e-08,8.750798e-08,8.723498e-08,8.770224e-08,8.793215e-08,8.691791e-08,8.600857e-08,8.847857e-08,8.661086e-08,8.766765e-08,8.732222e-08,8.794823e-08,8.861331e-08,8.742958e-08,8.918234e-08,8.590977e-08,8.621949e-08,9.045611e-08,8.839250e-08,8.791776e-08,8.782185e-08,8.674576e-08,8.829969e-08,8.825832e-08,8.759993e-08,8.770969e-08,8.872911e-08,8.655814e-08,8.667968e-08,8.916716e-08,8.767787e-08,8.884643e-08,8.840608e-08,8.780843e-08,8.786829e-08,8.802847e-08,8.823705e-08,8.858604e-08,8.733572e-08,8.660299e-08,8.898614e-08,8.750897e-08,8.949516e-08,8.587351e-08,8.690880e-08,8.699293e-08,8.925722e-08,8.693362e-08,8.720438e-08,8.799133e-08,8.771309e-08,8.703275e-08,8.751453e-08,8.880049e-08,8.832469e-08,
8.767937e-08,8.675658e-08,8.790347e-08,8.737291e-08,8.783352e-08,8.807493e-08,8.781435e-08,8.726297e-08,8.712549e-08,8.571980e-08,8.861646e-08,8.816006e-08,8.693976e-08,8.801971e-08,8.726438e-08,8.822341e-08,8.689152e-08,8.642753e-08,8.756330e-08,8.722667e-08,8.939632e-08,8.601975e-08,8.606142e-08,8.962254e-08,8.800742e-08,8.698665e-08,8.697256e-08,8.913416e-08,8.854167e-08,8.800353e-08,8.968059e-08,8.742085e-08,8.971399e-08,8.565389e-08,8.837071e-08,8.795038e-08,8.771481e-08,8.770835e-08,8.802186e-08,8.832151e-08,8.799650e-08,8.580920e-08,8.696160e-08,8.718435e-08,8.680342e-08,8.711106e-08,8.777632e-08,8.857272e-08,8.853443e-08,8.858744e-08,8.683012e-08,8.670944e-08,8.965689e-08,8.969734e-08,8.828910e-08,8.798424e-08,8.859265e-08,8.928708e-08,9.011397e-08,8.871041e-08,8.889552e-08,8.648888e-08,8.721799e-08,8.937332e-08,
8.541143e-08,8.642002e-08,8.763721e-08,8.835547e-08,8.837922e-08,8.754063e-08,8.674413e-08,8.951186e-08,8.694933e-08,8.668549e-08,8.746396e-08,8.690001e-08,8.716740e-08,8.870447e-08,8.845272e-08,8.801614e-08,8.641483e-08,8.582317e-08,8.846381e-08,8.814756e-08,8.787298e-08,8.953338e-08,8.561219e-08,8.890647e-08,8.699412e-08,8.689204e-08,8.702923e-08,8.964040e-08,8.966553e-08,8.749148e-08,8.830580e-08,8.647947e-08,8.864468e-08,8.801519e-08,8.627726e-08,8.813115e-08,8.689000e-08,8.847996e-08,8.775576e-08,8.826951e-08,8.634912e-08,8.865689e-08,8.741255e-08,8.697470e-08,8.777206e-08,8.665589e-08,8.831026e-08,8.889432e-08,8.803338e-08,8.807650e-08,8.972595e-08,8.865906e-08,8.934595e-08,8.788138e-08,8.872614e-08,8.760554e-08,8.785410e-08,8.804088e-08,8.917508e-08,8.841842e-08,8.867620e-08,8.885985e-08,8.596627e-08,8.865427e-08,
8.782927e-08,8.797698e-08,8.665088e-08,8.743412e-08,8.827755e-08,8.568658e-08,8.907834e-08,9.034523e-08,8.943423e-08,8.720889e-08,8.642536e-08,8.740797e-08,8.697479e-08,8.763588e-08,8.810058e-08,8.889925e-08,8.667780e-08,8.771650e-08,8.799211e-08,8.798884e-08,8.598061e-08,8.762917e-08,8.711771e-08,8.908463e-08,8.730717e-08,8.770147e-08,8.774325e-08,8.694070e-08,8.657290e-08,8.663437e-08,8.486121e-08,8.976599e-08,8.866234e-08,8.654551e-08,8.747712e-08,8.908744e-08,8.550849e-08,8.920909e-08,8.855052e-08,8.700423e-08,8.754685e-08,8.768646e-08,8.843254e-08,8.834954e-08,8.777094e-08,8.815748e-08,8.733602e-08,8.610518e-08,8.719495e-08,8.752070e-08,8.794284e-08,8.843638e-08,8.762819e-08,8.846937e-08,8.827851e-08,8.660893e-08,8.716589e-08,8.761095e-08,8.837451e-08,8.715259e-08,8.755477e-08,8.689948e-08,8.803866e-08,8.944464e-08,
8.643464e-08,8.783494e-08,8.666783e-08,8.772784e-08,8.855339e-08,8.769071e-08,8.643230e-08,8.774395e-08,8.696814e-08,8.660257e-08,8.844474e-08,8.758391e-08,9.061405e-08,8.851495e-08,8.759497e-08,8.752841e-08,8.788402e-08,8.853620e-08,8.794551e-08,8.652968e-08,8.782141e-08,8.925350e-08,8.901925e-08,8.715279e-08,8.581711e-08,8.665167e-08,8.789931e-08,8.807547e-08,8.783585e-08,8.716157e-08,8.710783e-08,8.799417e-08,8.847032e-08,8.804999e-08,8.926303e-08,8.948999e-08,8.680703e-08,8.534621e-08,8.824094e-08,8.867463e-08,8.740910e-08,8.803670e-08,8.783684e-08,8.659108e-08,8.732235e-08,8.835145e-08,8.836609e-08,8.738232e-08,8.798914e-08,8.835312e-08,8.619042e-08,8.639304e-08,8.717599e-08,8.733366e-08,8.891622e-08,8.762826e-08,8.692770e-08,8.876493e-08,8.821164e-08,8.639733e-08,8.779090e-08,8.713304e-08,8.807583e-08,8.908429e-08,
8.673727e-08,8.798974e-08,8.650573e-08,8.753852e-08,8.764557e-08,8.689550e-08,8.933829e-08,8.659971e-08,8.861063e-08,8.779879e-08,8.807905e-08,8.629339e-08,8.723201e-08,8.667959e-08,8.831064e-08,8.757482e-08,8.711157e-08,8.832715e-08,8.737908e-08,8.805209e-08,8.744445e-08,8.882296e-08,8.767318e-08,8.760418e-08,8.734220e-08,8.764414e-08,8.781692e-08,8.655144e-08,8.801918e-08,8.991133e-08,8.683142e-08,8.751083e-08,8.775861e-08,8.693727e-08,8.684484e-08,8.730189e-08,8.862521e-08,8.867118e-08,8.889167e-08,8.870473e-08,8.723181e-08,8.866484e-08,8.845970e-08,8.719438e-08,8.893658e-08,8.679299e-08,8.662447e-08,8.738869e-08,8.716829e-08,8.661033e-08,8.974303e-08,8.854459e-08,8.804324e-08,8.798434e-08,8.921533e-08,8.915399e-08,8.670994e-08,8.744673e-08,8.637334e-08,8.688349e-08,8.733027e-08,8.622547e-08,8.895191e-08,8.642578e-08,
8.618432e-08,8.618118e-08,8.706585e-08,8.753473e-08,8.672642e-08,8.844433e-08,8.825051e-08,8.781118e-08,8.776251e-08,8.702334e-08,8.820191e-08,8.835558e-08,8.667608e-08,8.785616e-08,8.735393e-08,8.846145e-08,8.699150e-08,8.797128e-08,8.601631e-08,8.775274e-08,8.774533e-08,8.765202e-08,9.021447e-08,8.782412e-08,8.710490e-08,8.807758e-08,8.785979e-08,8.748211e-08,8.703145e-08,8.779660e-08,8.749809e-08,8.938838e-08,8.735091e-08,8.760919e-08,8.879508e-08,8.739374e-08,8.586425e-08,8.691265e-08,8.737051e-08,8.754705e-08,8.804193e-08,8.812100e-08,8.741219e-08,8.857804e-08,8.818901e-08,8.834536e-08,8.740604e-08,8.712018e-08,8.915064e-08,8.994575e-08,8.888728e-08,8.888813e-08,8.988927e-08,8.865629e-08,8.814829e-08,8.895733e-08,8.671303e-08,8.878863e-08,8.890249e-08,8.764131e-08,8.770726e-08,8.858554e-08,8.551578e-08,8.602762e-08,
8.764792e-08,8.612285e-08,8.798163e-08,8.761739e-08,8.861773e-08,8.809319e-08,8.912363e-08,8.715883e-08,8.854288e-08,8.820101e-08,8.755338e-08,8.858451e-08,8.778087e-08,8.687969e-08,8.861801e-08,8.807869e-08,8.755566e-08,8.854892e-08,8.546876e-08,8.815564e-08,8.802921e-08,8.706426e-08,8.814698e-08,8.867682e-08,8.681406e-08,8.802039e-08,8.684133e-08,8.659727e-08,8.874027e-08,8.906680e-08,8.800257e-08,8.616430e-08,8.781393e-08,8.878110e-08,8.851913e-08,8.817986e-08,8.718473e-08,8.882225e-08,8.844686e-08,8.887069e-08,8.868280e-08,8.764219e-08,8.827897e-08,8.842072e-08,8.961593e-08,8.664596e-08,8.718342e-08,8.549093e-08,8.664804e-08,8.615694e-08,8.638853e-08,8.875293e-08,8.613269e-08,8.813875e-08,8.733713e-08,8.756180e-08,8.835585e-08,8.693421e-08,8.775209e-08,8.749049e-08,8.825954e-08,8.819831e-08,8.886092e-08,8.715537e-08,
8.737565e-08,8.722580e-08,8.727517e-08,8.800013e-08,8.742061e-08,8.961923e-08,8.857587e-08,8.686095e-08,8.837162e-08,8.655706e-08,8.900625e-08,8.990679e-08,8.761263e-08,8.777496e-08,8.824410e-08,8.823012e-08,8.783234e-08,8.663594e-08,8.650114e-08,8.623554e-08,8.603137e-08,8.687214e-08,8.723169e-08,8.833621e-08,8.805165e-08,8.739509e-08,8.744613e-08,8.473583e-08,8.762374e-08,8.816974e-08,8.642811e-08,8.746862e-08,8.804213e-08,8.767547e-08,8.597465e-08,8.718974e-08,8.756732e-08,8.816901e-08,8.856994e-08,8.797929e-08,8.645551e-08,8.861679e-08,8.827043e-08,8.878635e-08,8.773022e-08,8.753171e-08,8.690889e-08,8.792837e-08,8.927006e-08,8.803353e-08,8.912654e-08,8.870062e-08,8.740318e-08,8.996589e-08,8.848399e-08,8.920071e-08,8.856085e-08,8.687928e-08,8.868179e-08,8.979880e-08,8.698475e-08,8.796549e-08,8.762821e-08,8.771969e-08,
8.813068e-08,8.666266e-08,8.763948e-08,8.935104e-08,8.964842e-08,8.905182e-08,8.756377e-08,8.721026e-08,8.830186e-08,8.740412e-08,8.794229e-08,8.829131e-08,8.774900e-08,8.906551e-08,8.763714e-08,8.941526e-08,8.958093e-08,8.716138e-08,8.684600e-08,8.672320e-08,8.797337e-08,8.762806e-08,8.683097e-08,8.794731e-08,8.610392e-08,8.738703e-08,8.768516e-08,8.860142e-08,8.577190e-08,8.693306e-08,8.776338e-08,8.808519e-08,8.737864e-08,8.806959e-08,8.825738e-08,8.740552e-08,8.840031e-08,8.789014e-08,8.761484e-08,8.846015e-08,8.616392e-08,8.757814e-08,8.609197e-08,8.697447e-08,8.828447e-08,8.775606e-08,8.876331e-08,8.765899e-08,8.656005e-08,8.835831e-08,8.772961e-08,8.852290e-08,8.845763e-08,8.743444e-08,8.782251e-08,8.791842e-08,8.764522e-08,8.787525e-08,8.644869e-08,8.894091e-08,8.849220e-08,8.819213e-08,8.801944e-08,8.692014e-08,
===
9.228397e-08,8.984435e-08,9.201909e-08,9.264779e-08,9.056601e-08,9.033258e-08,8.969966e-08,9.229604e-08,9.174953e-08,9.288474e-08,9.257117e-08,8.988047e-08,9.159458e-08,9.127861e-08,9.031951e-08,9.296489e-08,9.077229e-08,9.252906e-08,9.129962e-08,9.110364e-08,9.080953e-08,9.335497e-08,9.123447e-08,9.125621e-08,9.196447e-08,8.921609e-08,9.030634e-08,9.135466e-08,8.933523e-08,9.068466e-08,8.920858e-08,9.210327e-08,9.176740e-08,9.271046e-08,9.160356e-08,9.251624e-08,9.310048e-08,9.143666e-08,9.122697e-08,9.134782e-08,9.193939e-08,9.085703e-08,8.976626e-08,8.944261e-08,9.102108e-08,9.099795e-08,9.079220e-08,9.192430e-08,9.122397e-08,9.125398e-08,8.915778e-08,9.133464e-08,9.253344e-08,9.198127e-08,9.034023e-08,9.242495e-08,9.173122e-08,9.224863e-08,9.136374e-08,9.101702e-08,9.076869e-08,8.963949e-08,9.326224e-08,9.202494e-08,
9.181248e-08,9.092867e-08,8.947755e-08,9.064421e-08,9.073739e-08,9.087565e-08,9.035266e-08,9.292501e-08,9.095072e-08,9.256279e-08,8.999899e-08,9.168159e-08,8.978223e-08,9.155148e-08,9.104538e-08,9.139406e-08,9.271529e-08,8.929535e-08,9.127628e-08,9.112117e-08,9.276372e-08,9.161145e-08,9.043061e-08,9.026990e-08,9.144588e-08,9.113065e-08,9.132012e-08,9.324171e-08,9.185584e-08,9.175774e-08,9.080233e-08,8.907109e-08,9.204883e-08,9.129901e-08,9.136104e-08,9.091078e-08,9.045777e-08,8.947913e-08,9.198758e-08,8.978240e-08,9.085627e-08,9.220662e-08,9.078799e-08,9.266338e-08,9.156450e-08,9.376570e-08,9.154234e-08,9.176154e-08,9.003737e-08,9.193953e-08,9.167100e-08,8.978908e-08,9.134193e-08,9.144797e-08,9.270674e-08,9.100595e-08,9.073448e-08,9.023610e-08,9.025556e-08,9.006649e-08,9.113161e-08,8.945046e-08,9.096956e-08,9.108251e-08,
9.124431e-08,9.197778e-08,9.028415e-08,9.017079e-08,9.238604e-08,9.287275e-08,9.175575e-08,9.135173e-08,9.110943e-08,9.116668e-08,8.981820e-08,9.260536e-08,9.048300e-08,9.000812e-08,9.083414e-08,9.225177e-08,9.198301e-08,9.098482e-08,9.097773e-08,9.132505e-08,9.113793e-08,9.248115e-08,9.191546e-08,8.990469e-08,9.202942e-08,9.145952e-08,9.201005e-08,9.118896e-08,9.268680e-08,9.200434e-08,9.127055e-08,9.011181e-08,9.228500e-08,9.000948e-08,9.095601e-08,9.019786e-08,9.063805e-08,9.065385e-08,9.056753e-08,8.971862e-08,9.178097e-08,9.113556e-08,9.210188e-08,9.016593e-08,9.304746e-08,9.091208e-08,9.078009e-08,9.221189e-08,8.983775e-08,9.249727e-08,9.070433e-08,9.191869e-08,8.925227e-08,9.015896e-08,9.201302e-08,9.140647e-08,9.115678e-08,9.214341e-08,9.325655e-08,9.013971e-08,8.996746e-08,8.846017e-08,9.134558e-08,9.216174e-08,
9.047845e-08,9.104434e-08,9.020883e-08,9.216785e-08,8.981439e-08,9.141198e-08,9.101972e-08,9.241991e-08,9.105714e-08,9.044501e-08,9.184078e-08,9.097160e-08,9.209736e-08,9.278328e-08,9.095235e-08,9.251498e-08,9.099865e-08,8.879422e-08,9.042921e-08,9.204037e-08,9.207442e-08,9.179304e-08,9.081777e-08,9.192351e-08,9.089141e-08,9.009553e-08,9.202112e-08,9.006711e-08,9.057830e-08,9.238302e-08,9.065651e-08,9.147696e-08,9.172046e-08,9.139415e-08,9.120294e-08,9.168800e-08,9.045178e-08,9.144755e-08,9.262406e-08,9.119744e-08,9.143424e-08,9.232559e-08,9.207673e-08,9.098246e-08,9.260114e-08,9.061573e-08,9.081166e-08,9.234738e-08,9.062901e-08,8.978318e-08,8.974907e-08,9.119411e-08,9.223105e-08,9.149829e-08,9.191157e-08,9.024096e-08,9.321439e-08,9.176548e-08,9.104862e-08,9.165290e-08,9.247770e-08,9.014735e-08,9.180883e-08,9.205987e-08,
9.078940e-08,9.193900e-08,9.098221e-08,9.103249e-08,9.147726e-08,9.171493e-08,9.097945e-08,9.098536e-08,9.173129e-08,9.132855e-08,9.085839e-08,9.246357e-08,9.161319e-08,9.026119e-08,9.067440e-08,9.165399e-08,9.172336e-08,9.126942e-08,9.106039e-08,9.270859e-08,8.953188e-08,9.287235e-08,9.082783e-08,9.077870e-08,9.071629e-08,9.061594e-08,9.199303e-08,9.098151e-08,9.045075e-08,9.103883e-08,9.250812e-08,9.022257e-08,9.207767e-08,9.248345e-08,8.974126e-08,9.111461e-08,9.203015e-08,9.247367e-08,8.871267e-08,9.200391e-08,9.052084e-08,9.092491e-08,9.127998e-08,9.069345e-08,9.291910e-08,9.189187e-08,9.136182e-08,9.251447e-08,9.310328e-08,9.251292e-08,9.149099e-08,9.158468e-08,9.171145e-08,9.124858e-08,9.241719e-08,9.237988e-08,9.001924e-08,9.079529e-08,9.076555e-08,8.811270e-08,9.310780e-08,9.102568e-08,9.171913e-08,9.121353e-08,
9.091939e-08,9.209311e-08,9.245176e-08,9.205921e-08,9.134356e-08,9.177174e-08,9.004087e-08,9.070503e-08,9.050404e-08,9.235184e-08,9.217702e-08,9.214191e-08,8.978844e-08,9.071920e-08,9.062407e-08,9.144865e-08,9.213217e-08,9.015274e-08,9.093972e-08,9.269678e-08,9.261797e-08,9.144329e-08,9.131443e-08,9.155105e-08,9.274199e-08,9.253249e-08,9.099007e-08,9.091049e-08,9.037175e-08,9.203453e-08,9.193450e-08,9.127990e-08,9.198043e-08,9.255125e-08,8.880051e-08,9.131485e-08,8.920511e-08,9.293697e-08,9.222982e-08,9.187894e-08,9.171051e-08,9.013678e-08,8.947062e-08,9.114603e-08,9.018607e-08,9.070702e-08,8.940074e-08,9.036408e-08,9.114854e-08,9.163892e-08,9.107615e-08,9.159994e-08,9.002892e-08,9.180545e-08,9.355935e-08,9.223325e-08,9.194113e-08,9.057862e-08,8.993892e-08,9.062443e-08,8.983909e-08,9.216315e-08,9.197186e-08,9.092839e-08,
9.183418e-08,9.076197e-08,8.991506e-08,9.074257e-08,9.056871e-08,9.000604e-08,9.106300e-08,9.101303e-08,9.076599e-08,8.967035e-08,8.948154e-08,9.290418e-08,9.151404e-08,9.180688e-08,9.187618e-08,9.193275e-08,9.075845e-08,9.047325e-08,9.142480e-08,8.978211e-08,9.166468e-08,9.203616e-08,9.157997e-08,9.297263e-08,9.036108e-08,9.169747e-08,9.115206e-08,9.100633e-08,9.125729e-08,9.130457e-08,9.150153e-08,9.099973e-08,9.048073e-08,9.010276e-08,9.242056e-08,9.140055e-08,9.106138e-08,9.277838e-08,9.150311e-08,9.295258e-08,9.128792e-08,9.075850e-08,9.249699e-08,9.208237e-08,9.191639e-08,9.230626e-08,9.268936e-08,8.996223e-08,9.150574e-08,9.000176e-08,8.940522e-08,9.206453e-08,9.137910e-08,9.193969e-08,9.022345e-08,9.237890e-08,9.189010e-08,9.237435e-08,9.056219e-08,9.177431e-08,9.070249e-08,9.039654e-08,9.077650e-08,9.136854e-08,
9.160075e-08,9.085396e-08,8.960261e-08,9.107029e-08,8.972547e-08,9.095037e-08,9.119306e-08,9.225378e-08,9.090017e-08,8.903103e-08,9.151641e-08,9.270038e-08,8.962092e-08,8.997767e-08,9.265457e-08,9.155594e-08,9.084964e-08,8.904036e-08,9.245684e-08,9.076132e-08,9.097526e-08,9.180690e-08,9.024493e-08,9.187406e-08,9.314255e-08,9.321474e-08,9.026361e-08,9.098397e-08,9.232528e-08,9.225206e-08,9.304287e-08,9.245011e-08,9.172261e-08,9.000703e-08,8.948507e-08,9.090561e-08,9.023955e-08,9.003674e-08,9.150847e-08,9.225853e-08,9.206007e-08,9.208246e-08,8.963436e-08,9.237167e-08,9.144330e-08,8.959856e-08,9.223986e-08,9.298641e-08,9.202842e-08,9.101774e-08,9.079700e-08,8.937670e-08,9.184707e-08,9.093888e-08,9.130808e-08,9.103112e-08,9.288722e-08,9.103517e-08,9.021113e-08,9.158726e-08,9.097535e-08,8.986125e-08,9.203535e-08,9.067787e-08,
9.167348e-08,9.138467e-08,8.984359e-08,9.164111e-08,9.170885e-08,9.374966e-08,9.026428e-08,9.158303e-08,9.175464e-08,9.278572e-08,9.046403e-08,9.396117e-08,9.148866e-08,9.119966e-08,9.310551e-08,9.394379e-08,9.215251e-08,9.018984e-08,9.112071e-08,9.053691e-08,9.176835e-08,9.073805e-08,9.132280e-08,9.197089e-08,9.070564e-08,9.096178e-08,9.285093e-08,9.127379e-08,9.075607e-08,9.014867e-08,9.262201e-08,9.134145e-08,9.002105e-08,9.131342e-08,9.033264e-08,9.128292e-08,8.999820e-08,9.225891e-08,9.153018e-08,8.944276e-08,9.190254e-08,9.081518e-08,9.122493e-08,9.189366e-08,9.222348e-08,9.135108e-08,9.063152e-08,9.136096e-08,9.164455e-08,9.195418e-08,8.913620e-08,9.127855e-08,8.990703e-08,9.220206e-08,9.155461e-08,9.149982e-08,9.155673e-08,9.214410e-08,9.259182e-08,9.096890e-08,9.257642e-08,9.077713e-08,9.429448e-08,8.969834e-08,
9.015894e-08,9.232094e-08,9.258138e-08,9.136195e-08,9.125939e-08,9.008086e-08,9.029854e-08,8.904940e-08,8.972016e-08,9.210989e-08,9.164689e-08,9.233409e-08,9.114127e-08,9.251894e-08,9.064039e-08,9.178924e-08,9.007172e-08,8.899023e-08,9.140800e-08,9.169887e-08,9.234796e-08,9.186336e-08,9.123151e-08,9.046807e-08,9.053067e-08,9.196008e-08,9.001872e-08,9.010333e-08,9.062923e-08,9.091128e-08,9.181561e-08,9.141153e-08,9.083914e-08,8.974953e-08,9.144438e-08,9.172691e-08,9.067775e-08,9.186157e-08,9.270044e-08,9.155540e-08,9.093803e-08,9.165131e-08,9.066960e-08,9.164397e-08,9.131981e-08,9.047807e-08,9.104157e-08,9.111887e-08,9.141264e-08,9.177696e-08,9.053019e-08,9.039514e-08,9.069609e-08,8.989802e-08,9.060835e-08,9.280885e-08,9.118959e-08,9.082935e-08,9.141012e-08,8.934910e-08,9.232290e-08,9.021615e-08,8.973085e-08,9.248216e-08,
8.980708e-08,9.075375e-08,9.058302e-08,9.080954e-08,9.374175e-08,9.104380e-08,9.139748e-08,9.125523e-08,9.257063e-08,9.155100e-08,9.138648e-08,9.183259e-08,9.111168e-08,9.038888e-08,9.203695e-08,8.993274e-08,9.139202e-08,9.147366e-08,9.103740e-08,9.022036e-08,9.154290e-08,9.291957e-08,9.097511e-08,9.045948e-08,9.162485e-08,9.076406e-08,9.045460e-08,9.137653e-08,9.089599e-08,9.032513e-08,8.931641e-08,8.982776e-08,9.164004e-08,8.995992e-08,9.261385e-08,9.078078e-08,9.181283e-08,9.192685e-08,8.992237e-08,9.379579e-08,9.288534e-08,9.295518e-08,9.106277e-08,9.168985e-08,9.050247e-08,8.881301e-08,9.038001e-08,9.138090e-08,9.087302e-08,9.220152e-08,9.000915e-08,9.177740e-08,9.113040e-08,9.103688e-08,9.122498e-08,9.232910e-08,9.101906e-08,9.069730e-08,9.179942e-08,9.023729e-08,9.133114e-08,9.303583e-08,8.907549e-08,9.238657e-08,
9.051215e-08,9.167323e-08,9.196947e-08,8.891604e-08,8.967789e-08,9.141718e-08,9.215740e-08,9.091667e-08,9.244231e-08,9.123080e-08,9.185864e-08,9.108771e-08,9.040246e-08,9.025568e-08,9.145094e-08,8.914798e-08,9.167841e-08,9.043670e-08,9.194854e-08,9.161994e-08,9.124760e-08,9.100643e-08,9.236108e-08,9.330042e-08,8.886529e-08,9.186308e-08,9.168567e-08,9.289525e-08,9.303519e-08,9.149594e-08,8.971391e-08,9.338972e-08,9.278850e-08,9.168923e-08,9.151608e-08,9.168189e-08,9.242111e-08,9.413082e-08,9.032385e-08,9.070489e-08,9.180357e-08,9.152681e-08,9.093104e-08,9.150131e-08,8.804549e-08,9.175641e-08,9.195308e-08,9.113971e-08,9.308003e-08,9.347124e-08,9.137077e-08,9.226745e-08,9.218975e-08,9.050020e-08,8.983358e-08,9.083761e-08,9.162456e-08,9.085767e-08,8.927835e-08,9.134809e-08,8.947013e-08,9.152405e-08,9.120610e-08,9.166174e-08,
9.085809e-08,8.930843e-08,9.128351e-08,9.391325e-08,9.233471e-08,9.221526e-08,9.193702e-08,8.997471e-08,9.177019e-08,8.970294e-08,9.102018e-08,9.053250e-08,9.243254e-08,9.156954e-08,9.068545e-08,9.185361e-08,9.122115e-08,8.989925e-08,9.320781e-08,9.214684e-08,9.148762e-08,9.117804e-08,8.963736e-08,9.098391e-08,9.053858e-08,9.120242e-08,9.065761e-08,9.056034e-08,9.131983e-08,9.121412e-08,9.321349e-08,9.360253e-08,8.793999e-08,9.076822e-08,9.004535e-08,9.011505e-08,9.149355e-08,9.174207e-08,9.071165e-08,9.012863e-08,8.908366e-08,8.840782e-08,9.159616e-08,9.244728e-08,9.214904e-08,9.137420e-08,9.122105e-08,9.161486e-08,9.172527e-08,8.947655e-08,9.199279e-08,9.098919e-08,9.231412e-08,9.207213e-08,9.101750e-08,9.249585e-08,9.059739e-08,8.952860e-08,9.078942e-08,8.949117e-08,9.045496e-08,9.234353e-08,8.943437e-08,9.148454e-08,
9.075440e-08,9.067170e-08,9.066647e-08,9.178494e-08,9.120607e-08,9.223890e-08,9.054820e-08,9.195653e-08,9.133360e-08,9.080427e-08,9.076959e-08,9.158399e-08,9.153043e-08,9.071942e-08,9.084508e-08,9.048887e-08,9.216892e-08,9.024210e-08,9.174439e-08,8.928315e-08,9.286295e-08,9.057582e-08,8.919905e-08,9.136019e-08,9.158186e-08,9.258170e-08,9.155754e-08,9.192351e-08,9.407897e-08,9.248587e-08,9.133393e-08,9.068805e-08,9.262870e-08,8.957514e-08,9.114244e-08,8.993993e-08,8.912124e-08,9.229149e-08,9.258110e-08,9.104017e-08,9.309067e-08,9.235842e-08,9.187847e-08,9.181722e-08,9.207733e-08,9.101947e-08,9.190408e-08,9.096954e-08,9.133599e-08,9.204105e-08,9.269633e-08,9.169828e-08,9.257952e-08,9.164895e-08,9.039677e-08,9.314811e-08,9.087712e-08,9.237435e-08,9.028170e-08,9.310373e-08,8.841516e-08,9.303052e-08,9.114904e-08,9.174381e-08,
9.181275e-08,9.315066e-08,9.226388e-08,9.144435e-08,9.122395e-08,9.014652e-08,9.128146e-08,9.017679e-08,9.098579e-08,9.148251e-08,9.228155e-08,9.112300e-08,9.102172e-08,9.214141e-08,9.171215e-08,8.970936e-08,9.277180e-08,9.140602e-08,9.177461e-08,8.899934e-08,9.048088e-08,9.084040e-08,9.172410e-08,9.125936e-08,9.205318e-08,9.156886e-08,8.953049e-08,9.020813e-08,9.257743e-08,9.331279e-08,9.101274e-08,9.287550e-08,9.107244e-08,9.131630e-08,9.269294e-08,9.063131e-08,9.111162e-08,8.921419e-08,9.215134e-08,8.967912e-08,9.099081e-08,8.999408e-08,9.121198e-08,9.167213e-08,9.145854e-08,9.093712e-08,9.156155e-08,9.037365e-08,9.156156e-08,9.286104e-08,9.171227e-08,9.120667e-08,9.305683e-08,9.188223e-08,9.120497e-08,9.251482e-08,9.001481e-08,9.094730e-08,9.264285e-08,9.175012e-08,9.118577e-08,9.138180e-08,9.080710e-08,9.292160e-08,
9.270429e-08,9.117058e-08,9.179855e-08,9.156029e-08,9.298579e-08,9.269206e-08,9.250030e-08,9.122575e-08,9.223204e-08,8.968950e-08,9.190396e-08,9.081176e-08,9.154162e-08,9.177772e-08,9.016471e-08,9.160411e-08,9.232457e-08,9.124255e-08,9.062335e-08,8.998397e-08,9.032939e-08,8.951412e-08,9.301160e-08,9.124040e-08,9.055795e-08,9.121184e-08,9.142098e-08,9.092560e-08,9.041334e-08,9.132614e-08,9.121740e-08,9.289128e-08,9.095364e-08,9.333933e-08,9.104210e-08,8.915232e-08,9.289036e-08,9.157133e-08,9.173699e-08,9.074611e-08,9.398147e-08,9.155399e-08,9.215150e-08,9.137865e-08,9.173939e-08,9.051312e-08,9.148171e-08,9.057180e-08,8.917124e-08,9.442756e-08,9.191098e-08,8.884226e-08,9.180591e-08,9.218422e-08,9.012785e-08,9.140802e-08,9.071571e-08,9.204558e-08,9.109365e-08,8.913277e-08,9.081054e-08,9.232762e-08,9.107031e-08,9.216238e-08,
9.255829e-08,9.323850e-08,9.094209e-08,9.109999e-08,8.953407e-08,9.345885e-08,9.222642e-08,9.107069e-08,9.129161e-08,8.962130e-08,9.024175e-08,9.107229e-08,9.007119e-08,9.448315e-08,9.236237e-08,9.250935e-08,9.098561e-08,9.191081e-08,9.097330e-08,9.083087e-08,9.118770e-08,9.104537e-08,9.230213e-08,9.080945e-08,9.071498e-08,9.151798e-08,9.173345e-08,9.143270e-08,9.290935e-08,9.096193e-08,9.127150e-08,9.185036e-08,9.140567e-08,8.957968e-08,9.135989e-08,9.078391e-08,9.075529e-08,9.106633e-08,9.139219e-08,9.039212e-08,9.140204e-08,9.268158e-08,9.218098e-08,8.978538e-08,9.162555e-08,9.203150e-08,9.137515e-08,9.126734e-08,8.957327e-08,9.187547e-08,9.024262e-08,9.259450e-08,9.302013e-08,8.844698e-08,9.048622e-08,9.010418e-08,9.143118e-08,9.059715e-08,9.146070e-08,8.965502e-08,9.135222e-08,9.136260e-08,9.095977e-08,9.130391e-08,
9.167943e-08,9.042889e-08,9.312875e-08,9.081816e-08,9.150567e-08,9.091001e-08,9.165276e-08,9.040684e-08,8.918994e-08,9.007370e-08,9.065708e-08,9.142009e-08,9.138873e-08,9.181347e-08,9.234983e-08,9.221983e-08,9.221701e-08,9.019047e-08,9.105761e-08,9.149751e-08,9.165015e-08,9.255433e-08,9.227387e-08,9.124005e-08,9.253640e-08,9.109111e-08,9.321132e-08,8.996108e-08,9.139590e-08,9.133839e-08,9.089935e-08,9.206576e-08,9.127213e-08,9.158119e-08,9.105182e-08,8.955112e-08,9.033451e-08,9.116590e-08,9.060644e-08,9.232911e-08,9.141369e-08,9.109259e-08,9.152056e-08,9.283794e-08,9.048599e-08,9.165106e-08,9.232636e-08,9.089512e-08,9.030907e-08,9.057059e-08,9.069569e-08,9.189264e-08,9.098213e-08,9.072250e-08,8.994479e-08,9.090768e-08,9.100857e-08,8.989725e-08,9.249549e-08,9.089245e-08,9.053777e-08,9.152676e-08,9.052664e-08,9.222497e-08,
9.172530e-08,8.936293e-08,9.115727e-08,9.175685e-08,9.008651e-08,9.251273e-08,8.958130e-08,9.066000e-08,9.073527e-08,9.218298e-08,9.204491e-08,9.033347e-08,9.014878e-08,9.367740e-08,9.138914e-08,9.055355e-08,8.989468e-08,9.090374e-08,8.989475e-08,9.142170e-08,9.126526e-08,9.166575e-08,9.118740e-08,9.144234e-08,8.976201e-08,8.962398e-08,9.225475e-08,8.972001e-08,9.158638e-08,9.165483e-08,8.926386e-08,9.207277e-08,9.257465e-08,9.099426e-08,9.163450e-08,9.272349e-08,9.067958e-08,9.245018e-08,9.055421e-08,9.219351e-08,8.986644e-08,9.115503e-08,9.293333e-08,9.198320e-08,9.237912e-08,9.314576e-08,9.113615e-08,9.065268e-08,9.173450e-08,9.190742e-08,9.133979e-08,9.251129e-08,8.988123e-08,9.009245e-08,9.011441e-08,9.033057e-08,9.002872e-08,9.195525e-08,9.181467e-08,8.969000e-08,9.080218e-08,9.198914e-08,9.003095e-08,9.284603e-08,
8.935488e-08,9.124398e-08,9.328891e-08,8.996802e-08,9.088846e-08,9.066978e-08,9.206795e-08,9.120370e-08,9.235197e-08,9.338751e-08,9.191316e-08,9.047249e-08,9.364994e-08,9.143125e-08,9.094637e-08,9.041577e-08,9.219942e-08,9.053964e-08,9.246928e-08,9.237931e-08,9.104465e-08,9.187528e-08,9.222317e-08,9.031001e-08,9.117884e-08,8.880748e-08,9.212580e-08,9.005569e-08,9.107012e-08,9.046215e-08,8.943115e-08,9.109973e-08,9.122523e-08,8.899740e-08,9.017059e-08,9.159156e-08,9.180581e-08,9.173529e-08,9.205100e-08,9.017024e-08,9.252689e-08,9.201657e-08,9.201823e-08,9.191623e-08,8.993652e-08,9.216223e-08,8.988168e-08,9.116816e-08,9.130412e-08,9.158616e-08,9.019119e-08,9.252162e-08,9.123787e-08,9.043122e-08,9.157674e-08,9.145958e-08,9.116423e-08,8.949450e-08,9.150221e-08,9.008207e-08,9.170623e-08,9.218174e-08,9.123533e-08,8.928123e-08,
9.027173e-08,9.332679e-08,9.084012e-08,9.084621e-08,9.108393e-08,9.096942e-08,9.201863e-08,9.138331e-08,9.061974e-08,9.086306e-08,9.097350e-08,9.168511e-08,9.273547e-08,9.030522e-08,9.121813e-08,9.295921e-08,9.099464e-08,9.060761e-08,9.169373e-08,9.141596e-08,9.117192e-08,9.030227e-08,9.091091e-08,9.149395e-08,9.249796e-08,9.076190e-08,9.090766e-08,9.239202e-08,9.014273e-08,9.074212e-08,9.218204e-08,9.166041e-08,9.048310e-08,9.209194e-08,9.286961e-08,9.110498e-08,9.055358e-08,9.132283e-08,8.764292e-08,9.125435e-08,9.175354e-08,9.172857e-08,9.238498e-08,9.004644e-08,9.160348e-08,9.283911e-08,8.965964e-08,9.056786e-08,9.052728e-08,9.236328e-08,9.167784e-08,9.187672e-08,9.021682e-08,9.088494e-08,9.124610e-08,9.087719e-08,9.196244e-08,9.275074e-08,9.169502e-08,9.194963e-08,9.141557e-08,9.270072e-08,9.088592e-08,9.248992e-08,
8.924106e-08,9.147692e-08,9.050248e-08,9.122148e-08,8.967409e-08,9.051228e-08,8.996369e-08,9.148517e-08,9.119561e-08,9.077839e-08,9.223908e-08,9.348677e-08,9.112850e-08,9.292416e-08,9.223281e-08,9.073810e-08,9.069606e-08,8.892016e-08,9.086679e-08,9.351455e-08,9.139255e-08,9.061791e-08,9.338341e-08,9.063660e-08,9.098002e-08,9.205399e-08,9.172805e-08,9.105885e-08,9.263882e-08,8.998284e-08,9.221669e-08,9.058709e-08,9.157320e-08,9.178202e-08,9.108374e-08,9.057899e-08,9.191964e-08,9.279759e-08,9.082891e-08,9.196201e-08,9.036631e-08,9.171567e-08,9.228524e-08,9.062758e-08,9.138620e-08,8.997677e-08,9.268279e-08,9.084430e-08,9.164266e-08,9.157708e-08,9.112949e-08,9.167008e-08,9.302238e-08,9.233450e-08,9.070848e-08,8.959181e-08,9.092729e-08,9.110216e-08,9.139331e-08,9.038780e-08,9.236648e-08,8.950402e-08,9.123707e-08,9.038591e-08,
9.104265e-08,9.106923e-08,9.124082e-08,9.273189e-08,9.139758e-08,9.155367e-08,9.107524e-08,9.191480e-08,9.116332e-08,9.107821e-08,9.227940e-08,8.900048e-08,9.084854e-08,9.215639e-08,9.144322e-08,9.011847e-08,9.101715e-08,9.069343e-08,9.056119e-08,8.955763e-08,8.907854e-08,8.964850e-08,9.165312e-08,9.045005e-08,9.198490e-08,9.308680e-08,9.252573e-08,9.126464e-08,9.203507e-08,8.991742e-08,9.189277e-08,9.124201e-08,9.031542e-08,9.079421e-08,9.107034e-08,9.163469e-08,9.153002e-08,9.003853e-08,8.899301e-08,9.114425e-08,9.059101e-08,9.177368e-08,9.161988e-08,9.264847e-08,9.169961e-08,9.240057e-08,9.042763e-08,9.162503e-08,9.248523e-08,9.178703e-08,9.211804e-08,9.161877e-08,9.322113e-08,9.139557e-08,9.281730e-08,8.987920e-08,9.122900e-08,9.063670e-08,9.128917e-08,9.036853e-08,9.116089e-08,9.113507e-08,9.193893e-08,8.934656e-08,
9.177243e-08,9.223005e-08,9.053427e-08,9.151957e-08,9.004094e-08,8.930572e-08,8.929101e-08,9.323644e-08,9.145887e-08,9.185097e-08,8.956554e-08,9.043295e-08,9.198999e-08,9.127401e-08,9.282662e-08,9.020959e-08,9.010734e-08,9.056926e-08,9.089631e-08,8.909414e-08,9.151261e-08,9.127486e-08,9.332357e-08,9.226464e-08,9.036328e-08,9.246873e-08,9.243224e-08,9.019804e-08,9.250835e-08,9.084909e-08,8.906315e-08,9.009284e-08,9.095785e-08,9.196637e-08,9.315354e-08,9.220231e-08,9.246914e-08,9.074466e-08,9.006178e-08,9.210156e-08,9.027020e-08,9.058995e-08,9.187788e-08,9.217970e-08,9.218233e-08,9.315265e-08,9.152714e-08,9.204949e-08,9.107259e-08,8.897875e-08,9.278003e-08,9.150850e-08,9.128808e-08,9.122848e-08,8.944220e-08,9.019250e-08,9.050367e-08,9.012257e-08,9.283924e-08,9.090023e-08,9.263178e-08,9.064234e-08,9.106640e-08,8.851324e-08,
9.063365e-08,9.039855e-08,9.178575e-08,9.165917e-08,9.243805e-08,8.955141e-08,9.274875e-08,9.081044e-08,9.046672e-08,9.134284e-08,9.196679e-08,9.055159e-08,8.897481e-08,9.304088e-08,9.177222e-08,9.116608e-08,9.172303e-08,9.115264e-08,9.106006e-08,9.063610e-08,9.028907e-08,9.149118e-08,9.104981e-08,9.202162e-08,9.089910e-08,9.117758e-08,9.195365e-08,9.293951e-08,9.077291e-08,9.056249e-08,9.121156e-08,9.115356e-08,9.107130e-08,9.032461e-08,9.273048e-08,9.083512e-08,9.072581e-08,9.206480e-08,9.191037e-08,9.295868e-08,9.149961e-08,9.229797e-08,9.021528e-08,9.020282e-08,9.142647e-08,9.037950e-08,9.176078e-08,8.995278e-08,9.016948e-08,9.158962e-08,9.229004e-08,9.167506e-08,9.178387e-08,9.327671e-08,9.174160e-08,9.083831e-08,9.157209e-08,9.053438e-08,9.019828e-08,9.072883e-08,9.104727e-08,9.167837e-08,9.448318e-08,9.152603e-08,
9.259875e-08,9.133297e-08,9.069398e-08,9.284491e-08,9.120107e-08,9.046505e-08,9.056816e-08,9.145817e-08,9.225392e-08,9.108462e-08,9.032634e-08,8.993210e-08,8.982870e-08,9.134279e-08,9.320488e-08,9.052150e-08,9.206604e-08,9.037996e-08,9.074226e-08,9.155801e-08,9.200918e-08,9.068779e-08,9.188439e-08,9.202985e-08,9.149212e-08,9.108857e-08,9.132643e-08,9.025763e-08,9.233871e-08,9.139909e-08,9.148998e-08,9.059463e-08,9.131581e-08,9.036427e-08,9.183267e-08,8.740034e-08,9.107754e-08,9.189970e-08,9.161901e-08,9.250427e-08,8.968699e-08,9.120693e-08,9.005073e-08,9.075731e-08,9.213866e-08,8.992048e-08,9.051265e-08,9.172416e-08,9.107644e-08,9.221392e-08,8.999241e-08,9.224823e-08,9.098643e-08,9.163133e-08,9.161659e-08,9.282724e-08,8.999224e-08,9.023501e-08,8.900189e-08,9.070480e-08,9.138294e-08,9.072282e-08,9.157977e-08,9.063428e-08,
8.988457e-08,9.068337e-08,9.094191e-08,9.041406e-08,9.113742e-08,9.111185e-08,8.902940e-08,9.272330e-08,9.102214e-08,9.126356e-08,9.116660e-08,9.060075e-08,9.108064e-08,9.077789e-08,9.007450e-08,9.211994e-08,8.941966e-08,8.984605e-08,8.943621e-08,9.209288e-08,8.857629e-08,9.251129e-08,9.130484e-08,9.146382e-08,9.200903e-08,9.324316e-08,9.130753e-08,9.382825e-08,9.093852e-08,9.348149e-08,9.079393e-08,9.035382e-08,9.037185e-08,9.085536e-08,9.097650e-08,9.143910e-08,9.318466e-08,9.142072e-08,9.232512e-08,8.946044e-08,9.213370e-08,9.094913e-08,9.040348e-08,9.114813e-08,9.018399e-08,9.230687e-08,9.083765e-08,9.090449e-08,8.951413e-08,9.116594e-08,9.141925e-08,9.128617e-08,9.042249e-08,9.090996e-08,9.180490e-08,9.165117e-08,9.102422e-08,9.009725e-08,9.182919e-08,9.209799e-08,9.139039e-08,9.040435e-08,9.247523e-08,9.074544e-08,
9.098538e-08,9.097026e-08,9.214681e-08,9.123825e-08,9.322696e-08,9.188537e-08,9.066948e-08,9.035343e-08,9.042826e-08,9.143260e-08,8.990811e-08,9.112498e-08,9.039363e-08,8.926193e-08,9.280311e-08,8.989866e-08,9.124113e-08,9.274440e-08,9.190427e-08,9.118641e-08,9.148032e-08,9.292662e-08,9.091805e-08,9.145218e-08,9.166179e-08,9.147977e-08,9.228538e-08,9.169148e-08,9.182241e-08,9.033655e-08,9.109730e-08,9.069583e-08,9.275953e-08,9.285030e-08,9.051638e-08,9.139172e-08,9.042433e-08,9.237016e-08,9.055309e-08,8.914844e-08,9.179185e-08,9.041839e-08,9.047041e-08,9.251299e-08,9.189923e-08,9.244597e-08,9.210978e-08,8.952238e-08,9.023623e-08,9.147985e-08,9.144956e-08,9.268705e-08,9.025630e-08,8.998426e-08,9.037330e-08,8.994519e-08,9.014700e-08,9.181683e-08,9.063145e-08,9.035380e-08,9.083331e-08,9.088407e-08,9.070806e-08,9.212192e-08,
8.991460e-08,9.043224e-08,8.965448e-08,9.102349e-08,9.116985e-08,9.089860e-08,8.905190e-08,9.342930e-08,9.033229e-08,9.109462e-08,9.122628e-08,9.197585e-08,9.391481e-08,9.154894e-08,9.035759e-08,9.101833e-08,9.095600e-08,9.315476e-08,9.228137e-08,9.037513e-08,9.284333e-08,9.162844e-08,8.982902e-08,9.115270e-08,9.190820e-08,8.967460e-08,9.271892e-08,9.127484e-08,9.115882e-08,9.082081e-08,9.004498e-08,9.103333e-08,8.935030e-08,9.076540e-08,8.956415e-08,9.160940e-08,9.135980e-08,9.126204e-08,9.340043e-08,9.169929e-08,9.098367e-08,8.980180e-08,9.248839e-08,8.932993e-08,9.110269e-08,9.179132e-08,9.244838e-08,9.136129e-08,9.149397e-08,9.262341e-08,9.152389e-08,9.191167e-08,9.181090e-08,9.196496e-08,9.157940e-08,9.232295e-08,9.026614e-08,9.277614e-08,9.045234e-08,9.078902e-08,9.200019e-08,9.266020e-08,9.049479e-08,9.145839e-08,
9.024572e-08,9.103501e-08,9.239979e-08,8.989406e-08,8.985998e-08,9.114073e-08,9.277294e-08,9.072490e-08,9.005169e-08,9.004595e-08,9.135541e-08,9.184208e-08,9.112517e-08,9.246532e-08,9.237327e-08,9.057797e-08,9.213431e-08,9.074917e-08,9.058056e-08,9.233073e-08,9.014590e-08,9.034529e-08,9.132364e-08,8.952975e-08,9.181694e-08,9.149653e-08,9.158227e-08,9.109203e-08,9.237537e-08,9.006729e-08,9.159743e-08,9.365931e-08,9.157205e-08,9.165252e-08,9.242934e-08,9.109638e-08,9.088999e-08,9.161750e-08,9.077293e-08,9.091497e-08,9.052652e-08,9.122074e-08,9.080905e-08,9.096152e-08,9.138113e-08,9.097986e-08,9.193947e-08,9.062220e-08,9.130187e-08,9.186356e-08,9.206480e-08,9.309040e-08,9.198315e-08,9.171835e-08,9.042883e-08,9.062846e-08,9.316668e-08,9.148536e-08,9.084844e-08,9.116070e-08,9.143390e-08,9.043911e-08,9.315219e-08,9.156083e-08,
9.217827e-08,9.088459e-08,9.126753e-08,9.154020e-08,9.055976e-08,9.012351e-08,8.991724e-08,9.135777e-08,9.054296e-08,9.186598e-08,9.231692e-08,9.210714e-08,9.070960e-08,9.036161e-08,8.988808e-08,9.124297e-08,9.198553e-08,9.164581e-08,9.071444e-08,9.224814e-08,9.006725e-08,8.927454e-08,9.102277e-08,9.061622e-08,9.045796e-08,9.011806e-08,9.109638e-08,9.121260e-08,8.991564e-08,9.047760e-08,9.058993e-08,9.140651e-08,9.018464e-08,9.216215e-08,9.132490e-08,9.092695e-08,9.219269e-08,9.132032e-08,9.221841e-08,9.208658e-08,9.335328e-08,9.162065e-08,9.090903e-08,8.990411e-08,9.184074e-08,8.980582e-08,9.057096e-08,9.205215e-08,9.091840e-08,9.144412e-08,9.104624e-08,9.177555e-08,9.112235e-08,9.250901e-08,9.272084e-08,9.126421e-08,9.025084e-08,9.038647e-08,8.993097e-08,9.050092e-08,9.185467e-08,9.120677e-08,9.155816e-08,9.192391e-08,
9.082312e-08,9.103466e-08,8.943545e-08,9.066172e-08,9.088683e-08,9.116447e-08,9.039988e-08,8.979048e-08,9.076370e-08,8.947864e-08,9.015617e-08,9.019510e-08,9.181104e-08,9.067481e-08,8.946191e-08,9.129661e-08,9.035973e-08,9.174492e-08,9.273781e-08,9.188573e-08,9.138292e-08,9.169839e-08,9.069457e-08,9.053653e-08,9.216010e-08,9.126071e-08,9.034156e-08,9.358379e-08,8.992993e-08,9.052042e-08,9.046212e-08,9.214074e-08,8.956900e-08,9.132413e-08,9.157519e-08,9.218478e-08,9.125935e-08,9.117894e-08,9.164743e-08,9.176793e-08,9.158465e-08,9.150491e-08,9.242719e-08,9.169808e-08,9.269737e-08,9.194658e-08,9.098385e-08,9.081306e-08,9.119301e-08,9.066960e-08,9.253412e-08,9.084416e-08,8.932531e-08,9.116705e-08,9.218368e-08,9.117251e-08,8.995138e-08,8.987628e-08,9.184218e-08,9.063206e-08,9.117975e-08,9.266401e-08,9.153666e-08,9.166620e-08,
9.213791e-08,9.178396e-08,9.326036e-08,9.205624e-08,9.010864e-08,9.232555e-08,9.049702e-08,9.076609e-08,9.033456e-08,9.056151e-08,9.390038e-08,9.100832e-08,9.102783e-08,8.983115e-08,9.095619e-08,9.087902e-08,9.218652e-08,9.060537e-08,9.011890e-08,9.329898e-08,9.199474e-08,9.061969e-08,9.021877e-08,9.062446e-08,9.285398e-08,9.403001e-08,9.251629e-08,9.158939e-08,9.048106e-08,9.226640e-08,9.001042e-08,9.052326e-08,9.037422e-08,8.976007e-08,9.068039e-08,9.171795e-08,9.130808e-08,9.094440e-08,9.139266e-08,8.929400e-08,9.193546e-08,9.231925e-08,9.048560e-08,9.120745e-08,9.103552e-08,9.129984e-08,9.068547e-08,9.000029e-08,9.146894e-08,9.010983e-08,9.273019e-08,9.106419e-08,9.001264e-08,9.287709e-08,9.072947e-08,9.051976e-08,9.132228e-08,9.093873e-08,9.168284e-08,8.945019e-08,9.375985e-08,9.131465e-08,9.070765e-08,9.079316e-08,
9.087442e-08,9.046096e-08,9.076857e-08,9.100921e-08,9.150884e-08,9.139505e-08,9.083837e-08,9.116501e-08,9.166089e-08,9.037722e-08,9.194339e-08,8.964028e-08,9.241548e-08,8.988622e-08,9.276343e-08,9.123111e-08,9.352962e-08,9.235439e-08,9.178183e-08,9.087867e-08,9.374692e-08,9.260929e-08,9.157273e-08,9.172201e-08,9.214236e-08,9.134279e-08,9.105349e-08,8.883599e-08,9.150007e-08,9.078591e-08,9.166897e-08,9.165923e-08,9.272626e-08,9.120252e-08,9.056555e-08,9.149735e-08,9.264032e-08,9.074429e-08,9.086152e-08,9.036000e-08,9.165458e-08,9.155422e-08,9.041143e-08,9.194846e-08,8.906090e-08,9.088085e-08,9.288656e-08,9.088710e-08,9.103555e-08,9.064347e-08,8.943650e-08,9.091850e-08,9.095097e-08,9.073379e-08,9.023748e-08,9.112926e-08,9.172342e-08,9.161945e-08,9.173356e-08,9.273703e-08,9.026362e-08,9.128517e-08,9.287252e-08,9.131083e-08,
9.191851e-08,9.157269e-08,9.019752e-08,9.080426e-08,9.018857e-08,9.124059e-08,9.093039e-08,8.997371e-08,9.110526e-08,9.159121e-08,9.231974e-08,9.074482e-08,9.081499e-08,9.086323e-08,9.360250e-08,9.141714e-08,9.017978e-08,9.182873e-08,9.297938e-08,8.949924e-08,9.480455e-08,9.190851e-08,9.169295e-08,8.979870e-08,9.048131e-08,9.251633e-08,9.029032e-08,9.146996e-08,9.107857e-08,9.036225e-08,9.046332e-08,9.179133e-08,9.117793e-08,9.113228e-08,9.250069e-08,9.046255e-08,9.123257e-08,9.048999e-08,9.356448e-08,9.079428e-08,9.036854e-08,9.156309e-08,9.237283e-08,9.256922e-08,9.210245e-08,9.046240e-08,9.137935e-08,9.178227e-08,9.016660e-08,9.270496e-08,9.057958e-08,9.144543e-08,9.197584e-08,9.141498e-08,9.113741e-08,9.219327e-08,9.125600e-08,9.293925e-08,9.015812e-08,9.240713e-08,9.133002e-08,9.229252e-08,8.930516e-08,9.351665e-08,
9.110551e-08,8.994659e-08,9.216857e-08,9.064594e-08,9.260014e-08,8.979661e-08,9.139569e-08,9.242572e-08,9.230040e-08,9.137084e-08,9.106006e-08,9.178620e-08,9.209450e-08,9.058697e-08,9.293749e-08,9.055309e-08,9.142243e-08,9.176105e-08,9.165796e-08,9.346410e-08,9.146585e-08,9.162307e-08,9.013697e-08,9.042475e-08,9.051336e-08,9.203687e-08,9.045471e-08,9.150908e-08,9.223507e-08,9.094742e-08,9.263354e-08,9.102546e-08,9.117478e-08,9.308834e-08,9.101871e-08,8.915415e-08,9.147684e-08,9.146310e-08,9.044053e-08,9.064575e-08,9.190207e-08,8.991393e-08,9.095641e-08,9.157666e-08,9.226700e-08,9.121588e-08,9.210239e-08,9.040877e-08,9.155195e-08,9.228463e-08,9.205946e-08,9.031183e-08,9.094500e-08,9.022202e-08,9.005682e-08,9.018916e-08,9.212476e-08,9.227108e-08,9.142188e-08,9.205792e-08,9.163303e-08,8.994469e-08,9.268867e-08,9.245546e-08,
9.140565e-08,8.978966e-08,9.011779e-08,9.053348e-08,9.182382e-08,9.162659e-08,9.033084e-08,9.206227e-08,9.193439e-08,8.911406e-08,8.994478e-08,9.090721e-08,9.300509e-08,9.117781e-08,9.072896e-08,9.068067e-08,9.150444e-08,9.143968e-08,9.023600e-08,9.136260e-08,9.118119e-08,9.090280e-08,9.207624e-08,9.233837e-08,8.997389e-08,9.187252e-08,9.159343e-08,9.082044e-08,8.980185e-08,9.102184e-08,9.134120e-08,8.991586e-08,8.991097e-08,9.177465e-08,8.994802e-08,9.125521e-08,9.044543e-08,9.054489e-08,9.105354e-08,9.218708e-08,9.219539e-08,9.222811e-08,9.053671e-08,9.046858e-08,9.123557e-08,8.973536e-08,9.261051e-08,9.099525e-08,9.141637e-08,9.228445e-08,9.070138e-08,9.123611e-08,9.111128e-08,9.239159e-08,9.097683e-08,9.164899e-08,9.057638e-08,9.286253e-08,9.180311e-08,8.950647e-08,9.265590e-08,9.036199e-08,9.105738e-08,8.906869e-08,
9.127217e-08,9.034656e-08,9.213624e-08,9.204393e-08,9.263394e-08,9.204312e-08,9.070802e-08,9.094349e-08,9.090255e-08,9.089997e-08,9.116226e-08,9.232113e-08,9.090522e-08,9.224172e-08,8.914053e-08,9.113057e-08,9.169314e-08,9.214445e-08,9.171793e-08,8.965354e-08,9.221134e-08,9.101525e-08,8.973776e-08,9.132311e-08,9.122816e-08,9.122184e-08,9.101686e-08,9.110843e-08,9.052902e-08,9.059318e-08,9.290837e-08,9.126314e-08,9.269265e-08,9.009501e-08,9.254161e-08,9.177099e-08,9.055507e-08,8.929087e-08,9.005779e-08,9.163961e-08,9.258249e-08,9.245139e-08,9.198766e-08,9.118318e-08,9.371040e-08,9.134030e-08,9.006753e-08,9.098601e-08,8.932279e-08,9.159188e-08,9.078291e-08,9.110367e-08,9.039447e-08,9.037702e-08,8.994305e-08,9.106409e-08,9.175650e-08,9.032890e-08,9.247471e-08,9.010699e-08,8.981205e-08,9.037789e-08,9.165624e-08,9.055671e-08,
9.028257e-08,9.157665e-08,9.049463e-08,9.112688e-08,9.202564e-08,9.365705e-08,9.288793e-08,9.031514e-08,9.163731e-08,9.186503e-08,8.845344e-08,9.180937e-08,9.087600e-08,8.942457e-08,9.166813e-08,8.952471e-08,9.046348e-08,9.079495e-08,9.132809e-08,9.054602e-08,9.048494e-08,9.114896e-08,9.183719e-08,8.982415e-08,9.037540e-08,9.197027e-08,9.011676e-08,9.157078e-08,8.986984e-08,9.022573e-08,8.970778e-08,9.074074e-08,9.221629e-08,9.001988e-08,8.924145e-08,9.155320e-08,9.012817e-08,8.940965e-08,9.188869e-08,9.234500e-08,9.063193e-08,9.216097e-08,9.021114e-08,9.207873e-08,9.179873e-08,9.068938e-08,9.041377e-08,9.175618e-08,9.142758e-08,9.166613e-08,9.011599e-08,9.189060e-08,9.268063e-08,8.977421e-08,9.068575e-08,8.997662e-08,9.180295e-08,8.960689e-08,9.181460e-08,9.112281e-08,8.953311e-08,9.078870e-08,9.116776e-08,9.227315e-08,
9.209856e-08,9.140965e-08,9.356550e-08,9.162710e-08,9.205533e-08,8.959241e-08,9.241428e-08,9.199605e-08,9.209978e-08,8.983761e-08,9.085503e-08,9.053862e-08,8.922594e-08,9.151485e-08,9.129723e-08,9.232770e-08,9.292053e-08,9.072857e-08,8.988695e-08,9.188585e-08,9.226983e-08,9.176011e-08,9.112673e-08,9.232650e-08,9.275909e-08,9.053067e-08,9.052780e-08,9.185842e-08,9.115615e-08,9.028367e-08,9.192903e-08,9.138119e-08,8.993075e-08,9.140064e-08,9.093973e-08,9.100787e-08,9.086553e-08,9.279134e-08,9.079733e-08,9.189586e-08,9.074048e-08,9.212412e-08,9.010798e-08,9.275583e-08,9.055940e-08,9.121516e-08,9.058111e-08,9.250831e-08,9.013193e-08,9.160462e-08,9.311202e-08,9.220779e-08,9.345249e-08,9.245677e-08,9.132768e-08,9.065681e-08,9.179778e-08,9.169817e-08,9.084462e-08,9.075758e-08,9.093833e-08,9.238867e-08,9.134426e-08,9.261721e-08,
9.108712e-08,9.055336e-08,9.138169e-08,9.239214e-08,9.161786e-08,9.059681e-08,9.006011e-08,9.030901e-08,9.215208e-08,9.078744e-08,9.203685e-08,9.106507e-08,9.088325e-08,9.136593e-08,9.238324e-08,9.150498e-08,9.114159e-08,8.931686e-08,9.224246e-08,9.285371e-08,8.918955e-08,9.092080e-08,9.027744e-08,9.282693e-08,9.268170e-08,9.215006e-08,9.049418e-08,9.040134e-08,9.138317e-08,9.109927e-08,8.955799e-08,9.233162e-08,9.182315e-08,9.052285e-08,9.155774e-08,9.117005e-08,9.001292e-08,9.240292e-08,9.158423e-08,9.284588e-08,9.388660e-08,9.165731e-08,9.011883e-08,8.992900e-08,9.182537e-08,9.202251e-08,9.250362e-08,9.193653e-08,9.081316e-08,9.012326e-08,9.044121e-08,9.456873e-08,9.124432e-08,9.072163e-08,9.013417e-08,8.931942e-08,8.966939e-08,9.290063e-08,9.018747e-08,9.117139e-08,9.102828e-08,9.130127e-08,9.170680e-08,8.922151e-08,
9.280782e-08,9.331724e-08,9.183168e-08,9.173134e-08,9.103320e-08,9.088093e-08,8.812335e-08,9.134503e-08,9.109739e-08,9.069293e-08,9.215475e-08,8.974238e-08,9.147797e-08,8.955475e-08,9.069820e-08,9.207116e-08,9.198277e-08,9.143671e-08,9.111902e-08,9.000588e-08,9.146757e-08,9.169133e-08,9.121952e-08,9.183293e-08,9.146775e-08,9.033799e-08,9.022626e-08,9.083552e-08,9.129047e-08,9.107855e-08,9.245428e-08,9.014686e-08,9.045248e-08,9.000280e-08,9.171415e-08,9.132219e-08,8.940689e-08,9.261345e-08,9.156963e-08,9.129568e-08,9.224933e-08,9.256367e-08,9.080436e-08,9.242907e-08,9.219799e-08,9.055490e-08,9.211710e-08,9.075689e-08,9.180970e-08,9.065161e-08,9.304059e-08,9.173275e-08,9.115521e-08,9.032118e-08,9.122496e-08,9.049549e-08,9.038877e-08,9.345875e-08,9.090257e-08,9.091497e-08,9.246213e-08,9.242829e-08,9.125987e-08,9.156609e-08,
9.202604e-08,9.191143e-08,9.213899e-08,9.120908e-08,9.086411e-08,9.231212e-08,9.215753e-08,9.034709e-08,9.215819e-08,9.138552e-08,9.190740e-08,9.208783e-08,9.224582e-08,9.279274e-08,9.018357e-08,9.359803e-08,9.203507e-08,9.142916e-08,9.161297e-08,9.180028e-08,9.117725e-08,9.089162e-08,9.215086e-08,8.893458e-08,9.080046e-08,9.029466e-08,9.258216e-08,9.045205e-08,9.187069e-08,9.133981e-08,9.012533e-08,9.123673e-08,9.095142e-08,9.404538e-08,9.089873e-08,9.108826e-08,9.055968e-08,9.042762e-08,8.962530e-08,9.042712e-08,9.045392e-08,9.204198e-08,8.970801e-08,9.226624e-08,9.199003e-08,9.018346e-08,9.274970e-08,9.075453e-08,9.082174e-08,9.009816e-08,9.203946e-08,9.137066e-08,9.189319e-08,8.957491e-08,9.062033e-08,9.025498e-08,9.068409e-08,9.031896e-08,9.216934e-08,9.178636e-08,9.171581e-08,9.113960e-08,9.217257e-08,8.977699e-08,
9.255100e-08,9.030939e-08,9.069711e-08,9.160940e-08,9.374157e-08,9.115178e-08,9.077475e-08,9.121822e-08,9.029166e-08,9.146205e-08,9.097745e-08,9.094929e-08,9.130274e-08,9.163896e-08,9.120587e-08,9.000461e-08,9.126133e-08,9.170801e-08,9.192600e-08,9.111130e-08,8.963888e-08,9.030133e-08,9.066853e-08,9.159020e-08,9.023089e-08,8.948931e-08,8.988191e-08,9.119584e-08,9.160535e-08,9.122299e-08,9.268176e-08,9.100842e-08,9.172307e-08,9.287789e-08,8.944563e-08,9.008027e-08,9.133756e-08,9.194224e-08,9.125064e-08,9.082982e-08,9.012581e-08,9.119425e-08,9.419268e-08,9.046673e-08,9.068627e-08,9.310892e-08,9.143065e-08,8.998782e-08,9.100518e-08,8.962127e-08,8.954264e-08,9.192165e-08,8.908561e-08,9.071987e-08,9.226285e-08,9.123942e-08,9.235081e-08,9.136164e-08,9.010400e-08,9.060363e-08,9.320763e-08,9.063581e-08,9.106114e-08,9.157334e-08,
9.093598e-08,9.084071e-08,9.108286e-08,9.344107e-08,9.097976e-08,9.122096e-08,8.941121e-08,9.182970e-08,8.980227e-08,9.053758e-08,9.274729e-08,9.005144e-08,8.940751e-08,9.070292e-08,9.091710e-08,9.348938e-08,9.106259e-08,9.071000e-08,9.164585e-08,9.075836e-08,9.086241e-08,9.083246e-08,9.178772e-08,8.996909e-08,9.124815e-08,9.134079e-08,9.057067e-08,9.181642e-08,9.173813e-08,9.092917e-08,9.243984e-08,9.097210e-08,8.979219e-08,9.117601e-08,9.202327e-08,9.059044e-08,9.193639e-08,9.191210e-08,9.069290e-08,9.322555e-08,9.121454e-08,9.121022e-08,8.979415e-08,9.232740e-08,9.195907e-08,8.986488e-08,9.101142e-08,9.049606e-08,9.063696e-08,9.162664e-08,8.973345e-08,8.972458e-08,9.097388e-08,9.210812e-08,9.017215e-08,9.155642e-08,9.138549e-08,9.011693e-08,9.250001e-08,9.090264e-08,9.249962e-08,9.165856e-08,9.034038e-08,9.059979e-08,
9.263163e-08,9.030834e-08,9.146826e-08,9.087172e-08,9.343776e-08,9.094478e-08,9.191104e-08,8.943913e-08,9.232350e-08,9.093891e-08,9.001334e-08,9.132278e-08,9.098801e-08,9.117109e-08,9.233716e-08,9.174183e-08,9.112922e-08,9.093134e-08,9.077684e-08,9.053961e-08,9.118374e-08,9.100995e-08,9.223389e-08,9.195694e-08,9.048798e-08,9.146644e-08,9.350952e-08,9.111907e-08,8.966842e-08,9.227067e-08,9.150167e-08,9.284265e-08,9.049474e-08,9.135714e-08,8.997732e-08,9.055797e-08,9.039019e-08,8.968752e-08,9.255469e-08,9.044434e-08,9.125379e-08,9.061187e-08,9.036365e-08,9.069181e-08,9.066023e-08,9.089903e-08,9.176750e-08,8.977597e-08,9.140070e-08,9.006899e-08,9.081334e-08,9.165751e-08,9.233324e-08,9.054486e-08,9.124187e-08,9.326993e-08,8.902453e-08,8.997266e-08,9.194015e-08,8.958381e-08,9.037649e-08,9.129057e-08,9.088761e-08,8.974726e-08,
8.965969e-08,9.149996e-08,9.058376e-08,9.140505e-08,9.221523e-08,9.014503e-08,9.185760e-08,9.144688e-08,9.210971e-08,9.101726e-08,9.031146e-08,9.280947e-08,9.325784e-08,9.186231e-08,9.254364e-08,9.175397e-08,9.108479e-08,9.090165e-08,8.954388e-08,9.165380e-08,9.188689e-08,9.074505e-08,9.019403e-08,9.030700e-08,9.107513e-08,9.066098e-08,9.107510e-08,9.101264e-08,9.268916e-08,9.172484e-08,9.057359e-08,8.994790e-08,9.275543e-08,9.219334e-08,9.084968e-08,9.187282e-08,9.368246e-08,9.288950e-08,9.162284e-08,9.295807e-08,9.184864e-08,9.140181e-08,9.308912e-08,9.266198e-08,9.139791e-08,9.170024e-08,9.176088e-08,9.069434e-08,9.038457e-08,9.106895e-08,9.112417e-08,9.225863e-08,9.112020e-08,9.137756e-08,9.065890e-08,9.094189e-08,9.194708e-08,8.945401e-08,9.296516e-08,9.102344e-08,9.084366e-08,9.342962e-08,9.188263e-08,9.040516e-08,
9.171015e-08,9.235134e-08,8.884734e-08,9.059163e-08,9.023853e-08,9.045620e-08,9.095155e-08,9.112112e-08,9.007841e-08,9.051941e-08,9.135541e-08,8.989005e-08,9.229177e-08,9.363529e-08,9.220270e-08,9.063206e-08,9.140853e-08,9.129336e-08,9.086196e-08,9.195071e-08,9.164231e-08,9.115400e-08,9.092924e-08,8.954383e-08,8.839125e-08,9.030656e-08,9.111314e-08,9.101842e-08,9.048290e-08,9.171278e-08,9.240186e-08,9.154330e-08,9.165155e-08,9.114704e-08,8.974481e-08,9.103041e-08,9.132093e-08,8.950340e-08,9.010440e-08,9.104821e-08,9.165507e-08,9.218768e-08,8.850995e-08,9.169022e-08,9.239301e-08,9.141172e-08,9.141136e-08,9.065375e-08,9.164596e-08,9.241085e-08,9.075222e-08,9.095529e-08,9.217028e-08,9.227876e-08,8.925330e-08,9.094097e-08,9.109751e-08,9.009803e-08,9.154172e-08,9.287927e-08,9.272594e-08,9.352638e-08,9.192793e-08,9.158701e-08,
9.006858e-08,9.110014e-08,9.230052e-08,9.241706e-08,9.052679e-08,9.091583e-08,9.037562e-08,9.039229e-08,9.406380e-08,9.001099e-08,8.985230e-08,9.207593e-08,9.077501e-08,9.016672e-08,9.180834e-08,9.157962e-08,9.127683e-08,9.250795e-08,9.103399e-08,9.227441e-08,9.151369e-08,9.300929e-08,9.101172e-08,9.202299e-08,9.185806e-08,8.896429e-08,9.142121e-08,9.207115e-08,9.153172e-08,8.954950e-08,9.096842e-08,9.061281e-08,9.094787e-08,9.070482e-08,9.167303e-08,9.117852e-08,9.106482e-08,9.131731e-08,8.983963e-08,9.304813e-08,9.096708e-08,9.048426e-08,9.343293e-08,9.386003e-08,9.293072e-08,9.087906e-08,9.229359e-08,9.209216e-08,9.117834e-08,9.096321e-08,9.152122e-08,9.089899e-08,9.107071e-08,9.100298e-08,9.147421e-08,9.200072e-08,9.129896e-08,8.978270e-08,9.035664e-08,9.080517e-08,9.153915e-08,9.026591e-08,9.045408e-08,9.193074e-08,
9.171629e-08,9.265002e-08,9.220988e-08,9.174451e-08,9.027210e-08,8.928815e-08,9.215829e-08,9.195593e-08,9.171201e-08,8.999345e-08,9.396768e-08,8.932112e-08,9.134130e-08,9.092506e-08,9.240150e-08,9.075849e-08,9.227009e-08,9.099250e-08,9.109330e-08,9.175994e-08,9.231625e-08,9.141256e-08,9.031969e-08,9.215063e-08,9.152075e-08,9.033931e-08,9.123160e-08,9.150625e-08,9.134120e-08,9.058807e-08,9.090919e-08,9.093042e-08,9.101545e-08,8.966115e-08,9.021611e-08,9.218786e-08,9.193936e-08,9.001178e-08,9.093887e-08,9.255214e-08,9.110902e-08,8.957052e-08,9.150443e-08,9.052326e-08,9.204441e-08,9.045858e-08,8.991594e-08,9.352494e-08,8.950703e-08,9.021185e-08,9.183398e-08,9.054629e-08,9.340607e-08,9.307146e-08,9.198241e-08,9.011464e-08,9.363854e-08,9.125328e-08,9.180432e-08,8.923109e-08,9.007457e-08,9.255726e-08,9.119836e-08,9.075769e-08,
9.245742e-08,9.094544e-08,9.059092e-08,8.874775e-08,9.023023e-08,8.949277e-08,9.049654e-08,9.007858e-08,8.934980e-08,9.116404e-08,9.024576e-08,9.350779e-08,9.065262e-08,9.080616e-08,9.194479e-08,9.102874e-08,9.046152e-08,8.967910e-08,9.082864e-08,9.016504e-08,8.983678e-08,9.108313e-08,9.035468e-08,8.905796e-08,9.183480e-08,9.199076e-08,9.161865e-08,9.093826e-08,9.150050e-08,9.048011e-08,9.227602e-08,9.070949e-08,9.156637e-08,9.249518e-08,9.069328e-08,9.095576e-08,9.105276e-08,9.157418e-08,9.338363e-08,8.962571e-08,9.208629e-08,9.219133e-08,9.119748e-08,8.991765e-08,9.057126e-08,9.006103e-08,9.264966e-08,9.025868e-08,8.942186e-08,9.297684e-08,9.126689e-08,9.022152e-08,9.132878e-08,9.201024e-08,9.109264e-08,9.137942e-08,9.167012e-08,8.898623e-08,9.260806e-08,9.133617e-08,9.175433e-08,9.100770e-08,9.183290e-08,9.145077e-08,
9.137997e-08,9.034266e-08,9.194091e-08,9.163261e-08,9.258248e-08,9.299099e-08,9.135520e-08,9.054318e-08,9.060171e-08,9.335181e-08,9.132829e-08,8.956446e-08,9.065442e-08,9.032720e-08,9.215566e-08,9.170835e-08,9.234808e-08,9.026932e-08,9.340245e-08,9.044303e-08,9.113945e-08,8.990491e-08,9.072241e-08,9.235726e-08,8.950665e-08,9.074692e-08,9.128411e-08,9.068009e-08,9.165221e-08,8.868890e-08,9.019437e-08,9.071714e-08,8.989775e-08,9.158813e-08,9.145404e-08,9.120896e-08,9.057948e-08,9.107336e-08,9.182537e-08,9.014762e-08,9.117294e-08,9.054905e-08,9.087097e-08,9.103560e-08,9.181303e-08,9.051628e-08,9.122045e-08,9.104095e-08,9.186436e-08,9.014954e-08,9.067237e-08,9.081469e-08,9.141973e-08,9.259268e-08,9.080127e-08,9.056734e-08,9.185853e-08,9.196984e-08,9.090885e-08,9.071588e-08,9.184687e-08,9.153940e-08,9.050787e-08,9.200970e-08,
9.190753e-08,9.122592e-08,9.257570e-08,9.069394e-08,9.254114e-08,9.211281e-08,9.016966e-08,8.967867e-08,9.111964e-08,9.185000e-08,9.195923e-08,9.001937e-08,9.137836e-08,9.121131e-08,9.102216e-08,9.340678e-08,9.128548e-08,9.134469e-08,9.160256e-08,9.206277e-08,9.305283e-08,9.068671e-08,9.357361e-08,9.127091e-08,8.982149e-08,9.087409e-08,9.194132e-08,9.057544e-08,9.177366e-08,9.150454e-08,9.102222e-08,8.997344e-08,9.215473e-08,9.034264e-08,9.118846e-08,9.043816e-08,9.271244e-08,9.195967e-08,9.218848e-08,9.145009e-08,9.175533e-08,9.087270e-08,9.135694e-08,9.044701e-08,9.183449e-08,9.280504e-08,9.123580e-08,9.206265e-08,9.027985e-08,9.000652e-08,9.162889e-08,9.391694e-08,9.026208e-08,9.072405e-08,9.101986e-08,9.161765e-08,8.968432e-08,9.127429e-08,9.164925e-08,9.250515e-08,9.127172e-08,9.104117e-08,9.247606e-08,9.170319e-08,
9.227260e-08,9.039808e-08,9.107549e-08,9.132193e-08,9.086606e-08,8.918543e-08,9.132824e-08,8.965435e-08,9.175427e-08,8.988729e-08,8.917981e-08,9.307363e-08,9.033166e-08,8.956606e-08,8.988237e-08,9.072937e-08,9.064879e-08,9.163388e-08,9.048786e-08,9.095899e-08,9.223433e-08,9.077010e-08,9.123590e-08,9.288403e-08,9.090231e-08,9.086487e-08,9.198934e-08,9.230548e-08,9.348484e-08,9.023845e-08,9.251304e-08,9.221602e-08,9.285070e-08,8.966616e-08,9.149772e-08,9.092784e-08,9.183570e-08,9.117972e-08,9.154783e-08,8.996202e-08,8.960642e-08,9.120306e-08,9.247459e-08,9.129183e-08,9.169697e-08,9.200128e-08,9.311858e-08,9.188798e-08,9.199075e-08,9.186016e-08,9.199049e-08,9.118132e-08,9.193271e-08,9.074076e-08,9.188726e-08,9.297317e-08,9.089108e-08,9.072066e-08,9.056437e-08,8.989298e-08,9.278744e-08,9.198601e-08,9.163127e-08,9.012362e-08,
9.208056e-08,9.050693e-08,9.405933e-08,9.155142e-08,9.088718e-08,9.050346e-08,9.085290e-08,9.219189e-08,9.018211e-08,9.247674e-08,9.107218e-08,9.185827e-08,9.089160e-08,9.274652e-08,9.036311e-08,9.159281e-08,9.104819e-08,8.993972e-08,9.089785e-08,9.040019e-08,9.094378e-08,9.132325e-08,9.288361e-08,9.063790e-08,9.216171e-08,9.153294e-08,9.182882e-08,9.039947e-08,9.094124e-08,9.149860e-08,9.088592e-08,9.221526e-08,9.007966e-08,9.218497e-08,8.946731e-08,9.167369e-08,9.134934e-08,9.220740e-08,9.265105e-08,9.232978e-08,9.010784e-08,9.220376e-08,9.089932e-08,9.051077e-08,9.166653e-08,8.956590e-08,9.181374e-08,9.149427e-08,9.012323e-08,9.127063e-08,9.135153e-08,9.151407e-08,9.144585e-08,9.336854e-08,9.078258e-08,9.094529e-08,9.036047e-08,9.195569e-08,9.038767e-08,9.148839e-08,9.112968e-08,8.967455e-08,9.226909e-08,8.887601e-08,
9.006697e-08,9.109898e-08,9.112139e-08,9.014464e-08,9.032185e-08,9.218117e-08,9.175815e-08,9.095771e-08,9.028545e-08,9.008872e-08,9.049987e-08,8.978978e-08,9.124170e-08,9.107647e-08,9.040833e-08,9.310316e-08,9.131711e-08,9.295865e-08,9.190998e-08,9.262577e-08,9.153782e-08,9.116689e-08,9.019874e-08,9.199356e-08,9.167191e-08,8.897459e-08,9.134804e-08,9.350868e-08,9.082737e-08,8.997476e-08,9.019151e-08,9.245574e-08,9.104969e-08,8.997921e-08,9.227856e-08,9.113732e-08,9.229174e-08,8.936249e-08,9.084457e-08,9.085202e-08,9.048484e-08,9.102266e-08,9.206921e-08,9.095701e-08,9.225509e-08,9.124351e-08,9.202183e-08,9.152150e-08,9.158833e-08,9.213847e-08,9.246003e-08,9.266663e-08,9.053365e-08,9.121240e-08,9.307353e-08,9.061496e-08,9.144792e-08,9.289823e-08,9.257028e-08,9.067403e-08,9.160459e-08,9.118253e-08,9.140220e-08,9.157288e-08,
9.266292e-08,9.071010e-08,9.191011e-08,9.262626e-08,9.349339e-08,8.924382e-08,9.188648e-08,9.259207e-08,9.118265e-08,9.308327e-08,9.161214e-08,9.285425e-08,9.096981e-08,9.196791e-08,9.237802e-08,9.055574e-08,9.189469e-08,8.995974e-08,9.285283e-08,9.204349e-08,8.997332e-08,9.076033e-08,9.222098e-08,9.151957e-08,9.173393e-08,9.201035e-08,8.991479e-08,9.199381e-08,9.114778e-08,9.002344e-08,9.106808e-08,9.282468e-08,9.265219e-08,9.057988e-08,9.214611e-08,9.237109e-08,9.012873e-08,9.175145e-08,9.222969e-08,9.077814e-08,8.994012e-08,9.228421e-08,9.236466e-08,8.997934e-08,9.097472e-08,9.062321e-08,9.165978e-08,9.245534e-08,8.901812e-08,9.298845e-08,9.312211e-08,9.185382e-08,9.197344e-08,9.077464e-08,9.223526e-08,9.104343e-08,9.252691e-08,9.040664e-08,9.027379e-08,9.084400e-08,9.224751e-08,9.230494e-08,9.209091e-08,9.155535e-08,
8.991610e-08,9.163727e-08,9.152069e-08,9.056810e-08,9.270708e-08,9.141132e-08,9.031461e-08,9.184000e-08,9.286472e-08,9.016766e-08,9.120568e-08,9.112229e-08,9.240847e-08,9.214083e-08,9.136987e-08,9.143292e-08,9.150033e-08,9.185097e-08,9.138192e-08,9.135448e-08,9.001722e-08,9.160492e-08,8.971570e-08,9.157940e-08,9.142617e-08,9.025686e-08,9.031516e-08,9.139783e-08,9.077510e-08,9.003405e-08,9.277341e-08,9.252294e-08,9.108898e-08,8.951727e-08,9.264955e-08,9.175823e-08,8.950075e-08,9.223145e-08,9.136086e-08,9.225512e-08,9.027482e-08,9.258258e-08,9.179511e-08,9.031918e-08,8.961533e-08,9.248817e-08,9.237764e-08,9.046835e-08,9.093603e-08,9.093729e-08,9.101519e-08,8.920190e-08,9.093410e-08,9.043063e-08,9.165506e-08,9.044019e-08,9.051672e-08,9.087350e-08,9.214901e-08,9.131839e-08,8.922715e-08,9.153832e-08,9.170717e-08,9.300044e-08,
9.212162e-08,9.120960e-08,9.178007e-08,8.965003e-08,9.174563e-08,9.161443e-08,9.071080e-08,8.898618e-08,9.102265e-08,9.131390e-08,9.111419e-08,9.144919e-08,9.125967e-08,8.947021e-08,9.245568e-08,9.121721e-08,9.067315e-08,9.161612e-08,9.300543e-08,9.248156e-08,9.037198e-08,9.083669e-08,9.134816e-08,9.069300e-08,9.039980e-08,9.224616e-08,9.054807e-08,9.220533e-08,8.970710e-08,8.971371e-08,9.035117e-08,9.050709e-08,9.329613e-08,8.961918e-08,9.125381e-08,9.333762e-08,8.890789e-08,9.108876e-08,9.114016e-08,9.235305e-08,9.156635e-08,9.222699e-08,9.222618e-08,9.085445e-08,9.095656e-08,9.004127e-08,9.162750e-08,9.093732e-08,9.450071e-08,9.040977e-08,9.082824e-08,9.045552e-08,8.824315e-08,8.977822e-08,9.278143e-08,9.231391e-08,9.019645e-08,8.901461e-08,9.059350e-08,9.151322e-08,9.260419e-08,9.026661e-08,9.066636e-08,9.193428e-08,
9.205149e-08,9.157836e-08,9.112885e-08,9.065950e-08,9.106163e-08,9.196978e-08,9.125756e-08,9.238500e-08,9.100916e-08,9.017762e-08,9.294717e-08,9.106902e-08,9.274050e-08,9.196607e-08,9.045962e-08,9.250399e-08,8.964273e-08,9.042439e-08,9.061978e-08,9.168354e-08,9.102223e-08,9.096452e-08,9.067378e-08,9.349097e-08,9.176587e-08,9.103624e-08,9.089421e-08,9.156804e-08,9.107754e-08,8.958482e-08,9.175437e-08,9.166993e-08,9.165458e-08,9.139480e-08,9.194417e-08,9.057304e-08,9.165369e-08,9.280061e-08,9.039050e-08,9.050208e-08,9.246828e-08,9.222231e-08,8.994726e-08,9.271360e-08,9.003908e-08,9.007440e-08,9.329237e-08,9.326822e-08,9.144682e-08,9.046023e-08,9.084945e-08,9.262077e-08,9.026360e-08,9.123068e-08,9.101102e-08,8.927796e-08,9.202925e-08,9.099312e-08,8.867476e-08,9.194789e-08,9.148514e-08,9.057640e-08,9.156670e-08,9.213442e-08,
9.131141e-08,9.082958e-08,9.148050e-08,9.180896e-08,9.025714e-08,9.178076e-08,9.190041e-08,9.212375e-08,9.096137e-08,9.194669e-08,9.256654e-08,9.111060e-08,9.140348e-08,9.119331e-08,9.187615e-08,9.256937e-08,9.152043e-08,9.030862e-08,8.887882e-08,9.138900e-08,9.062408e-08,9.246656e-08,9.041719e-08,9.017953e-08,9.050127e-08,9.224604e-08,9.039984e-08,9.034954e-08,9.044482e-08,9.131403e-08,8.990616e-08,9.157148e-08,8.984160e-08,9.073216e-08,8.978129e-08,9.104326e-08,9.057400e-08,9.036108e-08,9.087031e-08,9.121537e-08,9.072079e-08,9.197453e-08,9.256154e-08,9.159084e-08,9.016405e-08,9.031332e-08,9.064476e-08,9.230948e-08,9.089925e-08,9.099288e-08,9.068355e-08,9.013887e-08,9.173743e-08,9.004904e-08,8.986074e-08,9.115474e-08,9.279588e-08,8.981487e-08,9.198655e-08,9.147223e-08,9.016334e-08,8.928982e-08,9.146020e-08,8.996864e-08,
9.229640e-08,9.104566e-08,9.188845e-08,9.220505e-08,8.935295e-08,8.941001e-08,9.170608e-08,9.102653e-08,9.077020e-08,9.291347e-08,9.213940e-08,8.958366e-08,9.243395e-08,9.201297e-08,9.081476e-08,9.022166e-08,9.140050e-08,9.076383e-08,8.901412e-08,9.018095e-08,9.082505e-08,9.085337e-08,9.073667e-08,9.335151e-08,9.151121e-08,9.125530e-08,9.147949e-08,9.004291e-08,9.098175e-08,9.085701e-08,8.926905e-08,9.079521e-08,9.069460e-08,9.077282e-08,8.996161e-08,9.224951e-08,9.077411e-08,8.957533e-08,9.174917e-08,9.077105e-08,9.276265e-08,9.162346e-08,9.062844e-08,9.169843e-08,9.245889e-08,9.242996e-08,9.049676e-08,8.876631e-08,9.114023e-08,9.115975e-08,8.964863e-08,8.882499e-08,9.228180e-08,9.025404e-08,9.028563e-08,9.053097e-08,9.115005e-08,9.399302e-08,9.098778e-08,9.073115e-08,9.190555e-08,9.022004e-08,9.036602e-08,9.017058e-08,
9.192601e-08,9.149318e-08,9.051755e-08,8.951398e-08,9.270283e-08,9.050043e-08,9.244390e-08,9.186322e-08,9.325192e-08,9.137067e-08,9.194548e-08,9.209245e-08,9.079739e-08,8.955417e-08,9.021334e-08,9.092595e-08,9.079567e-08,8.943726e-08,9.332693e-08,9.196068e-08,8.973263e-08,9.064901e-08,9.080907e-08,9.249859e-08,9.083817e-08,9.035888e-08,9.199682e-08,9.211005e-08,9.083510e-08,9.019293e-08,9.197036e-08,9.322773e-08,9.222500e-08,8.955193e-08,9.171258e-08,8.963478e-08,9.064473e-08,9.022074e-08,8.926857e-08,8.874123e-08,9.250920e-08,9.196511e-08,9.146336e-08,9.169931e-08,8.957538e-08,9.130588e-08,9.206221e-08,9.225800e-08,9.195043e-08,9.097809e-08,9.053355e-08,9.173676e-08,9.125632e-08,9.155023e-08,9.197139e-08,8.998248e-08,9.217537e-08,9.080106e-08,9.008401e-08,9.093826e-08,9.230460e-08,9.039912e-08,9.182184e-08,9.059034e-08,
9.010938e-08,8.958733e-08,8.985763e-08,9.179157e-08,8.994935e-08,9.246628e-08,9.067031e-08,8.995418e-08,9.096578e-08,9.249556e-08,9.080900e-08,9.201354e-08,9.179654e-08,9.108434e-08,9.076522e-08,8.986458e-08,8.917096e-08,9.055005e-08,9.087769e-08,9.110442e-08,8.927487e-08,9.038841e-08,9.060512e-08,9.023823e-08,9.091656e-08,9.146466e-08,9.055133e-08,9.077732e-08,9.173132e-08,9.101775e-08,9.170389e-08,9.206445e-08,9.213827e-08,9.341709e-08,9.255740e-08,9.084637e-08,9.187656e-08,9.219915e-08,9.004708e-08,8.951668e-08,8.825905e-08,9.050360e-08,9.246775e-08,9.148442e-08,8.973719e-08,9.115216e-08,9.196971e-08,9.132367e-08,9.169088e-08,8.927084e-08,9.007709e-08,9.091650e-08,9.263192e-08,9.181571e-08,9.126228e-08,9.150595e-08,8.943135e-08,9.077259e-08,9.313618e-08,9.098582e-08,9.067301e-08,9.082288e-08,9.205369e-08,9.254750e-08,
===
9.391470e-08,9.302897e-08,9.358149e-08,9.393333e-08,9.442642e-08,9.383046e-08,9.359624e-08,9.453640e-08,9.212194e-08,9.454313e-08,9.358259e-08,9.503592e-08,9.439403e-08,9.453832e-08,9.353013e-08,9.442483e-08,9.236682e-08,9.136163e-08,9.303202e-08,9.345435e-08,9.286287e-08,9.332575e-08,9.359157e-08,9.439009e-08,9.456828e-08,9.202413e-08,9.387166e-08,9.356988e-08,9.265329e-08,9.293212e-08,9.348074e-08,9.400160e-08,9.469443e-08,9.470988e-08,9.394974e-08,9.396498e-08,9.436626e-08,9.331351e-08,9.230239e-08,9.292720e-08,9.373170e-08,9.419979e-08,9.386210e-08,9.306270e-08,9.281935e-08,9.350993e-08,9.312709e-08,9.328845e-08,9.441230e-08,9.430640e-08,9.465465e-08,9.317775e-08,9.349680e-08,9.570536e-08,9.255359e-08,9.278899e-08,9.323941e-08,9.463346e-08,9.511728e-08,9.379532e-08,9.338700e-08,9.426537e-08,9.299911e-08,9.290903e-08,
9.399326e-08,9.145628e-08,9.335839e-08,9.360629e-08,9.348897e-08,9.460633e-08,9.389337e-08,9.276246e-08,9.214879e-08,9.474031e-08,9.357626e-08,9.386991e-08,9.323778e-08,9.207030e-08,9.389338e-08,9.359767e-08,9.455177e-08,9.458574e-08,9.407533e-08,9.136764e-08,9.390930e-08,9.388639e-08,9.261535e-08,9.259193e-08,9.306857e-08,9.399161e-08,9.334020e-08,9.264577e-08,9.529431e-08,9.406644e-08,9.448814e-08,9.355911e-08,9.421172e-08,9.624579e-08,9.336403e-08,9.390184e-08,9.372477e-08,9.437881e-08,9.412267e-08,9.278835e-08,9.321991e-08,9.171821e-08,9.201874e-08,9.479521e-08,9.358873e-08,9.335781e-08,9.345768e-08,9.402538e-08,9.517583e-08,9.373179e-08,9.339463e-08,9.417779e-08,9.218089e-08,9.259946e-08,9.382854e-08,9.368804e-08,9.363994e-08,9.237042e-08,9.243979e-08,9.350757e-08,9.266934e-08,9.138327e-08,9.145810e-08,9.338956e-08,
9.205815e-08,9.401314e-08,9.291309e-08,9.452338e-08,9.271285e-08,9.263524e-08,9.229975e-08,9.273851e-08,9.387568e-08,9.195084e-08,9.499081e-08,9.308725e-08,9.345789e-08,9.230521e-08,9.617779e-08,9.425231e-08,9.265842e-08,9.274274e-08,9.299935e-08,9.482268e-08,9.456438e-08,9.417614e-08,9.340175e-08,9.239627e-08,9.304571e-08,9.471827e-08,9.572800e-08,9.286975e-08,9.428810e-08,9.430332e-08,9.390585e-08,9.483268e-08,9.583680e-08,9.432455e-08,9.466487e-08,9.371289e-08,9.311092e-08,9.504733e-08,9.454701e-08,9.438398e-08,9.380130e-08,9.294697e-08,9.210425e-08,9.419374e-08,9.366672e-08,9.389267e-08,9.378986e-08,9.133813e-08,9.387520e-08,9.416167e-08,9.224277e-08,9.486549e-08,9.280019e-08,9.201677e-08,9.497987e-08,9.425819e-08,9.521614e-08,9.331215e-08,9.418521e-08,9.358230e-08,9.366531e-08,9.456694e-08,9.344465e-08,9.445401e-08,
9.497980e-08,9.363365e-08,9.384884e-08,9.428317e-08,9.362211e-08,9.342313e-08,9.308432e-08,9.507901e-08,9.329512e-08,9.526251e-08,9.485236e-08,9.494462e-08,9.168972e-08,9.525131e-08,9.333432e-08,9.463249e-08,9.223926e-08,9.365827e-08,9.499850e-08,9.237321e-08,9.389580e-08,9.430039e-08,9.485616e-08,9.336006e-08,9.220578e-08,9.407675e-08,9.425684e-08,9.391144e-08,9.195526e-08,9.512386e-08,9.361568e-08,9.335134e-08,9.280413e-08,9.214332e-08,9.338310e-08,9.380788e-08,9.315509e-08,9.321635e-08,9.418555e-08,9.342922e-08,9.377696e-08,9.462605e-08,9.344784e-08,9.308113e-08,9.435380e-08,9.427765e-08,9.450102e-08,9.355933e-08,9.495871e-08,9.285041e-08,9.414420e-08,9.273794e-08,9.451540e-08,9.349169e-08,9.321990e-08,9.483394e-08,9.457891e-08,9.370271e-08,9.496241e-08,9.419667e-08,9.507226e-08,9.459210e-08,9.326090e-08,9.351229e-08,
9.507555e-08,9.244805e-08,9.356613e-08,9.296581e-08,9.564191e-08,9.481084e-08,9.295439e-08,9.320403e-08,9.337600e-08,9.427504e-08,9.437277e-08,9.367909e-08,9.391493e-08,9.326969e-08,9.308489e-08,9.546127e-08,9.261293e-08,9.555868e-08,9.299694e-08,9.445522e-08,9.193080e-08,9.317239e-08,9.167275e-08,9.233838e-08,9.500715e-08,9.381899e-08,9.309529e-08,9.240847e-08,9.385336e-08,9.307642e-08,9.510146e-08,9.494807e-08,9.380796e-08,9.492069e-08,9.357365e-08,9.360069e-08,9.313648e-08,9.158528e-08,9.429117e-08,9.278271e-08,9.539198e-08,9.307041e-08,9.507462e-08,9.530767e-08,9.280688e-08,9.508642e-08,9.478244e-08,9.410593e-08,9.360593e-08,9.358130e-08,9.524203e-08,9.508663e-08,9.387941e-08,9.349430e-08,9.384874e-08,9.366498e-08,9.316983e-08,9.420590e-08,9.622608e-08,9.352190e-08,9.357342e-08,9.477217e-08,9.379265e-08,9.331172e-08,
9.470547e-08,9.387783e-08,9.255081e-08,9.300003e-08,9.266016e-08,9.538893e-08,9.286855e-08,9.411159e-08,9.395500e-08,9.463140e-08,9.327484e-08,9.303758e-08,9.281565e-08,9.481131e-08,9.495952e-08,9.484252e-08,9.304105e-08,9.441792e-08,9.397505e-08,9.391310e-08,9.380495e-08,9.182266e-08,9.378917e-08,9.247524e-08,9.458979e-08,9.322172e-08,9.320724e-08,9.432074e-08,9.421455e-08,9.340097e-08,9.390515e-08,9.425274e-08,9.309229e-08,9.446990e-08,9.322587e-08,9.483161e-08,9.243923e-08,9.410115e-08,9.262186e-08,9.587669e-08,9.220403e-08,9.318803e-08,9.540852e-08,9.291827e-08,9.476393e-08,9.381462e-08,9.359907e-08,9.339521e-08,9.285082e-08,9.362843e-08,9.297009e-08,9.440702e-08,9.529302e-08,9.455835e-08,9.424542e-08,9.444230e-08,9.426758e-08,9.218048e-08,9.304406e-08,9.529562e-08,9.200272e-08,9.571177e-08,9.389977e-08,9.467488e-08,
9.271984e-08,9.588186e-08,9.404239e-08,9.370775e-08,9.375183e-08,9.240775e-08,9.421078e-08,9.561486e-08,9.405879e-08,9.472335e-08,9.603167e-08,9.404423e-08,9.399155e-08,9.448954e-08,9.352415e-08,9.239221e-08,9.372428e-08,9.487197e-08,9.449267e-08,9.479272e-08,9.451579e-08,9.417649e-08,9.211655e-08,9.304427e-08,9.408772e-08,9.398431e-08,9.429962e-08,9.441368e-08,9.272765e-08,9.389820e-08,9.459648e-08,9.274815e-08,9.339061e-08,9.277008e-08,9.162353e-08,9.407672e-08,9.226189e-08,9.186118e-08,9.298191e-08,9.307148e-08,9.160406e-08,9.273907e-08,9.496465e-08,9.507337e-08,9.533953e-08,9.415498e-08,9.271702e-08,9.290444e-08,9.282287e-08,9.429592e-08,9.472934e-08,9.392670e-08,9.360690e-08,9.555162e-08,9.384084e-08,9.405318e-08,9.426637e-08,9.396164e-08,9.517898e-08,9.404317e-08,9.344307e-08,9.367538e-08,9.310084e-08,9.317440e-08,
9.371492e-08,9.283195e-08,9.690895e-08,9.382789e-08,9.465659e-08,9.493354e-08,9.434809e-08,9.225373e-08,9.485810e-08,9.385318e-08,9.525941e-08,9.248733e-08,9.352894e-08,9.490882e-08,9.448614e-08,9.402275e-08,9.286223e-08,9.328890e-08,9.418890e-08,9.525284e-08,9.428418e-08,9.367381e-08,9.306803e-08,9.487597e-08,9.259897e-08,9.173611e-08,9.243021e-08,9.390654e-08,9.291267e-08,9.301235e-08,9.316683e-08,9.450570e-08,9.250681e-08,9.219300e-08,9.261292e-08,9.207681e-08,9.310905e-08,9.518820e-08,9.366293e-08,9.465768e-08,9.573443e-08,9.355228e-08,9.423842e-08,9.257332e-08,9.315924e-08,9.487433e-08,9.465153e-08,9.277035e-08,9.359796e-08,9.473624e-08,9.385473e-08,9.374034e-08,9.404133e-08,9.458425e-08,9.488269e-08,9.447910e-08,9.323826e-08,9.342797e-08,9.296934e-08,9.310633e-08,9.317808e-08,9.586707e-08,9.416408e-08,9.528139e-08,
9.550024e-08,9.283588e-08,9.364276e-08,9.317578e-08,9.204105e-08,9.284642e-08,9.375458e-08,9.268177e-08,9.528054e-08,9.290370e-08,9.366055e-08,9.505255e-08,9.184839e-08,9.415415e-08,9.313259e-08,9.378289e-08,9.428860e-08,9.471330e-08,9.326455e-08,9.377672e-08,9.276442e-08,9.321663e-08,9.246908e-08,9.278806e-08,9.380152e-08,9.439483e-08,9.457348e-08,9.466230e-08,9.259166e-08,9.400846e-08,9.583748e-08,9.355600e-08,9.382551e-08,9.395282e-08,9.356407e-08,9.333971e-08,9.358735e-08,9.343343e-08,9.160519e-08,9.407046e-08,9.426644e-08,9.372549e-08,9.345556e-08,9.304990e-08,9.423962e-08,9.314038e-08,9.506202e-08,9.515384e-08,9.218757e-08,9.453732e-08,9.289669e-08,9.363377e-08,9.218272e-08,9.496180e-08,9.407979e-08,9.425725e-08,9.325851e-08,9.214194e-08,9.374095e-08,9.301092e-08,9.346473e-08,9.295957e-08,9.238728e-08,9.288291e-08,
9.396235e-08,9.311189e-08,9.631439e-08,9.257151e-08,9.212666e-08,9.129360e-08,9.278291e-08,9.412260e-08,9.193187e-08,9.397859e-08,9.266772e-08,9.481372e-08,9.501060e-08,9.343376e-08,9.287794e-08,9.357211e-08,9.403156e-08,9.291734e-08,9.301683e-08,9.272355e-08,9.446306e-08,9.462340e-08,9.460286e-08,9.342219e-08,9.431358e-08,9.396862e-08,9.434830e-08,9.493252e-08,9.495371e-08,9.336979e-08,9.371175e-08,9.224534e-08,9.334281e-08,9.474803e-08,9.531805e-08,9.293948e-08,9.412276e-08,9.478210e-08,9.390652e-08,9.392587e-08,9.276342e-08,9.426008e-08,9.387542e-08,9.557072e-08,9.345520e-08,9.421941e-08,9.427776e-08,9.300654e-08,9.518961e-08,9.467790e-08,9.430532e-08,9.359194e-08,9.348034e-08,9.334421e-08,9.275130e-08,9.390419e-08,9.334093e-08,9.345056e-08,9.307491e-08,9.273158e-08,9.338673e-08,9.308684e-08,9.291352e-08,9.283487e-08,
9.669424e-08,9.403335e-08,9.331405e-08,9.378010e-08,9.448192e-08,9.387795e-08,9.171983e-08,9.278672e-08,9.513815e-08,9.400603e-08,9.650872e-08,9.449023e-08,9.348912e-08,9.331145e-08,9.371925e-08,9.458067e-08,9.251935e-08,9.417229e-08,9.314416e-08,9.312852e-08,9.526171e-08,9.461578e-08,9.343155e-08,9.324997e-08,9.459394e-08,9.405669e-08,9.605512e-08,9.180846e-08,9.303369e-08,9.422283e-08,9.218282e-08,9.318764e-08,9.462686e-08,9.316875e-08,9.233833e-08,9.456216e-08,9.337963e-08,9.377714e-08,9.370622e-08,9.268928e-08,9.387448e-08,9.443686e-08,9.287683e-08,9.438634e-08,9.388013e-08,9.619578e-08,9.269904e-08,9.362197e-08,9.290448e-08,9.377112e-08,9.418514e-08,9.480375e-08,9.492421e-08,9.404859e-08,9.329638e-08,9.407809e-08,9.363201e-08,9.432533e-08,9.408664e-08,9.214541e-08,9.389057e-08,9.274202e-08,9.287811e-08,9.405374e-08,
9.306789e-08,9.486039e-08,9.409639e-08,9.361082e-08,9.443637e-08,9.569428e-08,9.323209e-08,9.276234e-08,9.530360e-08,9.412221e-08,9.215671e-08,9.385917e-08,9.412432e-08,9.353113e-08,9.380546e-08,9.481585e-08,9.469124e-08,9.349221e-08,9.446737e-08,9.151108e-08,9.386353e-08,9.386218e-08,9.492098e-08,9.212024e-08,9.452619e-08,9.579302e-08,9.456119e-08,9.327437e-08,9.314660e-08,9.467021e-08,9.466164e-08,9.308416e-08,9.327461e-08,9.505918e-08,9.315939e-08,9.357143e-08,9.373453e-08,9.277732e-08,9.124065e-08,9.489915e-08,9.364560e-08,9.257717e-08,9.442963e-08,9.361058e-08,9.343380e-08,9.414030e-08,9.199956e-08,9.312921e-08,9.376622e-08,9.549058e-08,9.426601e-08,9.349791e-08,9.223667e-08,9.487319e-08,9.528020e-08,9.290843e-08,9.325475e-08,9.211888e-08,9.393919e-08,9.309794e-08,9.442175e-08,9.469644e-08,9.290938e-08,9.339402e-08,
9.322843e-08,9.211471e-08,9.198670e-08,9.424754e-08,9.278900e-08,9.390459e-08,9.394509e-08,9.375615e-08,9.465882e-08,9.352870e-08,9.424347e-08,9.326740e-08,9.423633e-08,9.442195e-08,9.411589e-08,9.219277e-08,9.368204e-08,9.286366e-08,9.206928e-08,9.658236e-08,9.323055e-08,9.376138e-08,9.288748e-08,9.492759e-08,9.416427e-08,9.400803e-08,9.391411e-08,9.298019e-08,9.337062e-08,9.373998e-08,9.366417e-08,9.283457e-08,9.457125e-08,9.274123e-08,9.388433e-08,9.432760e-08,9.433828e-08,9.274708e-08,9.269186e-08,9.307421e-08,9.400543e-08,9.243932e-08,9.534134e-08,9.425994e-08,9.534521e-08,9.425932e-08,9.412499e-08,9.484550e-08,9.304102e-08,9.275708e-08,9.374036e-08,9.207384e-08,9.245054e-08,9.600550e-08,9.402289e-08,9.485184e-08,9.285856e-08,9.372236e-08,9.428076e-08,9.418328e-08,9.497877e-08,9.464312e-08,9.259938e-08,9.519349e-08,
9.318440e-08,9.510606e-08,9.428443e-08,9.432618e-08,9.333192e-08,9.399748e-08,9.360009e-08,9.466731e-08,9.300570e-08,9.265986e-08,9.220958e-08,9.480207e-08,9.500117e-08,9.257438e-08,9.279006e-08,9.498498e-08,9.363089e-08,9.411778e-08,9.430256e-08,9.228784e-08,9.434710e-08,9.556600e-08,9.357258e-08,9.409294e-08,9.426513e-08,9.505010e-08,9.492228e-08,9.386532e-08,9.538313e-08,9.285601e-08,9.405527e-08,9.387753e-08,9.354677e-08,9.333702e-08,9.463013e-08,9.336946e-08,9.314436e-08,9.378065e-08,9.278915e-08,9.278652e-08,9.356381e-08,9.217866e-08,9.317570e-08,9.426268e-08,9.330308e-08,9.295318e-08,9.319590e-08,9.452228e-08,9.266184e-08,9.342967e-08,9.506369e-08,9.442219e-08,9.455435e-08,9.425907e-08,9.480014e-08,9.288630e-08,9.152302e-08,9.209916e-08,9.225560e-08,9.323700e-08,9.440889e-08,9.244430e-08,9.406539e-08,9.487069e-08,
9.376950e-08,9.471424e-08,9.261707e-08,9.509783e-08,9.169694e-08,9.489118e-08,9.544750e-08,9.340386e-08,9.286559e-08,9.490358e-08,9.343565e-08,9.313995e-08,9.501536e-08,9.361639e-08,9.524033e-08,9.364052e-08,9.331345e-08,9.281425e-08,9.386983e-08,9.549068e-08,9.289732e-08,9.322879e-08,9.450119e-08,9.321431e-08,9.443667e-08,9.336975e-08,9.338107e-08,9.388558e-08,9.179462e-08,9.410418e-08,9.368827e-08,9.354906e-08,9.448742e-08,9.384142e-08,9.262024e-08,9.180744e-08,9.457783e-08,9.340275e-08,9.203434e-08,9.279320e-08,9.225327e-08,9.529455e-08,9.435959e-08,9.326863e-08,9.268196e-08,9.231162e-08,9.550838e-08,9.215128e-08,9.520367e-08,9.367029e-08,9.326026e-08,9.338847e-08,9.539172e-08,9.208933e-08,9.399645e-08,9.446319e-08,9.361784e-08,9.446593e-08,9.602374e-08,9.266776e-08,9.476908e-08,9.499043e-08,9.380200e-08,9.314422e-08,
9.541974e-08,9.368164e-08,9.369733e-08,9.479195e-08,9.439016e-08,9.353760e-08,9.329087e-08,9.224993e-08,9.404062e-08,9.161783e-08,9.359005e-08,9.241095e-08,9.220868e-08,9.379162e-08,9.343290e-08,9.340016e-08,9.512418e-08,9.466071e-08,9.432176e-08,9.180033e-08,9.266234e-08,9.383000e-08,9.370505e-08,9.260422e-08,9.251009e-08,9.418559e-08,9.482588e-08,9.253154e-08,9.283972e-08,9.182914e-08,9.457747e-08,9.364229e-08,9.335434e-08,9.350975e-08,9.430231e-08,9.352619e-08,9.283694e-08,9.601270e-08,9.408516e-08,9.382204e-08,9.186815e-08,9.232716e-08,9.417367e-08,9.428410e-08,9.463648e-08,9.525805e-08,9.330621e-08,9.518242e-08,9.137094e-08,9.391816e-08,9.273694e-08,9.376150e-08,9.350512e-08,9.411899e-08,9.408632e-08,9.397878e-08,9.180016e-08,9.286399e-08,9.364201e-08,9.276912e-08,9.356310e-08,9.244767e-08,9.300686e-08,9.487362e-08,
9.434422e-08,9.488247e-08,9.397955e-08,9.184092e-08,9.480736e-08,9.378038e-08,9.556426e-08,9.270740e-08,9.291556e-08,9.484044e-08,9.314799e-08,9.453378e-08,9.527293e-08,9.334959e-08,9.491394e-08,9.454440e-08,9.531580e-08,9.345189e-08,9.465132e-08,9.394324e-08,9.380116e-08,9.332893e-08,9.472306e-08,9.509301e-08,9.317612e-08,9.347103e-08,9.409512e-08,9.363184e-08,9.476451e-08,9.247388e-08,9.469319e-08,9.346660e-08,9.348978e-08,9.309227e-08,9.321510e-08,9.497483e-08,9.473094e-08,9.314181e-08,9.310079e-08,9.498112e-08,9.272210e-08,9.393105e-08,9.351570e-08,9.293507e-08,9.332208e-08,9.407155e-08,9.368400e-08,9.320505e-08,9.431833e-08,9.516320e-08,9.566905e-08,9.416609e-08,9.306409e-08,9.591939e-08,9.486239e-08,9.545717e-08,9.593702e-08,9.402336e-08,9.264780e-08,9.477749e-08,9.328865e-08,9.415395e-08,9.311886e-08,9.245485e-08,
9.310100e-08,9.490465e-08,9.437259e-08,9.310058e-08,9.385597e-08,9.418254e-08,9.378301e-08,9.345206e-08,9.195853e-08,9.421241e-08,9.365021e-08,9.241113e-08,9.268963e-08,9.374112e-08,9.480004e-08,9.257340e-08,9.368009e-08,9.509143e-08,9.300427e-08,9.207186e-08,9.394729e-08,9.368640e-08,9.327585e-08,9.390387e-08,9.399971e-08,9.385056e-08,9.379493e-08,9.388502e-08,9.359446e-08,9.480715e-08,9.503179e-08,9.329303e-08,9.372870e-08,9.403043e-08,9.252826e-08,9.436862e-08,9.318798e-08,9.332582e-08,9.438866e-08,9.324643e-08,9.174681e-08,9.397809e-08,9.322526e-08,9.293875e-08,9.330944e-08,9.305787e-08,9.171495e-08,9.277363e-08,9.207202e-08,9.257766e-08,9.274709e-08,9.376357e-08,9.337105e-08,9.392425e-08,9.343072e-08,9.344746e-08,9.424485e-08,9.062979e-08,9.378787e-08,9.367438e-08,9.406513e-08,9.381288e-08,9.501454e-08,9.518153e-08,
9.344311e-08,9.388585e-08,9.391817e-08,9.405528e-08,9.307216e-08,9.319597e-08,9.447268e-08,9.379080e-08,9.451851e-08,9.371113e-08,9.161621e-08,9.372050e-08,9.432385e-08,9.357734e-08,9.484300e-08,9.198504e-08,9.450205e-08,9.309708e-08,9.474389e-08,9.322415e-08,9.522832e-08,9.343095e-08,9.428040e-08,9.495060e-08,9.375222e-08,9.461088e-08,9.430742e-08,9.377075e-08,9.343542e-08,9.288942e-08,9.498772e-08,9.370717e-08,9.360759e-08,9.374244e-08,9.496810e-08,9.495652e-08,9.258584e-08,9.426916e-08,9.440681e-08,9.442863e-08,9.335671e-08,9.324100e-08,9.484258e-08,9.365370e-08,9.268607e-08,9.351512e-08,9.176829e-08,9.486791e-08,9.358337e-08,9.397059e-08,9.165578e-08,9.207868e-08,9.344311e-08,9.333858e-08,9.193738e-08,9.296379e-08,9.347725e-08,9.415617e-08,9.357536e-08,9.412788e-08,9.168541e-08,9.351688e-08,9.489608e-08,9.325060e-08,
9.432537e-08,9.490312e-08,9.406211e-08,9.413160e-08,9.421202e-08,9.399056e-08,9.477196e-08,9.371418e-08,9.411601e-08,9.446819e-08,9.352861e-08,9.171068e-08,9.261353e-08,9.313157e-08,9.337847e-08,9.399147e-08,9.322243e-08,9.447381e-08,9.178607e-08,9.403110e-08,9.397952e-08,9.419906e-08,9.422519e-08,9.238994e-08,9.345635e-08,9.185680e-08,9.283731e-08,9.359638e-08,9.260768e-08,9.225451e-08,9.286602e-08,9.293989e-08,9.377921e-08,9.281997e-08,9.519929e-08,9.289826e-08,9.253345e-08,9.407935e-08,9.393015e-08,9.291844e-08,9.360530e-08,9.383742e-08,9.276983e-08,9.249867e-08,9.333374e-08,9.374077e-08,9.312134e-08,9.438071e-08,9.485259e-08,9.344787e-08,9.474391e-08,9.268221e-08,9.214893e-08,9.283069e-08,9.415875e-08,9.240937e-08,9.349578e-08,9.268222e-08,9.491099e-08,9.317877e-08,9.346484e-08,9.359441e-08,9.492912e-08,9.372584e-08,
9.304993e-08,9.213200e-08,9.334425e-08,9.520222e-08,9.366055e-08,9.431894e-08,9.375013e-08,9.270617e-08,9.439582e-08,9.470729e-08,9.344596e-08,9.491575e-08,9.400863e-08,9.362054e-08,9.461116e-08,9.407650e-08,9.380498e-08,9.482031e-08,9.292253e-08,9.366308e-08,9.221759e-08,9.286250e-08,9.189303e-08,9.381307e-08,9.480827e-08,9.467021e-08,9.394211e-08,9.394623e-08,9.415874e-08,9.351676e-08,9.343783e-08,9.434116e-08,9.242483e-08,9.344673e-08,9.380425e-08,9.466511e-08,9.469889e-08,9.257405e-08,9.422955e-08,9.612931e-08,9.406111e-08,9.548469e-08,9.369094e-08,9.369122e-08,9.147937e-08,9.247288e-08,9.438696e-08,9.382777e-08,9.175805e-08,9.243639e-08,9.515944e-08,9.387325e-08,9.243778e-08,9.310276e-08,9.553700e-08,9.388631e-08,9.308159e-08,9.336168e-08,9.470947e-08,9.416605e-08,9.426287e-08,9.319809e-08,9.532541e-08,9.340181e-08,
9.434167e-08,9.512597e-08,9.409860e-08,9.299550e-08,9.400770e-08,9.335072e-08,9.456884e-08,9.371731e-08,9.313951e-08,9.426892e-08,9.356178e-08,9.321915e-08,9.283492e-08,9.189173e-08,9.457400e-08,9.191067e-08,9.346313e-08,9.246319e-08,9.364100e-08,9.470730e-08,9.422346e-08,9.310177e-08,9.208832e-08,9.381349e-08,9.447820e-08,9.332630e-08,9.398052e-08,9.330351e-08,9.378639e-08,9.442840e-08,9.299041e-08,9.331610e-08,9.439021e-08,9.365139e-08,9.386947e-08,9.286589e-08,9.489828e-08,9.363642e-08,9.210208e-08,9.387092e-08,9.347762e-08,9.324001e-08,9.432101e-08,9.271694e-08,9.543589e-08,9.349296e-08,9.307023e-08,9.410446e-08,9.366196e-08,9.405112e-08,9.289653e-08,9.407120e-08,9.338207e-08,9.379962e-08,9.375488e-08,9.395172e-08,9.550079e-08,9.226589e-08,9.512679e-08,9.740932e-08,9.317176e-08,9.334620e-08,9.486762e-08,9.243004e-08,
9.404885e-08,9.289017e-08,9.480985e-08,9.378764e-08,9.422679e-08,9.241766e-08,9.303330e-08,9.511492e-08,9.290766e-08,9.311887e-08,9.355526e-08,9.448776e-08,9.385345e-08,9.230469e-08,9.407167e-08,9.380902e-08,9.498841e-08,9.286364e-08,9.473477e-08,9.221021e-08,9.348865e-08,9.327300e-08,9.323388e-08,9.354572e-08,9.371402e-08,9.416521e-08,9.303885e-08,9.397708e-08,9.366997e-08,9.515192e-08,9.327908e-08,9.269455e-08,9.352680e-08,9.422882e-08,9.274045e-08,9.520790e-08,9.430775e-08,9.490990e-08,9.287655e-08,9.560206e-08,9.295447e-08,9.502500e-08,9.233659e-08,9.351955e-08,9.328528e-08,9.551522e-08,9.581886e-08,9.312566e-08,9.423705e-08,9.366772e-08,9.484101e-08,9.492160e-08,9.419995e-08,9.386438e-08,9.281959e-08,9.425464e-08,9.329447e-08,9.429076e-08,9.334255e-08,9.493573e-08,9.345596e-08,9.370438e-08,9.370377e-08,9.482828e-08,
9.474619e-08,9.514201e-08,9.233413e-08,9.450508e-08,9.210769e-08,9.513246e-08,9.447263e-08,9.383448e-08,9.402866e-08,9.478469e-08,9.192319e-08,9.229945e-08,9.415728e-08,9.172607e-08,9.281479e-08,9.298471e-08,9.224138e-08,9.267301e-08,9.233522e-08,9.365911e-08,9.396596e-08,9.366692e-08,9.322255e-08,9.520985e-08,9.276274e-08,9.434254e-08,9.445679e-08,9.209056e-08,9.475425e-08,9.259565e-08,9.349867e-08,9.427934e-08,9.396125e-08,9.524502e-08,9.385579e-08,9.577887e-08,9.539930e-08,9.389097e-08,9.249876e-08,9.311929e-08,9.240451e-08,9.353744e-08,9.324635e-08,9.216975e-08,9.425724e-08,9.295611e-08,9.461358e-08,9.510737e-08,9.466630e-08,9.447959e-08,9.235040e-08,9.119465e-08,9.273073e-08,9.446828e-08,9.398901e-08,9.244893e-08,9.386951e-08,9.396832e-08,9.342887e-08,9.519121e-08,9.308780e-08,9.422964e-08,9.519864e-08,9.526233e-08,
9.255273e-08,9.499850e-08,9.383710e-08,9.402208e-08,9.224847e-08,9.258032e-08,9.039264e-08,9.428313e-08,9.488517e-08,9.482883e-08,9.358500e-08,9.449696e-08,9.360658e-08,9.459429e-08,9.220812e-08,9.476626e-08,9.431111e-08,9.437481e-08,9.126263e-08,9.358849e-08,9.502039e-08,9.486385e-08,9.252385e-08,9.386853e-08,9.231435e-08,9.314709e-08,9.309172e-08,9.441902e-08,9.508107e-08,9.406071e-08,9.421763e-08,9.394030e-08,9.398133e-08,9.269104e-08,9.253392e-08,9.301542e-08,9.496231e-08,9.448019e-08,9.348736e-08,9.254038e-08,9.376003e-08,9.496773e-08,9.370983e-08,9.414713e-08,9.384479e-08,9.385568e-08,9.284368e-08,9.551744e-08,9.386825e-08,9.312018e-08,9.472708e-08,9.322185e-08,9.355594e-08,9.422611e-08,9.250920e-08,9.295561e-08,9.391831e-08,9.356255e-08,9.325295e-08,9.383523e-08,9.246501e-08,9.509705e-08,9.294691e-08,9.412137e-08,
9.273733e-08,9.346458e-08,9.381430e-08,9.491932e-08,9.396968e-08,9.241815e-08,9.301180e-08,9.500232e-08,9.256473e-08,9.424565e-08,9.366178e-08,9.300264e-08,9.592160e-08,9.359664e-08,9.510099e-08,9.457018e-08,9.402935e-08,9.399606e-08,9.302193e-08,9.296727e-08,9.528388e-08,9.394150e-08,9.154830e-08,9.346730e-08,9.303477e-08,9.328446e-08,9.276730e-08,9.425044e-08,9.370290e-08,9.366744e-08,9.344416e-08,9.492860e-08,9.391514e-08,9.239143e-08,9.319945e-08,9.306286e-08,9.342581e-08,9.166801e-08,9.637758e-08,9.512477e-08,9.484095e-08,9.396854e-08,9.305951e-08,9.387460e-08,9.347496e-08,9.269490e-08,9.376124e-08,9.246611e-08,9.316472e-08,9.446165e-08,9.348337e-08,9.460893e-08,9.355882e-08,9.343121e-08,9.256249e-08,9.463330e-08,9.404818e-08,9.306209e-08,9.312475e-08,9.390535e-08,9.240474e-08,9.359270e-08,9.226234e-08,9.504120e-08,
9.266297e-08,9.396009e-08,9.434883e-08,9.368763e-08,9.468651e-08,9.391777e-08,9.522329e-08,9.660711e-08,9.325966e-08,9.389434e-08,9.367187e-08,9.301681e-08,9.427391e-08,9.479512e-08,9.333152e-08,9.493977e-08,9.516345e-08,9.205122e-08,9.309443e-08,9.438243e-08,9.325484e-08,9.279415e-08,9.457576e-08,9.262065e-08,9.362118e-08,9.358964e-08,9.514142e-08,9.509638e-08,9.502933e-08,9.458820e-08,9.259867e-08,9.341697e-08,9.548505e-08,9.487299e-08,9.318341e-08,9.237464e-08,9.421436e-08,9.398728e-08,9.377439e-08,9.432518e-08,9.278473e-08,9.278691e-08,9.402693e-08,9.259088e-08,9.221989e-08,9.364154e-08,9.409393e-08,9.473694e-08,9.301035e-08,9.263468e-08,9.406099e-08,9.280314e-08,9.373070e-08,9.250034e-08,9.541182e-08,9.472540e-08,9.367819e-08,9.146892e-08,9.341433e-08,9.383364e-08,9.368585e-08,9.394845e-08,9.375656e-08,9.424807e-08,
9.477721e-08,9.354510e-08,9.361791e-08,9.369083e-08,9.438360e-08,9.469994e-08,9.347097e-08,9.345714e-08,9.281483e-08,9.404834e-08,9.542805e-08,9.319895e-08,9.591252e-08,9.338924e-08,9.256053e-08,9.501128e-08,9.458185e-08,9.278856e-08,9.449481e-08,9.390301e-08,9.384107e-08,9.344334e-08,9.511775e-08,9.459134e-08,9.402083e-08,9.365744e-08,9.412071e-08,9.415618e-08,9.511686e-08,9.319384e-08,9.326112e-08,9.202435e-08,9.622230e-08,9.355368e-08,9.280061e-08,9.425768e-08,9.309726e-08,9.548556e-08,9.329539e-08,9.498704e-08,9.390281e-08,9.467687e-08,9.425169e-08,9.191539e-08,9.386094e-08,9.334131e-08,9.247430e-08,9.502134e-08,9.412125e-08,9.498251e-08,9.434160e-08,9.577870e-08,9.391131e-08,9.447831e-08,9.255448e-08,9.299836e-08,9.473373e-08,9.589770e-08,9.332270e-08,9.428297e-08,9.316606e-08,9.384275e-08,9.397929e-08,9.455092e-08,
9.378199e-08,9.283595e-08,9.441810e-08,9.418775e-08,9.412507e-08,9.393113e-08,9.154314e-08,9.527396e-08,9.434273e-08,9.431712e-08,9.283730e-08,9.324274e-08,9.541000e-08,9.213435e-08,9.333584e-08,9.388473e-08,9.267920e-08,9.454674e-08,9.226694e-08,9.345382e-08,9.345885e-08,9.322024e-08,9.470229e-08,9.385246e-08,9.346780e-08,9.333154e-08,9.557277e-08,9.525455e-08,9.334117e-08,9.468073e-08,9.332767e-08,9.434029e-08,9.258166e-08,9.388267e-08,9.368036e-08,9.341565e-08,9.392554e-08,9.359792e-08,9.312197e-08,9.343617e-08,9.520248e-08,9.452599e-08,9.390075e-08,9.209914e-08,9.381398e-08,9.253291e-08,9.285377e-08,9.397669e-08,9.459934e-08,9.344488e-08,9.546847e-08,9.418984e-08,9.385662e-08,9.320614e-08,9.436942e-08,9.380235e-08,9.400988e-08,9.389557e-08,9.387278e-08,9.412174e-08,9.284280e-08,9.438469e-08,9.291775e-08,9.123215e-08,
9.544724e-08,9.435782e-08,9.310027e-08,9.450571e-08,9.583059e-08,9.425795e-08,9.472292e-08,9.452784e-08,9.299177e-08,9.420758e-08,9.287556e-08,9.340559e-08,9.505108e-08,9.375980e-08,9.386627e-08,9.475818e-08,9.485781e-08,9.465885e-08,9.282978e-08,9.321625e-08,9.514316e-08,9.156545e-08,9.392986e-08,9.345384e-08,9.374727e-08,9.363539e-08,9.405244e-08,9.388427e-08,9.548355e-08,9.334278e-08,9.387586e-08,9.301895e-08,9.287215e-08,9.378732e-08,9.445581e-08,9.330996e-08,9.515155e-08,9.171729e-08,9.474683e-08,9.540964e-08,9.498839e-08,9.436055e-08,9.310861e-08,9.387081e-08,9.359896e-08,9.465153e-08,9.474518e-08,9.472958e-08,9.498109e-08,9.387921e-08,9.296187e-08,9.268439e-08,9.238989e-08,9.423588e-08,9.304839e-08,9.372170e-08,9.518941e-08,9.325701e-08,9.205486e-08,9.535586e-08,9.310549e-08,9.448293e-08,9.313386e-08,9.306014e-08,
9.332476e-08,9.404824e-08,9.237394e-08,9.404057e-08,9.337677e-08,9.276285e-08,9.355459e-08,9.280175e-08,9.316692e-08,9.346496e-08,9.541293e-08,9.396301e-08,9.269920e-08,9.416010e-08,9.116802e-08,9.382642e-08,9.511084e-08,9.405747e-08,9.251534e-08,9.471585e-08,9.254974e-08,9.343409e-08,9.449438e-08,9.348927e-08,9.454853e-08,9.346280e-08,9.461064e-08,9.279643e-08,9.455419e-08,9.291260e-08,9.382942e-08,9.271075e-08,9.462972e-08,9.466116e-08,9.384717e-08,9.285361e-08,9.326982e-08,9.504830e-08,9.346168e-08,9.304986e-08,9.332326e-08,9.353199e-08,9.407828e-08,9.400693e-08,9.271079e-08,9.276899e-08,9.488766e-08,9.252198e-08,9.202362e-08,9.278821e-08,9.488133e-08,9.447273e-08,9.299804e-08,9.295807e-08,9.284392e-08,9.411388e-08,9.240953e-08,9.474337e-08,9.440574e-08,9.371369e-08,9.295660e-08,9.315295e-08,9.343653e-08,9.422986e-08,
9.422070e-08,9.378824e-08,9.393159e-08,9.343746e-08,9.412290e-08,9.242986e-08,9.290499e-08,9.232900e-08,9.300902e-08,9.482926e-08,9.362966e-08,9.471821e-08,9.384471e-08,9.403768e-08,9.403145e-08,9.259206e-08,9.445551e-08,9.278543e-08,9.310343e-08,9.188564e-08,9.451021e-08,9.488870e-08,9.378784e-08,9.571212e-08,9.436099e-08,9.303586e-08,9.403617e-08,9.467185e-08,9.576238e-08,9.441913e-08,9.240308e-08,9.319348e-08,9.383559e-08,9.383728e-08,9.384088e-08,9.349346e-08,9.331793e-08,9.420136e-08,9.531602e-08,9.419659e-08,9.410706e-08,9.214257e-08,9.249845e-08,9.250169e-08,9.452617e-08,9.567510e-08,9.505228e-08,9.391824e-08,9.352155e-08,9.356590e-08,9.337325e-08,9.450609e-08,9.528197e-08,9.323663e-08,9.410787e-08,9.377684e-08,9.175391e-08,9.359155e-08,9.507770e-08,9.524276e-08,9.563952e-08,9.248573e-08,9.400557e-08,9.512689e-08,
9.378889e-08,9.336104e-08,9.560887e-08,9.159148e-08,9.419124e-08,9.229567e-08,9.428505e-08,9.241426e-08,9.318810e-08,9.384270e-08,9.371557e-08,9.454283e-08,9.401090e-08,9.392447e-08,9.303835e-08,9.467235e-08,9.247442e-08,9.346416e-08,9.539122e-08,9.269838e-08,9.354162e-08,9.377784e-08,9.356849e-08,9.471625e-08,9.234218e-08,9.440553e-08,9.422159e-08,9.233936e-08,9.279577e-08,9.304022e-08,9.512382e-08,9.430049e-08,9.431600e-08,9.477328e-08,9.404005e-08,9.416173e-08,9.366774e-08,9.159124e-08,9.330605e-08,9.510610e-08,9.667901e-08,9.317274e-08,9.331573e-08,9.207348e-08,9.302375e-08,9.241611e-08,9.460308e-08,9.453982e-08,9.379549e-08,9.210094e-08,9.347591e-08,9.354146e-08,9.509986e-08,9.284023e-08,9.357793e-08,9.530841e-08,9.399001e-08,9.521095e-08,9.523633e-08,9.295303e-08,9.271343e-08,9.337482e-08,9.329319e-08,9.242693e-08,
9.316321e-08,9.402001e-08,9.277594e-08,9.419280e-08,9.315855e-08,9.212174e-08,9.363207e-08,9.393070e-08,9.406153e-08,9.461629e-08,9.389847e-08,9.374318e-08,9.369096e-08,9.551997e-08,9.328767e-08,9.214616e-08,9.330197e-08,9.364264e-08,9.405401e-08,9.354144e-08,9.567185e-08,9.411640e-08,9.263350e-08,9.272672e-08,9.262131e-08,9.524096e-08,9.271970e-08,9.312763e-08,9.326301e-08,9.445508e-08,9.308041e-08,9.306461e-08,9.219582e-08,9.256899e-08,9.539290e-08,9.250730e-08,9.549755e-08,9.370560e-08,9.460849e-08,9.243119e-08,9.234359e-08,9.394774e-08,9.253502e-08,9.351949e-08,9.192452e-08,9.381992e-08,9.355745e-08,9.347474e-08,9.276857e-08,9.549179e-08,9.247065e-08,9.383692e-08,9.402058e-08,9.452481e-08,9.596939e-08,9.197734e-08,9.509042e-08,9.341623e-08,9.256716e-08,9.357396e-08,9.340594e-08,9.436255e-08,9.402084e-08,9.323700e-08,
9.432764e-08,9.372881e-08,9.359439e-08,9.152198e-08,9.254465e-08,9.409009e-08,9.510377e-08,9.359274e-08,9.231640e-08,9.258950e-08,9.324307e-08,9.370502e-08,9.271902e-08,9.361541e-08,9.278750e-08,9.317501e-08,9.367865e-08,9.434046e-08,9.507315e-08,9.301240e-08,9.428866e-08,9.320259e-08,9.438586e-08,9.464509e-08,9.451550e-08,9.418113e-08,9.403838e-08,9.362991e-08,9.508310e-08,9.392650e-08,9.359613e-08,9.339617e-08,9.342864e-08,9.430249e-08,9.235755e-08,9.316295e-08,9.222727e-08,9.181582e-08,9.385670e-08,9.468537e-08,9.422679e-08,9.284449e-08,9.286266e-08,9.622734e-08,9.495144e-08,9.491288e-08,9.103658e-08,9.498748e-08,9.537141e-08,9.414030e-08,9.399813e-08,9.319086e-08,9.311142e-08,9.446176e-08,9.305900e-08,9.306796e-08,9.518838e-08,9.623649e-08,9.333577e-08,9.239113e-08,9.431166e-08,9.435836e-08,9.479000e-08,9.347771e-08,
9.264618e-08,9.466296e-08,9.349140e-08,9.271664e-08,9.415786e-08,9.488753e-08,9.460530e-08,9.310877e-08,9.316216e-08,9.163754e-08,9.364122e-08,9.263090e-08,9.162785e-08,9.346550e-08,9.446711e-08,9.426842e-08,9.412666e-08,9.538469e-08,9.357716e-08,9.276281e-08,9.250808e-08,9.485136e-08,9.473409e-08,9.481849e-08,9.384470e-08,9.138913e-08,9.322272e-08,9.298993e-08,9.598278e-08,9.384649e-08,9.374527e-08,9.416233e-08,9.469170e-08,9.400867e-08,9.235870e-08,9.460958e-08,9.340661e-08,9.378693e-08,9.483055e-08,9.404969e-08,9.401326e-08,9.392962e-08,9.554639e-08,9.539831e-08,9.105545e-08,9.223000e-08,9.338995e-08,9.422473e-08,9.139902e-08,9.444803e-08,9.458378e-08,9.188689e-08,9.354027e-08,9.335037e-08,9.169928e-08,9.140191e-08,9.410257e-08,9.410908e-08,9.316216e-08,9.563996e-08,9.336543e-08,9.555480e-08,9.335549e-08,9.230551e-08,
9.405911e-08,9.350650e-08,9.398989e-08,9.551035e-08,9.449503e-08,9.350447e-08,9.263587e-08,9.438262e-08,9.497494e-08,9.387218e-08,9.253036e-08,9.572454e-08,9.411145e-08,9.453004e-08,9.157110e-08,9.491374e-08,9.437744e-08,9.294677e-08,9.374063e-08,9.348469e-08,9.390882e-08,9.460134e-08,9.302340e-08,9.321115e-08,9.436431e-08,9.400716e-08,9.348207e-08,9.395001e-08,9.239248e-08,9.384149e-08,9.219821e-08,9.427144e-08,9.349975e-08,9.282905e-08,9.354512e-08,9.405021e-08,9.196479e-08,9.417101e-08,9.336300e-08,9.360165e-08,9.356174e-08,9.419765e-08,9.302779e-08,9.382838e-08,9.275339e-08,9.393447e-08,9.361823e-08,9.372045e-08,9.352331e-08,9.414417e-08,9.578845e-08,9.429567e-08,9.408158e-08,9.507644e-08,9.388362e-08,9.387810e-08,9.384727e-08,9.464180e-08,9.367663e-08,9.350951e-08,9.478517e-08,9.325038e-08,9.345376e-08,9.442920e-08,
9.527719e-08,9.235205e-08,9.330656e-08,9.294495e-08,9.459306e-08,9.138977e-08,9.429513e-08,9.383192e-08,9.411533e-08,9.268893e-08,9.271930e-08,9.398714e-08,9.303722e-08,9.385513e-08,9.514124e-08,9.373338e-08,9.569005e-08,9.356724e-08,9.293664e-08,9.383472e-08,9.517197e-08,9.357215e-08,9.252709e-08,9.304935e-08,9.394649e-08,9.390138e-08,9.262616e-08,9.563821e-08,9.259334e-08,9.433572e-08,9.619289e-08,9.356010e-08,9.429549e-08,9.260456e-08,9.344218e-08,9.431875e-08,9.456268e-08,9.332302e-08,9.459562e-08,9.298977e-08,9.371344e-08,9.377248e-08,9.332000e-08,9.366122e-08,9.488917e-08,9.427252e-08,9.367007e-08,9.454325e-08,9.499189e-08,9.300826e-08,9.435768e-08,9.567542e-08,9.361360e-08,9.381083e-08,9.458487e-08,9.348615e-08,9.487727e-08,9.275928e-08,9.441926e-08,9.457940e-08,9.537177e-08,9.573919e-08,9.335104e-08,9.343861e-08,
9.324381e-08,9.445101e-08,9.296316e-08,9.496010e-08,9.530404e-08,9.627547e-08,9.574678e-08,9.353553e-08,9.354849e-08,9.307251e-08,9.519293e-08,9.533658e-08,9.522769e-08,9.412548e-08,9.214495e-08,9.277251e-08,9.485183e-08,9.457732e-08,9.333306e-08,9.380456e-08,9.393289e-08,9.411951e-08,9.344915e-08,9.360267e-08,9.531297e-08,9.291921e-08,9.382115e-08,9.259689e-08,9.471976e-08,9.316005e-08,9.412784e-08,9.460348e-08,9.356908e-08,9.329703e-08,9.316007e-08,9.505189e-08,9.197706e-08,9.529500e-08,9.156834e-08,9.564894e-08,9.309646e-08,9.385338e-08,9.357955e-08,9.399294e-08,9.408100e-08,9.333248e-08,9.382704e-08,9.266603e-08,9.443820e-08,9.271016e-08,9.402868e-08,9.432806e-08,9.333119e-08,9.402953e-08,9.462313e-08,9.334239e-08,9.369090e-08,9.324020e-08,9.294517e-08,9.457670e-08,9.452400e-08,9.229999e-08,9.353794e-08,9.628739e-08,
9.393710e-08,9.306815e-08,9.593340e-08,9.440759e-08,9.412216e-08,9.247765e-08,9.559737e-08,9.337728e-08,9.365509e-08,9.394516e-08,9.563624e-08,9.474121e-08,9.367061e-08,9.278681e-08,9.602943e-08,9.357033e-08,9.531176e-08,9.141160e-08,9.367020e-08,9.419726e-08,9.321517e-08,9.534543e-08,9.505676e-08,9.354172e-08,9.227284e-08,9.451017e-08,9.382276e-08,9.315077e-08,9.365206e-08,9.377148e-08,9.394814e-08,9.424024e-08,9.274056e-08,9.225344e-08,9.182583e-08,9.277413e-08,9.421251e-08,9.331891e-08,9.330843e-08,9.290256e-08,9.433426e-08,9.278538e-08,9.467343e-08,9.369653e-08,9.405180e-08,9.347267e-08,9.482974e-08,9.491381e-08,9.336802e-08,9.372034e-08,9.234850e-08,9.400005e-08,9.303385e-08,9.451560e-08,9.503597e-08,9.513052e-08,9.452697e-08,9.387410e-08,9.487143e-08,9.337018e-08,9.375985e-08,9.435618e-08,9.282968e-08,9.601546e-08,
9.578092e-08,9.432993e-08,9.164520e-08,9.445820e-08,9.283499e-08,9.574589e-08,9.357111e-08,9.269057e-08,9.362800e-08,9.480364e-08,9.346035e-08,9.346263e-08,9.466451e-08,9.395390e-08,9.676721e-08,9.374549e-08,9.352714e-08,9.508493e-08,9.366140e-08,9.420003e-08,9.287577e-08,9.539606e-08,9.247987e-08,9.392091e-08,9.559171e-08,9.386909e-08,9.376734e-08,9.475716e-08,9.532082e-08,9.307146e-08,9.504452e-08,9.176390e-08,9.610774e-08,9.510418e-08,9.377337e-08,9.386107e-08,9.459678e-08,9.502400e-08,9.331345e-08,9.463493e-08,9.220663e-08,9.455031e-08,9.511952e-08,9.280604e-08,9.413327e-08,9.358584e-08,9.403784e-08,9.478694e-08,9.372716e-08,9.508517e-08,9.597641e-08,9.408231e-08,9.393963e-08,9.227019e-08,9.433817e-08,9.405498e-08,9.322705e-08,9.558866e-08,9.371336e-08,9.535059e-08,9.441368e-08,9.421285e-08,9.256346e-08,9.295868e-08,
9.511718e-08,9.123743e-08,9.161435e-08,9.309835e-08,9.360820e-08,9.404702e-08,9.269206e-08,9.418460e-08,9.265478e-08,9.504860e-08,9.394156e-08,9.186218e-08,9.204800e-08,9.378169e-08,9.330152e-08,9.350299e-08,9.447168e-08,9.352374e-08,9.337939e-08,9.315478e-08,9.362546e-08,9.336585e-08,9.548881e-08,9.345354e-08,9.489091e-08,9.236570e-08,9.330223e-08,9.568921e-08,9.476783e-08,9.371820e-08,9.483624e-08,9.234255e-08,9.267785e-08,9.521949e-08,9.592052e-08,9.114346e-08,9.449145e-08,9.301643e-08,9.412608e-08,9.343227e-08,9.454894e-08,9.346407e-08,9.263098e-08,9.411698e-08,9.255938e-08,9.387584e-08,9.519525e-08,9.332257e-08,9.119427e-08,9.370929e-08,9.508165e-08,9.656610e-08,9.395897e-08,9.239906e-08,9.204182e-08,9.246891e-08,9.442823e-08,9.188441e-08,9.617762e-08,9.437456e-08,9.377810e-08,9.320601e-08,9.303462e-08,9.380316e-08,
9.270625e-08,9.201163e-08,9.381870e-08,9.306777e-08,9.338314e-08,9.428932e-08,9.348843e-08,9.354197e-08,9.507672e-08,9.390927e-08,9.634044e-08,9.379693e-08,9.465682e-08,9.312984e-08,9.495568e-08,9.355583e-08,9.390326e-08,9.208670e-08,9.309770e-08,9.412272e-08,9.448408e-08,9.387161e-08,9.519736e-08,9.346019e-08,9.406815e-08,9.431581e-08,9.603435e-08,9.243788e-08,9.168473e-08,9.230860e-08,9.593914e-08,9.459929e-08,9.283921e-08,9.241576e-08,9.219876e-08,9.663111e-08,9.301357e-08,9.422400e-08,9.322446e-08,9.434068e-08,9.348148e-08,9.382166e-08,9.665867e-08,9.281238e-08,9.399521e-08,9.380579e-08,9.314659e-08,9.349465e-08,9.288012e-08,9.498467e-08,9.578172e-08,9.400333e-08,9.386261e-08,9.398964e-08,9.464629e-08,9.279901e-08,9.354125e-08,9.525805e-08,9.300180e-08,9.378249e-08,9.277477e-08,9.422807e-08,9.470608e-08,9.407174e-08,
9.369954e-08,9.292585e-08,9.405477e-08,9.586646e-08,9.425137e-08,9.421964e-08,9.369147e-08,9.471979e-08,9.492778e-08,9.303270e-08,9.436524e-08,9.396333e-08,9.382874e-08,9.318421e-08,9.483335e-08,9.331895e-08,9.367112e-08,9.435277e-08,9.269341e-08,9.248523e-08,9.388598e-08,9.331346e-08,9.554941e-08,9.292437e-08,9.462115e-08,9.458873e-08,9.287412e-08,9.362205e-08,9.299313e-08,9.490108e-08,9.375451e-08,9.298284e-08,9.469013e-08,9.396606e-08,9.473809e-08,9.244701e-08,9.333232e-08,9.377606e-08,9.388747e-08,9.417581e-08,9.279017e-08,9.326218e-08,9.342038e-08,9.505760e-08,9.363997e-08,9.278396e-08,9.314706e-08,9.253188e-08,9.230921e-08,9.336171e-08,9.329420e-08,9.310891e-08,9.346900e-08,9.495446e-08,9.273907e-08,9.384002e-08,9.294818e-08,9.479578e-08,9.175366e-08,9.320278e-08,9.248934e-08,9.356482e-08,9.263793e-08,9.501279e-08,
9.150613e-08,9.399036e-08,9.342498e-08,9.526979e-08,9.209897e-08,9.371692e-08,9.390515e-08,9.396584e-08,9.558022e-08,9.577245e-08,9.373161e-08,9.359124e-08,9.211259e-08,9.243623e-08,9.286403e-08,9.525539e-08,9.186013e-08,9.456176e-08,9.434738e-08,9.361341e-08,9.192401e-08,9.317730e-08,9.361748e-08,9.406741e-08,9.389587e-08,9.227551e-08,9.467149e-08,9.397727e-08,9.351201e-08,9.519537e-08,9.350826e-08,9.292614e-08,9.450522e-08,9.297970e-08,9.398169e-08,9.496134e-08,9.339323e-08,9.439196e-08,9.364535e-08,9.353634e-08,9.383981e-08,9.448417e-08,9.299483e-08,9.475076e-08,9.291800e-08,9.260567e-08,9.447348e-08,9.285372e-08,9.409796e-08,9.451061e-08,9.529849e-08,9.383011e-08,9.394936e-08,9.280248e-08,9.375505e-08,9.487229e-08,9.390391e-08,9.505827e-08,9.560721e-08,9.511990e-08,9.398473e-08,9.338108e-08,9.390644e-08,9.468757e-08,
9.381434e-08,9.513166e-08,9.344417e-08,9.331342e-08,9.522392e-08,9.410129e-08,9.241893e-08,9.420660e-08,9.358710e-08,9.505893e-08,9.359868e-08,9.265976e-08,9.320036e-08,9.342448e-08,9.511217e-08,9.610072e-08,9.378007e-08,9.312936e-08,9.314391e-08,9.334649e-08,9.558603e-08,9.458142e-08,9.466993e-08,9.487170e-08,9.248919e-08,9.382441e-08,9.500576e-08,9.321466e-08,9.354536e-08,9.451433e-08,9.327423e-08,9.377797e-08,9.470362e-08,9.357512e-08,9.410309e-08,9.271317e-08,9.325866e-08,9.396949e-08,9.309749e-08,9.382059e-08,9.251711e-08,9.238903e-08,9.309133e-08,9.455158e-08,9.371498e-08,9.322146e-08,9.458025e-08,9.142411e-08,9.457646e-08,9.342818e-08,9.291649e-08,9.359431e-08,9.563032e-08,9.432972e-08,9.500932e-08,9.592430e-08,9.332993e-08,9.348448e-08,9.251822e-08,9.291631e-08,9.300201e-08,9.409194e-08,9.500263e-08,9.494696e-08,
9.375325e-08,9.342590e-08,9.306856e-08,9.376423e-08,9.334392e-08,9.298200e-08,9.310275e-08,9.288808e-08,9.491144e-08,9.455015e-08,9.327296e-08,9.356216e-08,9.374587e-08,9.309108e-08,9.402882e-08,9.283558e-08,9.493532e-08,9.343478e-08,9.365710e-08,9.365479e-08,9.283634e-08,9.419757e-08,9.331892e-08,9.299188e-08,9.269006e-08,9.468955e-08,9.267087e-08,9.310256e-08,9.276252e-08,9.286832e-08,9.538540e-08,9.432730e-08,9.474601e-08,9.337443e-08,9.322789e-08,9.548975e-08,9.331512e-08,9.352060e-08,9.442051e-08,9.393735e-08,9.387982e-08,9.402264e-08,9.368866e-08,9.274195e-08,9.461630e-08,9.374529e-08,9.343786e-08,9.351588e-08,9.340932e-08,9.389922e-08,9.402069e-08,9.380493e-08,9.571732e-08,9.413365e-08,9.414556e-08,9.463714e-08,9.419111e-08,9.431237e-08,9.281271e-08,9.454509e-08,9.275868e-08,9.330514e-08,9.487225e-08,9.282242e-08,
9.348561e-08,9.346064e-08,9.415081e-08,9.376133e-08,9.385861e-08,9.366737e-08,9.461264e-08,9.397001e-08,9.571133e-08,9.366303e-08,9.343063e-08,9.312157e-08,9.226790e-08,9.423328e-08,9.458384e-08,9.327038e-08,9.421966e-08,9.449415e-08,9.427492e-08,9.309510e-08,9.087939e-08,9.349773e-08,9.372695e-08,9.343675e-08,9.451221e-08,9.369357e-08,9.323039e-08,9.270754e-08,9.209437e-08,9.282056e-08,9.328975e-08,9.343698e-08,9.373219e-08,9.311860e-08,9.352373e-08,9.354814e-08,9.446037e-08,9.324041e-08,9.396725e-08,9.508361e-08,9.442198e-08,9.209688e-08,9.473607e-08,9.461316e-08,9.458249e-08,9.238162e-08,9.482878e-08,9.368252e-08,9.395460e-08,9.415790e-08,9.218972e-08,9.374853e-08,9.598253e-08,9.280537e-08,9.351053e-08,9.372107e-08,9.408984e-08,9.391142e-08,9.408228e-08,9.496156e-08,9.399006e-08,9.340608e-08,9.369225e-08,9.321519e-08,
9.437174e-08,9.267066e-08,9.311946e-08,9.405993e-08,9.452762e-08,9.415062e-08,9.363023e-08,9.179873e-08,9.267798e-08,9.493805e-08,9.441696e-08,9.527096e-08,9.338515e-08,9.462227e-08,9.230133e-08,9.419380e-08,9.403985e-08,9.376085e-08,9.297380e-08,9.334337e-08,9.457339e-08,9.478991e-08,9.453507e-08,9.294343e-08,9.493325e-08,9.452557e-08,9.463158e-08,9.371624e-08,9.285211e-08,9.472733e-08,9.428262e-08,9.432376e-08,9.317629e-08,9.487246e-08,9.276434e-08,9.328333e-08,9.391720e-08,9.435961e-08,9.315790e-08,9.358299e-08,9.313638e-08,9.476921e-08,9.414499e-08,9.389911e-08,9.404285e-08,9.385474e-08,9.283551e-08,9.258196e-08,9.517165e-08,9.411199e-08,9.295323e-08,9.245884e-08,9.366093e-08,9.150983e-08,9.257679e-08,9.458873e-08,9.385411e-08,9.387193e-08,9.412105e-08,9.517052e-08,9.463234e-08,9.526294e-08,9.380360e-08,9.385094e-08,
9.301535e-08,9.382481e-08,9.234223e-08,9.222815e-08,9.484096e-08,9.255796e-08,9.565612e-08,9.479623e-08,9.351325e-08,9.422133e-08,9.484358e-08,9.392514e-08,9.373291e-08,9.480625e-08,9.445788e-08,9.402428e-08,9.353620e-08,9.384746e-08,9.263865e-08,9.250101e-08,9.244271e-08,9.370064e-08,9.478192e-08,9.415373e-08,9.481199e-08,9.274638e-08,9.361763e-08,9.567902e-08,9.413302e-08,9.404676e-08,9.345650e-08,9.350079e-08,9.449667e-08,9.398749e-08,9.439115e-08,9.491230e-08,9.416883e-08,9.330801e-08,9.373930e-08,9.440665e-08,9.269406e-08,9.336181e-08,9.370582e-08,9.361720e-08,9.309905e-08,9.261564e-08,9.393175e-08,9.379391e-08,9.510484e-08,9.373748e-08,9.339938e-08,9.252271e-08,9.349104e-08,9.502831e-08,9.381764e-08,9.455022e-08,9.261756e-08,9.306559e-08,9.428172e-08,9.533633e-08,9.519995e-08,9.138345e-08,9.547468e-08,9.528557e-08,
9.498069e-08,9.264343e-08,9.408486e-08,9.207262e-08,9.341677e-08,9.260581e-08,9.423502e-08,9.191774e-08,9.306020e-08,9.240437e-08,9.302146e-08,9.421129e-08,9.471308e-08,9.232560e-08,9.354019e-08,9.339128e-08,9.559208e-08,9.475750e-08,9.530117e-08,9.350215e-08,9.284687e-08,9.424931e-08,9.321181e-08,9.374540e-08,9.466525e-08,9.333165e-08,9.298488e-08,9.423084e-08,9.317119e-08,9.338964e-08,9.323000e-08,9.421594e-08,9.506482e-08,9.328313e-08,9.478727e-08,9.304781e-08,9.421001e-08,9.475412e-08,9.165891e-08,9.354396e-08,9.287423e-08,9.434447e-08,9.326726e-08,9.413773e-08,9.639306e-08,9.315794e-08,9.547573e-08,9.382668e-08,9.313215e-08,9.373390e-08,9.378925e-08,9.298893e-08,9.334837e-08,9.446247e-08,9.513702e-08,9.541021e-08,9.205882e-08,9.327692e-08,9.342101e-08,9.276162e-08,9.341941e-08,9.343870e-08,9.156856e-08,9.287147e-08,
9.399476e-08,9.380852e-08,9.357202e-08,9.274708e-08,9.452458e-08,9.323835e-08,9.360744e-08,9.176666e-08,9.424526e-08,9.277751e-08,9.185491e-08,9.418148e-08,9.429134e-08,9.603167e-08,9.202206e-08,9.250945e-08,9.311880e-08,9.422074e-08,9.430291e-08,9.280732e-08,9.414971e-08,9.281641e-08,9.281642e-08,9.367527e-08,9.265544e-08,9.220852e-08,9.414785e-08,9.396940e-08,9.309261e-08,9.112419e-08,9.688856e-08,9.340683e-08,9.377522e-08,9.408654e-08,9.418387e-08,9.324154e-08,9.469649e-08,9.424391e-08,9.330315e-08,9.318398e-08,9.338249e-08,9.377144e-08,9.379056e-08,9.556810e-08,9.368038e-08,9.412761e-08,9.283173e-08,9.478223e-08,9.351164e-08,9.341865e-08,9.372999e-08,9.408351e-08,9.518616e-08,9.443389e-08,9.337446e-08,9.279348e-08,9.522113e-08,9.399583e-08,9.444400e-08,9.509662e-08,9.238601e-08,9.516866e-08,9.328601e-08,9.333722e-08,
9.358121e-08,9.548089e-08,9.337964e-08,9.378509e-08,9.510313e-08,9.527521e-08,9.278665e-08,9.329186e-08,9.493970e-08,9.529513e-08,9.388357e-08,9.447195e-08,9.264787e-08,9.484865e-08,9.364480e-08,9.468966e-08,9.511161e-08,9.387903e-08,9.287342e-08,9.321374e-08,9.466265e-08,9.330060e-08,9.343013e-08,9.303090e-08,9.204168e-08,9.541593e-08,9.328326e-08,9.401463e-08,9.643967e-08,9.453618e-08,9.443550e-08,9.363005e-08,9.411845e-08,9.125212e-08,9.347126e-08,9.235867e-08,9.428575e-08,9.538262e-08,9.385108e-08,9.479738e-08,9.445691e-08,9.298439e-08,9.493025e-08,9.432213e-08,9.422249e-08,9.439969e-08,9.382164e-08,9.363582e-08,9.438792e-08,9.225334e-08,9.431574e-08,9.300484e-08,9.334085e-08,9.526800e-08,9.523235e-08,9.350862e-08,9.578545e-08,9.433744e-08,9.396724e-08,9.282307e-08,9.371082e-08,9.224369e-08,9.432626e-08,9.394202e-08,
9.380897e-08,9.383717e-08,9.405928e-08,9.266306e-08,9.423392e-08,9.429628e-08,9.107311e-08,9.339214e-08,9.416833e-08,9.496708e-08,9.299891e-08,9.467880e-08,9.323450e-08,9.493128e-08,9.341104e-08,9.418946e-08,9.417983e-08,9.342858e-08,9.290369e-08,9.182512e-08,9.461750e-08,9.453796e-08,9.387250e-08,9.416149e-08,9.485636e-08,9.140322e-08,9.297399e-08,9.305194e-08,9.537995e-08,9.408414e-08,9.179046e-08,9.452997e-08,9.325117e-08,9.293438e-08,9.328738e-08,9.378077e-08,9.219134e-08,9.229239e-08,9.507843e-08,9.613359e-08,9.507386e-08,9.416736e-08,9.407964e-08,9.135379e-08,9.473337e-08,9.373589e-08,9.155335e-08,9.439742e-08,9.315260e-08,9.315799e-08,9.434672e-08,9.315314e-08,9.529355e-08,9.651545e-08,9.347753e-08,9.174514e-08,9.279492e-08,9.155478e-08,9.333965e-08,9.337204e-08,9.478565e-08,9.352612e-08,9.417954e-08,9.275734e-08,
9.392945e-08,9.248327e-08,9.196279e-08,9.170024e-08,9.286052e-08,9.351510e-08,9.517183e-08,9.415383e-08,9.399992e-08,9.303657e-08,9.257123e-08,9.305487e-08,9.392210e-08,9.347738e-08,9.488715e-08,9.310663e-08,9.415298e-08,9.165326e-08,9.276813e-08,9.329826e-08,9.332300e-08,9.302606e-08,9.400620e-08,9.175574e-08,9.473477e-08,9.339113e-08,9.453470e-08,9.472737e-08,9.390565e-08,9.298494e-08,9.277203e-08,9.394884e-08,9.163625e-08,9.327381e-08,9.506720e-08,9.262494e-08,9.413640e-08,9.311797e-08,9.465601e-08,9.143599e-08,9.381945e-08,9.195292e-08,9.469299e-08,9.468535e-08,9.359274e-08,9.433504e-08,9.582351e-08,9.517693e-08,9.283460e-08,9.468042e-08,9.506117e-08,9.511947e-08,9.329758e-08,9.306164e-08,9.492214e-08,9.401696e-08,9.343299e-08,9.475663e-08,9.363198e-08,9.387156e-08,9.356442e-08,9.426028e-08,9.226298e-08,9.424071e-08,
9.349109e-08,9.468720e-08,9.251521e-08,9.209243e-08,9.263913e-08,9.369665e-08,9.427945e-08,9.362702e-08,9.239768e-08,9.310610e-08,9.341290e-08,9.312278e-08,9.514842e-08,9.416500e-08,9.339252e-08,9.585434e-08,9.370163e-08,9.448710e-08,9.235241e-08,9.334941e-08,9.498424e-08,9.370790e-08,9.382994e-08,9.320890e-08,9.312517e-08,9.358846e-08,9.428512e-08,9.217367e-08,9.312617e-08,9.464454e-08,9.285463e-08,9.426319e-08,9.476304e-08,9.236345e-08,9.402962e-08,9.508101e-08,9.376169e-08,9.392267e-08,9.281868e-08,9.396269e-08,9.276513e-08,9.521789e-08,9.311539e-08,9.423294e-08,9.488292e-08,9.404014e-08,9.346076e-08,9.458639e-08,9.379491e-08,9.319475e-08,9.468156e-08,9.400346e-08,9.456678e-08,9.327028e-08,9.459734e-08,9.442943e-08,9.489206e-08,9.452171e-08,9.454647e-08,9.374022e-08,9.282238e-08,9.400912e-08,9.491209e-08,9.496092e-08,
9.055334e-08,9.517964e-08,9.287400e-08,9.504984e-08,9.300283e-08,9.360652e-08,9.310150e-08,9.146811e-08,9.322043e-08,9.435036e-08,9.347670e-08,9.500125e-08,9.313785e-08,9.231487e-08,9.405802e-08,9.456197e-08,9.461961e-08,9.237396e-08,9.264957e-08,9.309336e-08,9.506070e-08,9.485618e-08,9.351229e-08,9.393121e-08,9.480911e-08,9.356541e-08,9.347718e-08,9.347414e-08,9.273299e-08,9.437592e-08,9.419940e-08,9.618425e-08,9.346672e-08,9.430933e-08,9.509027e-08,9.238670e-08,9.423566e-08,9.525241e-08,9.416651e-08,9.349726e-08,9.271544e-08,9.359044e-08,9.396304e-08,9.494268e-08,9.527960e-08,9.445148e-08,9.339199e-08,9.268708e-08,9.423239e-08,9.250642e-08,9.361329e-08,9.286689e-08,9.376310e-08,9.381723e-08,9.517492e-08,9.499583e-08,9.556463e-08,9.390329e-08,9.497846e-08,9.393811e-08,9.295914e-08,9.399305e-08,9.299143e-08,9.523292e-08,
9.450233e-08,9.299005e-08,9.381798e-08,9.305691e-08,9.402116e-08,9.331034e-08,9.140845e-08,9.473681e-08,9.411205e-08,9.391432e-08,9.229927e-08,9.413880e-08,9.391622e-08,9.501307e-08,9.434401e-08,9.291820e-08,9.277485e-08,9.385654e-08,9.319133e-08,9.348651e-08,9.372971e-08,9.340914e-08,9.411452e-08,9.280216e-08,9.450297e-08,9.309211e-08,9.280946e-08,9.296533e-08,9.320543e-08,9.473493e-08,9.377796e-08,9.518304e-08,9.517363e-08,9.334987e-08,9.277300e-08,9.336617e-08,9.344792e-08,9.410033e-08,9.330941e-08,9.308821e-08,9.467286e-08,9.369546e-08,9.441985e-08,9.380094e-08,9.418809e-08,9.467094e-08,9.442999e-08,9.296069e-08,9.292008e-08,9.379259e-08,9.460891e-08,9.178480e-08,9.315093e-08,9.435918e-08,9.526921e-08,9.362598e-08,9.278653e-08,9.407648e-08,9.428862e-08,9.424055e-08,9.245533e-08,9.287324e-08,9.397684e-08,9.116798e-08,
9.298740e-08,9.678565e-08,9.328490e-08,9.431382e-08,9.350467e-08,9.335093e-08,9.588580e-08,9.185598e-08,9.489986e-08,9.398984e-08,9.234001e-08,9.272382e-08,9.332372e-08,9.360509e-08,9.394470e-08,9.217117e-08,9.296172e-08,9.235151e-08,9.339207e-08,9.429692e-08,9.408931e-08,9.361460e-08,9.462873e-08,9.439407e-08,9.429536e-08,9.552198e-08,9.381138e-08,9.357582e-08,9.190946e-08,9.368047e-08,9.605696e-08,9.283465e-08,9.287518e-08,9.285947e-08,9.535152e-08,9.610918e-08,9.494071e-08,9.406690e-08,9.504603e-08,9.344752e-08,9.438640e-08,9.394352e-08,9.250032e-08,9.322837e-08,9.395066e-08,9.346093e-08,9.189074e-08,9.286355e-08,9.463880e-08,9.210679e-08,9.438774e-08,9.158509e-08,9.493087e-08,9.403225e-08,9.330707e-08,9.354479e-08,9.337590e-08,9.497319e-08,9.481430e-08,9.491026e-08,9.450922e-08,9.422598e-08,9.360195e-08,9.421071e-08,
9.504716e-08,9.342357e-08,9.325556e-08,9.417414e-08,9.381109e-08,9.322715e-08,9.404986e-08,9.497698e-08,9.269139e-08,9.457962e-08,9.487742e-08,9.380000e-08,9.464473e-08,9.451294e-08,9.389291e-08,9.398741e-08,9.449723e-08,9.481535e-08,9.369028e-08,9.347533e-08,9.424949e-08,9.557274e-08,9.376058e-08,9.463506e-08,9.244065e-08,9.366169e-08,9.306164e-08,9.415144e-08,9.413630e-08,9.263259e-08,9.384831e-08,9.446737e-08,9.520431e-08,9.210740e-08,9.213015e-08,9.313191e-08,9.445347e-08,9.214524e-08,9.358422e-08,9.326092e-08,9.430195e-08,9.272385e-08,9.171159e-08,9.579267e-08,9.369949e-08,9.423473e-08,9.364912e-08,9.280291e-08,9.451142e-08,9.478844e-08,9.326267e-08,9.442147e-08,9.337959e-08,9.352429e-08,9.366459e-08,9.456941e-08,9.470688e-08,9.141526e-08,9.230897e-08,9.367167e-08,9.409685e-08,9.375534e-08,9.398900e-08,9.403308e-08,
9.305380e-08,9.384131e-08,9.320475e-08,9.469738e-08,9.430872e-08,9.278052e-08,9.471934e-08,9.385491e-08,9.406540e-08,9.501958e-08,9.410916e-08,9.430834e-08,9.223780e-08,9.489831e-08,9.289980e-08,9.305415e-08,9.355365e-08,9.293449e-08,9.339105e-08,9.398363e-08,9.281344e-08,9.434907e-08,9.463336e-08,9.470547e-08,9.417120e-08,9.424936e-08,9.309637e-08,9.306365e-08,9.332970e-08,9.414304e-08,9.501356e-08,9.359653e-08,9.398907e-08,9.240818e-08,9.380134e-08,9.339256e-08,9.487954e-08,9.259460e-08,9.510613e-08,9.337201e-08,9.251947e-08,9.275009e-08,9.538491e-08,9.410249e-08,9.236729e-08,9.495455e-08,9.503587e-08,9.354685e-08,9.424030e-08,9.377615e-08,9.649180e-08,9.339726e-08,9.505297e-08,9.454000e-08,9.236789e-08,9.282698e-08,9.334195e-08,9.446879e-08,9.306177e-08,9.394567e-08,9.435780e-08,9.160456e-08,9.410881e-08,9.415248e-08,
9.359550e-08,9.454436e-08,9.298439e-08,9.379567e-08,9.311286e-08,9.617240e-08,9.336370e-08,9.379388e-08,9.411196e-08,9.524436e-08,9.403095e-08,9.547075e-08,9.191939e-08,9.473129e-08,9.402330e-08,9.479036e-08,9.358976e-08,9.514893e-08,9.294196e-08,9.355033e-08,9.438780e-08,9.262548e-08,9.252900e-08,9.371302e-08,9.418506e-08,9.290728e-08,9.504584e-08,9.467607e-08,9.275088e-08,9.268309e-08,9.340496e-08,9.196559e-08,9.272325e-08,9.211616e-08,9.440336e-08,9.261101e-08,9.279792e-08,9.364969e-08,9.139882e-08,9.393411e-08,9.477744e-08,9.415737e-08,9.415436e-08,9.509013e-08,9.194000e-08,9.269658e-08,9.420806e-08,9.366117e-08,9.506811e-08,9.364301e-08,9.382628e-08,9.517652e-08,9.416238e-08,9.315097e-08,9.402678e-08,9.305446e-08,9.347623e-08,9.393703e-08,9.427919e-08,9.357005e-08,9.226624e-08,9.329432e-08,9.460846e-08,9.385972e-08,
9.460503e-08,9.428584e-08,9.390147e-08,9.305950e-08,9.360477e-08,9.271224e-08,9.442879e-08,9.261309e-08,9.260806e-08,9.451299e-08,9.372110e-08,9.421299e-08,9.221284e-08,9.270815e-08,9.317733e-08,9.424110e-08,9.361698e-08,9.236930e-08,9.190891e-08,9.266885e-08,9.189461e-08,9.447482e-08,9.274694e-08,9.248949e-08,9.227091e-08,9.348459e-08,9.208059e-08,9.503553e-08,9.429361e-08,9.488343e-08,9.339160e-08,9.377438e-08,9.423467e-08,9.473522e-08,9.492638e-08,9.399279e-08,9.600622e-08,9.399173e-08,9.302311e-08,9.509188e-08,9.378389e-08,9.393638e-08,9.509063e-08,9.493102e-08,9.519734e-08,9.444100e-08,9.347648e-08,9.282034e-08,9.343529e-08,9.462606e-08,9.310414e-08,9.336725e-08,9.534700e-08,9.672417e-08,9.256972e-08,9.318385e-08,9.272133e-08,9.332603e-08,9.313434e-08,9.257423e-08,9.056547e-08,9.370665e-08,9.540153e-08,9.452253e-08,
9.271113e-08,9.378402e-08,9.155466e-08,9.346388e-08,9.514237e-08,9.263804e-08,9.357353e-08,9.230848e-08,9.572570e-08,9.294941e-08,9.439819e-08,9.421937e-08,9.456425e-08,9.347907e-08,9.339793e-08,9.543895e-08,9.612304e-08,9.216294e-08,9.196836e-08,9.438336e-08,9.533726e-08,9.327090e-08,9.335712e-08,9.341886e-08,9.270736e-08,9.445109e-08,9.392041e-08,9.415982e-08,9.281437e-08,9.377081e-08,9.375404e-08,9.571938e-08,9.247748e-08,9.325480e-08,9.185805e-08,9.141065e-08,9.409760e-08,9.263047e-08,9.430787e-08,9.337779e-08,9.341191e-08,9.487565e-08,9.205065e-08,9.455346e-08,9.304123e-08,9.316778e-08,9.458008e-08,9.337414e-08,9.579047e-08,9.445520e-08,9.362479e-08,9.263792e-08,9.454318e-08,9.286208e-08,9.428953e-08,9.210501e-08,9.294470e-08,9.393503e-08,9.363927e-08,9.369664e-08,9.335508e-08,9.418403e-08,9.513628e-08,9.308185e-08,
===
9.491027e-08,9.564353e-08,9.584934e-08,9.658165e-08,9.646958e-08,9.625572e-08,9.457446e-08,9.504974e-08,9.509229e-08,9.611407e-08,9.430079e-08,9.512357e-08,9.494597e-08,9.604670e-08,9.535843e-08,9.723993e-08,9.626798e-08,9.553095e-08,9.599239e-08,9.622212e-08,9.420619e-08,9.518177e-08,9.560662e-08,9.757275e-08,9.663232e-08,9.751174e-08,9.267756e-08,9.632959e-08,9.487573e-08,9.648968e-08,9.469692e-08,9.597555e-08,9.569492e-08,9.501935e-08,9.583702e-08,9.660083e-08,9.539572e-08,9.710559e-08,9.706195e-08,9.396597e-08,9.693541e-08,9.548350e-08,9.402184e-08,9.724772e-08,9.510683e-08,9.533894e-08,9.553977e-08,9.563399e-08,9.602109e-08,9.608540e-08,9.664407e-08,9.717988e-08,9.522170e-08,9.426771e-08,9.437964e-08,9.550794e-08,9.467704e-08,9.563344e-08,9.692427e-08,9.248888e-08,9.462393e-08,9.549637e-08,9.508661e-08,9.407265e-08,
9.272112e-08,9.588895e-08,9.505288e-08,9.517226e-08,9.481046e-08,9.561992e-08,9.426496e-08,9.624947e-08,9.529705e-08,9.675655e-08,9.469573e-08,9.555509e-08,9.611328e-08,9.465439e-08,9.591109e-08,9.396866e-08,9.446520e-08,9.527799e-08,9.588733e-08,9.515040e-08,9.496158e-08,9.692829e-08,9.450537e-08,9.626340e-08,9.346072e-08,9.650033e-08,9.396282e-08,9.612177e-08,9.611008e-08,9.759568e-08,9.548121e-08,9.548439e-08,9.496033e-08,9.623775e-08,9.662461e-08,9.627801e-08,9.563528e-08,9.503266e-08,9.624112e-08,9.496329e-08,9.743883e-08,9.400442e-08,9.752804e-08,9.368538e-08,9.471632e-08,9.320324e-08,9.734728e-08,9.339845e-08,9.425201e-08,9.655924e-08,9.712215e-08,9.542066e-08,9.604808e-08,9.512388e-08,9.686324e-08,9.534314e-08,9.470369e-08,9.546690e-08,9.595214e-08,9.575206e-08,9.449285e-08,9.630523e-08,9.684527e-08,9.668691e-08,
9.639873e-08,9.741100e-08,9.688854e-08,9.465209e-08,9.519143e-08,9.540729e-08,9.582874e-08,9.555259e-08,9.484215e-08,9.592877e-08,9.674103e-08,9.676308e-08,9.582426e-08,9.489267e-08,9.513265e-08,9.586142e-08,9.442380e-08,9.722208e-08,9.429525e-08,9.691317e-08,9.477399e-08,9.562376e-08,9.436329e-08,9.673668e-08,9.461694e-08,9.263498e-08,9.549738e-08,9.661305e-08,9.677361e-08,9.530644e-08,9.565341e-08,9.747707e-08,9.748782e-08,9.423331e-08,9.653905e-08,9.449591e-08,9.587449e-08,9.657530e-08,9.450346e-08,9.529351e-08,9.402022e-08,9.618677e-08,9.545759e-08,9.591132e-08,9.396666e-08,9.623052e-08,9.636819e-08,9.602399e-08,9.477690e-08,9.484087e-08,9.593871e-08,9.383921e-08,9.642780e-08,9.483622e-08,9.630756e-08,9.443839e-08,9.552568e-08,9.401523e-08,9.498811e-08,9.660294e-08,9.526419e-08,9.600157e-08,9.558155e-08,9.564709e-08,
9.329991e-08,9.406472e-08,9.661848e-08,9.628282e-08,9.470330e-08,9.706268e-08,9.401483e-08,9.578034e-08,9.446712e-08,9.563501e-08,9.518132e-08,9.480273e-08,9.554339e-08,9.439301e-08,9.571898e-08,9.523220e-08,9.481880e-08,9.392058e-08,9.554318e-08,9.577083e-08,9.722166e-08,9.686533e-08,9.798242e-08,9.603641e-08,9.542733e-08,9.477498e-08,9.607794e-08,9.551141e-08,9.716532e-08,9.480564e-08,9.684661e-08,9.830512e-08,9.501909e-08,9.723544e-08,9.593960e-08,9.534466e-08,9.487868e-08,9.564462e-08,9.585302e-08,9.516856e-08,9.631092e-08,9.516300e-08,9.766911e-08,9.585810e-08,9.584877e-08,9.321754e-08,9.513978e-08,9.673878e-08,9.590480e-08,9.457091e-08,9.524457e-08,9.516064e-08,9.549480e-08,9.669570e-08,9.562911e-08,9.520498e-08,9.485989e-08,9.412308e-08,9.607995e-08,9.491797e-08,9.347617e-08,9.587992e-08,9.731149e-08,9.677646e-08,
9.437429e-08,9.508368e-08,9.466033e-08,9.654876e-08,9.777297e-08,9.603473e-08,9.486724e-08,9.496592e-08,9.545337e-08,9.491127e-08,9.586366e-08,9.595991e-08,9.603681e-08,9.401260e-08,9.622450e-08,9.535645e-08,9.583863e-08,9.728188e-08,9.565003e-08,9.572847e-08,9.791854e-08,9.679260e-08,9.525366e-08,9.436350e-08,9.628441e-08,9.523515e-08,9.488351e-08,9.675051e-08,9.678705e-08,9.561471e-08,9.457048e-08,9.527497e-08,9.586187e-08,9.532662e-08,9.450775e-08,9.339947e-08,9.628823e-08,9.793614e-08,9.598524e-08,9.593399e-08,9.707230e-08,9.666242e-08,9.676424e-08,9.509358e-08,9.473008e-08,9.707177e-08,9.547720e-08,9.468665e-08,9.595703e-08,9.613109e-08,9.521655e-08,9.555071e-08,9.481817e-08,9.455964e-08,9.586072e-08,9.409503e-08,9.580422e-08,9.725470e-08,9.681037e-08,9.499982e-08,9.531041e-08,9.603507e-08,9.639402e-08,9.535552e-08,
9.675946e-08,9.623048e-08,9.509340e-08,9.427481e-08,9.562820e-08,9.575597e-08,9.284501e-08,9.427073e-08,9.655319e-08,9.534777e-08,9.545440e-08,9.346706e-08,9.579782e-08,9.628543e-08,9.564682e-08,9.556635e-08,9.671367e-08,9.372396e-08,9.528242e-08,9.422514e-08,9.498735e-08,9.665024e-08,9.511157e-08,9.550486e-08,9.622023e-08,9.623402e-08,9.574352e-08,9.513353e-08,9.522868e-08,9.575259e-08,9.573356e-08,9.416825e-08,9.722584e-08,9.627459e-08,9.541654e-08,9.479949e-08,9.391558e-08,9.510554e-08,9.708572e-08,9.553181e-08,9.592371e-08,9.652930e-08,9.498082e-08,9.493570e-08,9.470206e-08,9.450717e-08,9.474096e-08,9.509417e-08,9.422826e-08,9.515674e-08,9.522028e-08,9.623270e-08,9.519025e-08,9.442435e-08,9.565724e-08,9.552820e-08,9.555822e-08,9.497688e-08,9.590393e-08,9.613520e-08,9.424095e-08,9.558844e-08,9.441786e-08,9.550089e-08,
9.527967e-08,9.329135e-08,9.561646e-08,9.577547e-08,9.592729e-08,9.584535e-08,9.633762e-08,9.530269e-08,9.762141e-08,9.422484e-08,9.558650e-08,9.454687e-08,9.633121e-08,9.528748e-08,9.658638e-08,9.608401e-08,9.475026e-08,9.534635e-08,9.588519e-08,9.603024e-08,9.581579e-08,9.595195e-08,9.294938e-08,9.533377e-08,9.613593e-08,9.566270e-08,9.715098e-08,9.712263e-08,9.438751e-08,9.497628e-08,9.600046e-08,9.650119e-08,9.594484e-08,9.741594e-08,9.665306e-08,9.794954e-08,9.439493e-08,9.562341e-08,9.588913e-08,9.361182e-08,9.523879e-08,9.468698e-08,9.619287e-08,9.434805e-08,9.420868e-08,9.488061e-08,9.544994e-08,9.602848e-08,9.465677e-08,9.468323e-08,9.516623e-08,9.661884e-08,9.479451e-08,9.485585e-08,9.597348e-08,9.663201e-08,9.488225e-08,9.491747e-08,9.715020e-08,9.397785e-08,9.374665e-08,9.638443e-08,9.489172e-08,9.455569e-08,
9.546369e-08,9.485279e-08,9.530784e-08,9.717887e-08,9.511871e-08,9.479050e-08,9.498864e-08,9.619420e-08,9.519292e-08,9.645938e-08,9.555525e-08,9.366089e-08,9.450966e-08,9.566401e-08,9.468752e-08,9.793656e-08,9.492964e-08,9.496551e-08,9.557853e-08,9.554362e-08,9.791383e-08,9.746535e-08,9.630730e-08,9.744970e-08,9.609046e-08,9.698435e-08,9.702691e-08,9.512907e-08,9.566426e-08,9.489298e-08,9.469622e-08,9.659097e-08,9.777563e-08,9.547601e-08,9.446693e-08,9.633041e-08,9.594119e-08,9.581339e-08,9.299845e-08,9.587513e-08,9.299132e-08,9.612976e-08,9.623002e-08,9.697821e-08,9.488894e-08,9.655728e-08,9.683496e-08,9.681169e-08,9.558187e-08,9.453169e-08,9.600421e-08,9.448092e-08,9.620032e-08,9.634912e-08,9.398038e-08,9.470816e-08,9.509697e-08,9.571326e-08,9.587331e-08,9.605732e-08,9.596452e-08,9.678153e-08,9.436371e-08,9.421834e-08,
9.423638e-08,9.520509e-08,9.558071e-08,9.473924e-08,9.467272e-08,9.514189e-08,9.442911e-08,9.390956e-08,9.574076e-08,9.435238e-08,9.621152e-08,9.621940e-08,9.406077e-08,9.538143e-08,9.452107e-08,9.834614e-08,9.664366e-08,9.562830e-08,9.386386e-08,9.546499e-08,9.597453e-08,9.497290e-08,9.497174e-08,9.529395e-08,9.510285e-08,9.592944e-08,9.589271e-08,9.614797e-08,9.561488e-08,9.517177e-08,9.578046e-08,9.558330e-08,9.409688e-08,9.455967e-08,9.446140e-08,9.520379e-08,9.663643e-08,9.525452e-08,9.522952e-08,9.516958e-08,9.550904e-08,9.660921e-08,9.627302e-08,9.431373e-08,9.593321e-08,9.642458e-08,9.607934e-08,9.426134e-08,9.442192e-08,9.569034e-08,9.690344e-08,9.656128e-08,9.444434e-08,9.720632e-08,9.716344e-08,9.565972e-08,9.566051e-08,9.725730e-08,9.375060e-08,9.468209e-08,9.620408e-08,9.370541e-08,9.450121e-08,9.638786e-08,
9.548715e-08,9.620159e-08,9.492328e-08,9.677669e-08,9.479857e-08,9.502099e-08,9.510334e-08,9.358552e-08,9.487168e-08,9.471066e-08,9.632925e-08,9.606662e-08,9.606809e-08,9.401857e-08,9.477287e-08,9.602675e-08,9.232714e-08,9.663714e-08,9.667219e-08,9.626983e-08,9.519062e-08,9.466132e-08,9.667131e-08,9.592875e-08,9.748707e-08,9.628448e-08,9.507265e-08,9.630230e-08,9.458217e-08,9.700784e-08,9.569279e-08,9.458043e-08,9.538569e-08,9.538817e-08,9.454763e-08,9.380247e-08,9.508190e-08,9.644635e-08,9.788937e-08,9.460839e-08,9.581712e-08,9.694080e-08,9.546616e-08,9.639402e-08,9.409179e-08,9.551918e-08,9.545636e-08,9.298552e-08,9.733164e-08,9.658410e-08,9.415466e-08,9.663019e-08,9.409849e-08,9.678783e-08,9.652359e-08,9.522635e-08,9.594794e-08,9.499664e-08,9.552785e-08,9.433260e-08,9.497916e-08,9.463641e-08,9.698786e-08,9.459813e-08,
9.490524e-08,9.551491e-08,9.546379e-08,9.533840e-08,9.547322e-08,9.487926e-08,9.531437e-08,9.403155e-08,9.522967e-08,9.600194e-08,9.347791e-08,9.632229e-08,9.687362e-08,9.608749e-08,9.673259e-08,9.470069e-08,9.450355e-08,9.645699e-08,9.632332e-08,9.392635e-08,9.675382e-08,9.638271e-08,9.391788e-08,9.669858e-08,9.627856e-08,9.776675e-08,9.426940e-08,9.538775e-08,9.517684e-08,9.501743e-08,9.540195e-08,9.468822e-08,9.521910e-08,9.507423e-08,9.538829e-08,9.417373e-08,9.475178e-08,9.587442e-08,9.674264e-08,9.470637e-08,9.551682e-08,9.576961e-08,9.490280e-08,9.575048e-08,9.479849e-08,9.475899e-08,9.619530e-08,9.602088e-08,9.630237e-08,9.491656e-08,9.639643e-08,9.502991e-08,9.613774e-08,9.415234e-08,9.525537e-08,9.631786e-08,9.562039e-08,9.567957e-08,9.310217e-08,9.445252e-08,9.636711e-08,9.514836e-08,9.543110e-08,9.454278e-08,
9.688810e-08,9.695264e-08,9.556354e-08,9.610230e-08,9.619857e-08,9.643085e-08,9.578451e-08,9.537706e-08,9.692706e-08,9.586805e-08,9.450934e-08,9.556376e-08,9.685013e-08,9.604602e-08,9.612433e-08,9.557349e-08,9.384879e-08,9.621841e-08,9.486741e-08,9.579141e-08,9.553274e-08,9.541289e-08,9.605729e-08,9.470432e-08,9.741689e-08,9.684093e-08,9.674402e-08,9.568670e-08,9.629480e-08,9.521161e-08,9.564671e-08,9.375036e-08,9.636361e-08,9.451441e-08,9.622743e-08,9.511022e-08,9.411366e-08,9.523815e-08,9.638969e-08,9.555162e-08,9.406642e-08,9.471818e-08,9.389272e-08,9.551775e-08,9.557194e-08,9.515989e-08,9.439199e-08,9.502980e-08,9.548391e-08,9.569112e-08,9.593501e-08,9.582141e-08,9.464891e-08,9.518273e-08,9.461485e-08,9.652827e-08,9.560705e-08,9.530737e-08,9.624029e-08,9.654490e-08,9.460940e-08,9.573106e-08,9.633555e-08,9.654541e-08,
9.668831e-08,9.565178e-08,9.460597e-08,9.581895e-08,9.670063e-08,9.536350e-08,9.704198e-08,9.384775e-08,9.557065e-08,9.608361e-08,9.670741e-08,9.598063e-08,9.590556e-08,9.591306e-08,9.661175e-08,9.461977e-08,9.381471e-08,9.421250e-08,9.636941e-08,9.578448e-08,9.656387e-08,9.555155e-08,9.483309e-08,9.486070e-08,9.603271e-08,9.631621e-08,9.499537e-08,9.470865e-08,9.401167e-08,9.579893e-08,9.497560e-08,9.397967e-08,9.790204e-08,9.667112e-08,9.489310e-08,9.498470e-08,9.475617e-08,9.420150e-08,9.631596e-08,9.591229e-08,9.509463e-08,9.493541e-08,9.470429e-08,9.507587e-08,9.525955e-08,9.491025e-08,9.552337e-08,9.541676e-08,9.420544e-08,9.466240e-08,9.508638e-08,9.593828e-08,9.600104e-08,9.561009e-08,9.638745e-08,9.502007e-08,9.354917e-08,9.513481e-08,9.562387e-08,9.477000e-08,9.482522e-08,9.621429e-08,9.520259e-08,9.471202e-08,
9.540545e-08,9.702415e-08,9.495426e-08,9.433209e-08,9.543859e-08,9.574556e-08,9.441068e-08,9.466108e-08,9.411490e-08,9.562604e-08,9.548287e-08,9.522002e-08,9.593847e-08,9.543248e-08,9.549582e-08,9.545456e-08,9.636978e-08,9.476672e-08,9.673064e-08,9.713132e-08,9.309868e-08,9.538160e-08,9.481507e-08,9.468134e-08,9.612323e-08,9.471722e-08,9.660499e-08,9.537798e-08,9.547993e-08,9.597014e-08,9.550645e-08,9.446037e-08,9.519147e-08,9.630866e-08,9.606497e-08,9.443691e-08,9.493543e-08,9.607104e-08,9.591802e-08,9.521420e-08,9.579575e-08,9.501674e-08,9.595856e-08,9.407635e-08,9.586265e-08,9.555634e-08,9.647276e-08,9.486414e-08,9.492188e-08,9.530508e-08,9.462236e-08,9.453371e-08,9.596361e-08,9.454353e-08,9.576282e-08,9.508219e-08,9.529310e-08,9.615180e-08,9.752021e-08,9.567686e-08,9.561224e-08,9.489351e-08,9.646971e-08,9.488453e-08,
9.703238e-08,9.459942e-08,9.420031e-08,9.545126e-08,9.452506e-08,9.581408e-08,9.575128e-08,9.426545e-08,9.520449e-08,9.499055e-08,9.635100e-08,9.465514e-08,9.709528e-08,9.581228e-08,9.485843e-08,9.531819e-08,9.646579e-08,9.590492e-08,9.484267e-08,9.515375e-08,9.627729e-08,9.571192e-08,9.541214e-08,9.558131e-08,9.644721e-08,9.599286e-08,9.435888e-08,9.666408e-08,9.509579e-08,9.544061e-08,9.621793e-08,9.511574e-08,9.597258e-08,9.689535e-08,9.442930e-08,9.683970e-08,9.567403e-08,9.539932e-08,9.358837e-08,9.645469e-08,9.363999e-08,9.481051e-08,9.457819e-08,9.411212e-08,9.572641e-08,9.423762e-08,9.493803e-08,9.629443e-08,9.420346e-08,9.737976e-08,9.603522e-08,9.355764e-08,9.610255e-08,9.602487e-08,9.468693e-08,9.547352e-08,9.450516e-08,9.551960e-08,9.632492e-08,9.564688e-08,9.494826e-08,9.664423e-08,9.648315e-08,9.634720e-08,
9.657410e-08,9.511803e-08,9.584226e-08,9.605731e-08,9.434533e-08,9.409893e-08,9.565464e-08,9.554898e-08,9.656739e-08,9.514378e-08,9.592582e-08,9.524945e-08,9.434246e-08,9.536028e-08,9.531210e-08,9.618133e-08,9.356681e-08,9.551873e-08,9.680959e-08,9.601458e-08,9.708180e-08,9.602869e-08,9.726358e-08,9.596506e-08,9.718775e-08,9.548792e-08,9.437818e-08,9.454910e-08,9.763468e-08,9.517691e-08,9.556213e-08,9.536786e-08,9.410631e-08,9.605557e-08,9.526699e-08,9.546324e-08,9.473429e-08,9.622368e-08,9.293850e-08,9.700423e-08,9.458746e-08,9.622997e-08,9.452630e-08,9.640694e-08,9.575802e-08,9.642834e-08,9.498145e-08,9.446252e-08,9.565808e-08,9.670372e-08,9.377077e-08,9.178578e-08,9.561727e-08,9.542629e-08,9.394236e-08,9.637225e-08,9.507003e-08,9.525610e-08,9.417634e-08,9.549387e-08,9.677696e-08,9.589804e-08,9.506280e-08,9.413721e-08,
9.542211e-08,9.658468e-08,9.588379e-08,9.350200e-08,9.480389e-08,9.545380e-08,9.579652e-08,9.672119e-08,9.490252e-08,9.516600e-08,9.758577e-08,9.564591e-08,9.470359e-08,9.465394e-08,9.582627e-08,9.681612e-08,9.512724e-08,9.636004e-08,9.697939e-08,9.522655e-08,9.610101e-08,9.534743e-08,9.694808e-08,9.468514e-08,9.602640e-08,9.592764e-08,9.487507e-08,9.664617e-08,9.647244e-08,9.674038e-08,9.597496e-08,9.535558e-08,9.489374e-08,9.571296e-08,9.755951e-08,9.511300e-08,9.427047e-08,9.578651e-08,9.606900e-08,9.544647e-08,9.610105e-08,9.569534e-08,9.460647e-08,9.697756e-08,9.455604e-08,9.434517e-08,9.458744e-08,9.553304e-08,9.583630e-08,9.474632e-08,9.501860e-08,9.471974e-08,9.644108e-08,9.551234e-08,9.543418e-08,9.416466e-08,9.516631e-08,9.589303e-08,9.600938e-08,9.561873e-08,9.570853e-08,9.640596e-08,9.513105e-08,9.483877e-08,
9.435776e-08,9.636193e-08,9.725989e-08,9.383923e-08,9.632057e-08,9.540688e-08,9.695392e-08,9.588722e-08,9.437893e-08,9.580586e-08,9.625630e-08,9.436875e-08,9.595268e-08,9.737985e-08,9.556986e-08,9.596317e-08,9.576197e-08,9.409393e-08,9.657735e-08,9.309751e-08,9.555670e-08,9.519515e-08,9.583505e-08,9.644033e-08,9.367466e-08,9.452216e-08,9.659148e-08,9.340375e-08,9.562813e-08,9.326298e-08,9.558637e-08,9.610738e-08,9.427376e-08,9.641269e-08,9.615039e-08,9.673054e-08,9.679971e-08,9.558441e-08,9.474741e-08,9.649052e-08,9.526892e-08,9.411553e-08,9.524005e-08,9.540833e-08,9.456322e-08,9.467662e-08,9.506319e-08,9.642037e-08,9.488672e-08,9.610505e-08,9.373121e-08,9.650656e-08,9.420734e-08,9.605461e-08,9.486963e-08,9.637066e-08,9.743036e-08,9.555401e-08,9.262258e-08,9.711042e-08,9.628865e-08,9.431015e-08,9.636930e-08,9.582608e-08,
9.725383e-08,9.517130e-08,9.473096e-08,9.564240e-08,9.518602e-08,9.410971e-08,9.575982e-08,9.420184e-08,9.604079e-08,9.492700e-08,9.461500e-08,9.632614e-08,9.810973e-08,9.682972e-08,9.631445e-08,9.363359e-08,9.525691e-08,9.485767e-08,9.508747e-08,9.595385e-08,9.488927e-08,9.728400e-08,9.475777e-08,9.412220e-08,9.518339e-08,9.508242e-08,9.598061e-08,9.440728e-08,9.486065e-08,9.644908e-08,9.585486e-08,9.669528e-08,9.297785e-08,9.521027e-08,9.592459e-08,9.272844e-08,9.487107e-08,9.639246e-08,9.637006e-08,9.612672e-08,9.449867e-08,9.474930e-08,9.457110e-08,9.513819e-08,9.414240e-08,9.621931e-08,9.579190e-08,9.528115e-08,9.580977e-08,9.546372e-08,9.598916e-08,9.714215e-08,9.638624e-08,9.711472e-08,9.524177e-08,9.620272e-08,9.321399e-08,9.649806e-08,9.556218e-08,9.494911e-08,9.487246e-08,9.455573e-08,9.552027e-08,9.535012e-08,
9.478151e-08,9.424312e-08,9.500900e-08,9.550929e-08,9.456604e-08,9.456231e-08,9.505687e-08,9.599395e-08,9.492958e-08,9.429293e-08,9.742280e-08,9.575434e-08,9.406115e-08,9.522589e-08,9.468935e-08,9.778142e-08,9.599479e-08,9.760444e-08,9.697964e-08,9.676594e-08,9.411147e-08,9.532264e-08,9.499835e-08,9.558996e-08,9.689145e-08,9.674382e-08,9.661128e-08,9.359461e-08,9.297379e-08,9.621022e-08,9.466428e-08,9.390054e-08,9.545768e-08,9.493558e-08,9.708597e-08,9.513480e-08,9.579705e-08,9.555985e-08,9.661771e-08,9.485264e-08,9.503803e-08,9.502402e-08,9.562755e-08,9.547601e-08,9.616325e-08,9.603807e-08,9.549533e-08,9.445416e-08,9.594715e-08,9.419981e-08,9.679360e-08,9.479192e-08,9.418117e-08,9.745820e-08,9.628854e-08,9.473059e-08,9.584048e-08,9.574179e-08,9.614308e-08,9.449509e-08,9.487761e-08,9.598354e-08,9.318754e-08,9.476991e-08,
9.724288e-08,9.531945e-08,9.520524e-08,9.604050e-08,9.323572e-08,9.652859e-08,9.671469e-08,9.593998e-08,9.650457e-08,9.538485e-08,9.643374e-08,9.582945e-08,9.551093e-08,9.605056e-08,9.646839e-08,9.627584e-08,9.626873e-08,9.591608e-08,9.460860e-08,9.550743e-08,9.496499e-08,9.524481e-08,9.404255e-08,9.613388e-08,9.573666e-08,9.368961e-08,9.463643e-08,9.555455e-08,9.661320e-08,9.613059e-08,9.572280e-08,9.653198e-08,9.529632e-08,9.518638e-08,9.585486e-08,9.422340e-08,9.640124e-08,9.478673e-08,9.443193e-08,9.570198e-08,9.627499e-08,9.787215e-08,9.369206e-08,9.408360e-08,9.639492e-08,9.432033e-08,9.477506e-08,9.359858e-08,9.418859e-08,9.610739e-08,9.525479e-08,9.428299e-08,9.437079e-08,9.627310e-08,9.527647e-08,9.498761e-08,9.639686e-08,9.449842e-08,9.522845e-08,9.415129e-08,9.445203e-08,9.383928e-08,9.469804e-08,9.475463e-08,
9.542975e-08,9.487969e-08,9.447514e-08,9.642756e-08,9.606729e-08,9.561948e-08,9.521026e-08,9.586967e-08,9.683821e-08,9.782163e-08,9.517547e-08,9.642510e-08,9.353531e-08,9.557679e-08,9.491624e-08,9.490659e-08,9.604001e-08,9.609176e-08,9.663659e-08,9.462490e-08,9.596898e-08,9.424451e-08,9.409393e-08,9.610817e-08,9.575741e-08,9.530267e-08,9.554090e-08,9.629832e-08,9.318291e-08,9.600198e-08,9.559954e-08,9.605012e-08,9.567012e-08,9.536341e-08,9.688058e-08,9.494897e-08,9.668280e-08,9.584107e-08,9.511905e-08,9.614522e-08,9.493021e-08,9.578154e-08,9.297615e-08,9.685125e-08,9.671571e-08,9.720698e-08,9.492374e-08,9.622032e-08,9.580496e-08,9.494710e-08,9.616521e-08,9.563434e-08,9.526764e-08,9.471151e-08,9.469330e-08,9.497980e-08,9.362482e-08,9.552018e-08,9.553598e-08,9.565175e-08,9.503287e-08,9.472924e-08,9.489305e-08,9.638079e-08,
9.570701e-08,9.482562e-08,9.451288e-08,9.581545e-08,9.720197e-08,9.380261e-08,9.569405e-08,9.668182e-08,9.512340e-08,9.535486e-08,9.817248e-08,9.364888e-08,9.728537e-08,9.500030e-08,9.670272e-08,9.439892e-08,9.667340e-08,9.565907e-08,9.632646e-08,9.517931e-08,9.421625e-08,9.618926e-08,9.562646e-08,9.628220e-08,9.424078e-08,9.460578e-08,9.614484e-08,9.645561e-08,9.522965e-08,9.594604e-08,9.414336e-08,9.602848e-08,9.522373e-08,9.600021e-08,9.528656e-08,9.687636e-08,9.585697e-08,9.496096e-08,9.721474e-08,9.633511e-08,9.522809e-08,9.779878e-08,9.563417e-08,9.476550e-08,9.441110e-08,9.568375e-08,9.415164e-08,9.597768e-08,9.660822e-08,9.495886e-08,9.654875e-08,9.428597e-08,9.681490e-08,9.268335e-08,9.570794e-08,9.489884e-08,9.626311e-08,9.517306e-08,9.476968e-08,9.643461e-08,9.478650e-08,9.464952e-08,9.544199e-08,9.628621e-08,
9.434317e-08,9.557151e-08,9.671347e-08,9.518280e-08,9.296593e-08,9.510097e-08,9.511503e-08,9.498603e-08,9.540478e-08,9.540731e-08,9.638446e-08,9.567159e-08,9.534617e-08,9.496225e-08,9.542043e-08,9.722881e-08,9.462780e-08,9.611912e-08,9.799441e-08,9.555428e-08,9.587673e-08,9.521078e-08,9.563614e-08,9.592383e-08,9.419313e-08,9.548812e-08,9.370301e-08,9.448156e-08,9.506441e-08,9.586777e-08,9.536161e-08,9.574065e-08,9.552347e-08,9.448414e-08,9.542125e-08,9.671213e-08,9.589768e-08,9.468089e-08,9.542496e-08,9.489209e-08,9.625657e-08,9.471743e-08,9.591551e-08,9.602656e-08,9.502248e-08,9.577082e-08,9.537779e-08,9.646358e-08,9.667329e-08,9.385863e-08,9.497211e-08,9.660319e-08,9.443455e-08,9.698272e-08,9.627878e-08,9.593946e-08,9.706786e-08,9.428855e-08,9.425168e-08,9.465239e-08,9.438247e-08,9.336215e-08,9.826982e-08,9.553537e-08,
9.414505e-08,9.680278e-08,9.603937e-08,9.574331e-08,9.524900e-08,9.653312e-08,9.643368e-08,9.734931e-08,9.534492e-08,9.740547e-08,9.380361e-08,9.502999e-08,9.553452e-08,9.419148e-08,9.520715e-08,9.499485e-08,9.441856e-08,9.826616e-08,9.526933e-08,9.696202e-08,9.799660e-08,9.569824e-08,9.628893e-08,9.499959e-08,9.725213e-08,9.470176e-08,9.651406e-08,9.554565e-08,9.372393e-08,9.693937e-08,9.596653e-08,9.567889e-08,9.457563e-08,9.399793e-08,9.605845e-08,9.599410e-08,9.519876e-08,9.490150e-08,9.625327e-08,9.587604e-08,9.695060e-08,9.662993e-08,9.390496e-08,9.489189e-08,9.653985e-08,9.356748e-08,9.382118e-08,9.511015e-08,9.516143e-08,9.540289e-08,9.592293e-08,9.518969e-08,9.734667e-08,9.522276e-08,9.573356e-08,9.587416e-08,9.589232e-08,9.364195e-08,9.567871e-08,9.474704e-08,9.512353e-08,9.588455e-08,9.608985e-08,9.579672e-08,
9.527306e-08,9.629101e-08,9.424779e-08,9.422859e-08,9.336691e-08,9.569710e-08,9.527357e-08,9.671038e-08,9.748110e-08,9.415791e-08,9.458096e-08,9.729512e-08,9.585740e-08,9.429270e-08,9.491353e-08,9.549600e-08,9.620410e-08,9.704217e-08,9.712779e-08,9.656264e-08,9.675394e-08,9.581425e-08,9.423949e-08,9.443831e-08,9.485554e-08,9.449895e-08,9.723635e-08,9.583528e-08,9.781663e-08,9.610792e-08,9.599052e-08,9.539790e-08,9.514491e-08,9.550007e-08,9.491418e-08,9.565604e-08,9.658156e-08,9.512182e-08,9.445726e-08,9.531806e-08,9.379897e-08,9.567563e-08,9.521413e-08,9.595150e-08,9.601432e-08,9.391573e-08,9.595356e-08,9.584611e-08,9.449179e-08,9.437976e-08,9.515109e-08,9.472608e-08,9.557263e-08,9.658474e-08,9.385736e-08,9.700410e-08,9.558555e-08,9.692734e-08,9.421064e-08,9.442210e-08,9.563118e-08,9.460703e-08,9.482439e-08,9.518075e-08,
9.676377e-08,9.769375e-08,9.809868e-08,9.536226e-08,9.672643e-08,9.449500e-08,9.596757e-08,9.516902e-08,9.693137e-08,9.550246e-08,9.738073e-08,9.608364e-08,9.588340e-08,9.419932e-08,9.603379e-08,9.483935e-08,9.370848e-08,9.703938e-08,9.536641e-08,9.588116e-08,9.403094e-08,9.562029e-08,9.495334e-08,9.527509e-08,9.615698e-08,9.651901e-08,9.727351e-08,9.487806e-08,9.600897e-08,9.627589e-08,9.401795e-08,9.536761e-08,9.487811e-08,9.537380e-08,9.610537e-08,9.625462e-08,9.621110e-08,9.631228e-08,9.607864e-08,9.344191e-08,9.843656e-08,9.513811e-08,9.503692e-08,9.527267e-08,9.367026e-08,9.685179e-08,9.428415e-08,9.405487e-08,9.461088e-08,9.475445e-08,9.578577e-08,9.471591e-08,9.656621e-08,9.562299e-08,9.489364e-08,9.706787e-08,9.576275e-08,9.506175e-08,9.458575e-08,9.502974e-08,9.469648e-08,9.510365e-08,9.409398e-08,9.563864e-08,
9.540630e-08,9.459228e-08,9.521901e-08,9.494574e-08,9.510683e-08,9.538620e-08,9.669308e-08,9.519340e-08,9.619020e-08,9.432378e-08,9.502597e-08,9.640685e-08,9.730883e-08,9.653821e-08,9.478385e-08,9.518952e-08,9.558662e-08,9.548213e-08,9.673820e-08,9.392705e-08,9.619003e-08,9.366875e-08,9.757574e-08,9.725448e-08,9.599057e-08,9.440305e-08,9.502655e-08,9.480633e-08,9.501082e-08,9.425030e-08,9.547472e-08,9.554702e-08,9.543378e-08,9.438387e-08,9.485016e-08,9.514855e-08,9.660925e-08,9.596722e-08,9.623584e-08,9.681727e-08,9.562793e-08,9.450226e-08,9.380190e-08,9.560345e-08,9.418176e-08,9.551855e-08,9.524490e-08,9.671305e-08,9.529866e-08,9.449551e-08,9.682960e-08,9.446848e-08,9.619359e-08,9.627522e-08,9.545522e-08,9.495616e-08,9.653730e-08,9.566671e-08,9.609566e-08,9.463092e-08,9.474065e-08,9.627478e-08,9.462293e-08,9.467340e-08,
9.433879e-08,9.575950e-08,9.647734e-08,9.693068e-08,9.496911e-08,9.496162e-08,9.502766e-08,9.756119e-08,9.477500e-08,9.424019e-08,9.436299e-08,9.702536e-08,9.445596e-08,9.513023e-08,9.499690e-08,9.572112e-08,9.750618e-08,9.658238e-08,9.626569e-08,9.585031e-08,9.476363e-08,9.619670e-08,9.485367e-08,9.445980e-08,9.470333e-08,9.528572e-08,9.503133e-08,9.547822e-08,9.572800e-08,9.531855e-08,9.544062e-08,9.571272e-08,9.691756e-08,9.700823e-08,9.537289e-08,9.493332e-08,9.503387e-08,9.567934e-08,9.664014e-08,9.490112e-08,9.502192e-08,9.593498e-08,9.572897e-08,9.467614e-08,9.468932e-08,9.612070e-08,9.490091e-08,9.551171e-08,9.551550e-08,9.460488e-08,9.591478e-08,9.438224e-08,9.823820e-08,9.714881e-08,9.612839e-08,9.512271e-08,9.751198e-08,9.555422e-08,9.534058e-08,9.402260e-08,9.547420e-08,9.626159e-08,9.618892e-08,9.327341e-08,
9.607578e-08,9.694027e-08,9.615363e-08,9.467132e-08,9.650194e-08,9.429801e-08,9.632072e-08,9.401016e-08,9.653882e-08,9.547003e-08,9.429666e-08,9.515713e-08,9.553550e-08,9.756700e-08,9.628045e-08,9.386701e-08,9.557568e-08,9.674234e-08,9.685545e-08,9.667174e-08,9.465533e-08,9.632245e-08,9.479081e-08,9.502883e-08,9.429839e-08,9.423946e-08,9.392914e-08,9.577778e-08,9.554606e-08,9.544617e-08,9.587223e-08,9.634113e-08,9.562950e-08,9.594544e-08,9.521323e-08,9.499847e-08,9.493927e-08,9.515693e-08,9.488404e-08,9.571449e-08,9.687496e-08,9.548389e-08,9.918534e-08,9.378134e-08,9.616644e-08,9.559466e-08,9.460103e-08,9.420098e-08,9.480191e-08,9.629955e-08,9.528836e-08,9.539474e-08,9.749534e-08,9.706556e-08,9.469786e-08,9.433596e-08,9.589637e-08,9.633567e-08,9.584798e-08,9.621089e-08,9.480438e-08,9.817976e-08,9.627014e-08,9.620702e-08,
9.374765e-08,9.647119e-08,9.563798e-08,9.559844e-08,9.461935e-08,9.564018e-08,9.544821e-08,9.689984e-08,9.535870e-08,9.453232e-08,9.436146e-08,9.533490e-08,9.438187e-08,9.507668e-08,9.566058e-08,9.598130e-08,9.689258e-08,9.745048e-08,9.520903e-08,9.514181e-08,9.495946e-08,9.468027e-08,9.645421e-08,9.683524e-08,9.677697e-08,9.531581e-08,9.630637e-08,9.572470e-08,9.588479e-08,9.625583e-08,9.483168e-08,9.815343e-08,9.643300e-08,9.361359e-08,9.576689e-08,9.467737e-08,9.616707e-08,9.542192e-08,9.645488e-08,9.646465e-08,9.650489e-08,9.547142e-08,9.615070e-08,9.471443e-08,9.565819e-08,9.563900e-08,9.553656e-08,9.469569e-08,9.702639e-08,9.543573e-08,9.603302e-08,9.602751e-08,9.513883e-08,9.431894e-08,9.631182e-08,9.502214e-08,9.379629e-08,9.865560e-08,9.495663e-08,9.558270e-08,9.721837e-08,9.561385e-08,9.539028e-08,9.514932e-08,
9.487151e-08,9.367129e-08,9.423854e-08,9.575698e-08,9.395683e-08,9.574408e-08,9.511084e-08,9.538205e-08,9.584742e-08,9.547346e-08,9.642224e-08,9.380702e-08,9.700598e-08,9.574702e-08,9.630446e-08,9.538443e-08,9.503257e-08,9.580631e-08,9.591828e-08,9.542164e-08,9.408161e-08,9.561613e-08,9.632722e-08,9.738135e-08,9.306091e-08,9.543496e-08,9.548229e-08,9.583820e-08,9.682684e-08,9.496347e-08,9.817600e-08,9.566273e-08,9.399429e-08,9.646507e-08,9.609091e-08,9.441825e-08,9.423920e-08,9.621823e-08,9.741055e-08,9.489124e-08,9.442071e-08,9.630643e-08,9.581935e-08,9.764904e-08,9.742392e-08,9.764844e-08,9.540852e-08,9.359941e-08,9.769668e-08,9.529360e-08,9.592892e-08,9.613316e-08,9.547046e-08,9.545269e-08,9.597737e-08,9.554406e-08,9.518906e-08,9.337026e-08,9.547041e-08,9.535906e-08,9.507690e-08,9.555122e-08,9.409385e-08,9.529271e-08,
9.663704e-08,9.602577e-08,9.607743e-08,9.594609e-08,9.418738e-08,9.418531e-08,9.750552e-08,9.448513e-08,9.533226e-08,9.610808e-08,9.587562e-08,9.555632e-08,9.664199e-08,9.571082e-08,9.685787e-08,9.715681e-08,9.655959e-08,9.499512e-08,9.514340e-08,9.679988e-08,9.631072e-08,9.658520e-08,9.556798e-08,9.602310e-08,9.565380e-08,9.494923e-08,9.606391e-08,9.498486e-08,9.569755e-08,9.561027e-08,9.556984e-08,9.630645e-08,9.434815e-08,9.528766e-08,9.560634e-08,9.456496e-08,9.525915e-08,9.563910e-08,9.648848e-08,9.649319e-08,9.583624e-08,9.562316e-08,9.428216e-08,9.466019e-08,9.664165e-08,9.586338e-08,9.524325e-08,9.524544e-08,9.393524e-08,9.337508e-08,9.629579e-08,9.665252e-08,9.539991e-08,9.479312e-08,9.670535e-08,9.586775e-08,9.675469e-08,9.644473e-08,9.487075e-08,9.811363e-08,9.497519e-08,9.528861e-08,9.446604e-08,9.619381e-08,
9.458848e-08,9.308458e-08,9.456942e-08,9.561395e-08,9.493023e-08,9.764299e-08,9.576370e-08,9.515795e-08,9.404430e-08,9.512612e-08,9.441912e-08,9.507433e-08,9.644511e-08,9.492911e-08,9.464662e-08,9.698557e-08,9.596859e-08,9.614411e-08,9.538445e-08,9.660818e-08,9.637068e-08,9.373741e-08,9.555571e-08,9.560291e-08,9.478310e-08,9.508009e-08,9.532236e-08,9.529060e-08,9.709436e-08,9.635368e-08,9.558584e-08,9.508013e-08,9.526858e-08,9.441030e-08,9.650839e-08,9.337033e-08,9.520604e-08,9.564696e-08,9.350701e-08,9.370201e-08,9.654402e-08,9.514977e-08,9.546970e-08,9.543724e-08,9.343340e-08,9.568111e-08,9.688437e-08,9.419075e-08,9.713919e-08,9.422031e-08,9.506531e-08,9.737820e-08,9.565782e-08,9.459951e-08,9.530265e-08,9.554415e-08,9.474673e-08,9.390940e-08,9.516123e-08,9.505371e-08,9.602371e-08,9.409123e-08,9.805992e-08,9.453311e-08,
9.812969e-08,9.452739e-08,9.483892e-08,9.541390e-08,9.453212e-08,9.380806e-08,9.388947e-08,9.789140e-08,9.362525e-08,9.617045e-08,9.582032e-08,9.344731e-08,9.423491e-08,9.549637e-08,9.502966e-08,9.527145e-08,9.611244e-08,9.566713e-08,9.462308e-08,9.574700e-08,9.580405e-08,9.597751e-08,9.617120e-08,9.568472e-08,9.663522e-08,9.574470e-08,9.690196e-08,9.442798e-08,9.536311e-08,9.418330e-08,9.505502e-08,9.473244e-08,9.624123e-08,9.649207e-08,9.428999e-08,9.521896e-08,9.470584e-08,9.587344e-08,9.519436e-08,9.664093e-08,9.390786e-08,9.556121e-08,9.445221e-08,9.572275e-08,9.520238e-08,9.522263e-08,9.433706e-08,9.637703e-08,9.329879e-08,9.635807e-08,9.607147e-08,9.582902e-08,9.705672e-08,9.707745e-08,9.546261e-08,9.485250e-08,9.606285e-08,9.644609e-08,9.699306e-08,9.456438e-08,9.715410e-08,9.533931e-08,9.571154e-08,9.410195e-08,
9.553310e-08,9.618268e-08,9.665385e-08,9.392203e-08,9.683765e-08,9.468176e-08,9.595125e-08,9.464555e-08,9.718656e-08,9.592479e-08,9.570729e-08,9.705456e-08,9.738816e-08,9.437892e-08,9.580333e-08,9.501228e-08,9.558956e-08,9.571490e-08,9.550971e-08,9.634045e-08,9.611742e-08,9.508496e-08,9.522611e-08,9.470260e-08,9.589896e-08,9.498454e-08,9.576491e-08,9.556015e-08,9.466476e-08,9.655216e-08,9.690505e-08,9.528916e-08,9.573978e-08,9.571779e-08,9.631740e-08,9.450735e-08,9.523247e-08,9.630120e-08,9.657491e-08,9.447384e-08,9.486674e-08,9.665557e-08,9.564442e-08,9.681457e-08,9.512575e-08,9.565509e-08,9.583096e-08,9.715179e-08,9.436603e-08,9.518055e-08,9.636457e-08,9.432993e-08,9.546729e-08,9.655766e-08,9.575438e-08,9.609355e-08,9.533104e-08,9.676917e-08,9.748785e-08,9.291217e-08,9.565307e-08,9.512278e-08,9.400495e-08,9.446158e-08,
9.649762e-08,9.623975e-08,9.429942e-08,9.586153e-08,9.480755e-08,9.478165e-08,9.652486e-08,9.512381e-08,9.474068e-08,9.488458e-08,9.732783e-08,9.512709e-08,9.569586e-08,9.617813e-08,9.642589e-08,9.593702e-08,9.546849e-08,9.541701e-08,9.691848e-08,9.491470e-08,9.543170e-08,9.527999e-08,9.456309e-08,9.499487e-08,9.647619e-08,9.580500e-08,9.551418e-08,9.383611e-08,9.368687e-08,9.453644e-08,9.574156e-08,9.623505e-08,9.477908e-08,9.571876e-08,9.418790e-08,9.486737e-08,9.626265e-08,9.536808e-08,9.588162e-08,9.663733e-08,9.903336e-08,9.633568e-08,9.420695e-08,9.524902e-08,9.546400e-08,9.544308e-08,9.438164e-08,9.486866e-08,9.467064e-08,9.395789e-08,9.455906e-08,9.602058e-08,9.559999e-08,9.395874e-08,9.524901e-08,9.601051e-08,9.577108e-08,9.587116e-08,9.497633e-08,9.567981e-08,9.696440e-08,9.629482e-08,9.510483e-08,9.518520e-08,
9.650113e-08,9.608536e-08,9.680800e-08,9.647576e-08,9.411194e-08,9.540087e-08,9.534674e-08,9.464597e-08,9.621422e-08,9.349103e-08,9.599944e-08,9.517753e-08,9.491886e-08,9.409211e-08,9.641909e-08,9.669411e-08,9.539348e-08,9.558591e-08,9.504490e-08,9.655137e-08,9.443009e-08,9.472594e-08,9.396643e-08,9.514863e-08,9.508303e-08,9.488010e-08,9.300614e-08,9.591653e-08,9.801743e-08,9.444088e-08,9.606898e-08,9.599600e-08,9.475457e-08,9.550269e-08,9.648756e-08,9.715161e-08,9.659916e-08,9.488979e-08,9.462993e-08,9.581670e-08,9.583964e-08,9.612049e-08,9.790590e-08,9.651381e-08,9.475629e-08,9.463780e-08,9.639673e-08,9.510223e-08,9.587433e-08,9.491750e-08,9.512556e-08,9.613471e-08,9.571853e-08,9.502391e-08,9.403278e-08,9.612001e-08,9.577423e-08,9.637645e-08,9.391447e-08,9.494175e-08,9.731493e-08,9.504579e-08,9.524836e-08,9.507604e-08,
9.615952e-08,9.643181e-08,9.515480e-08,9.469396e-08,9.536937e-08,9.523415e-08,9.606813e-08,9.563823e-08,9.511664e-08,9.632890e-08,9.714299e-08,9.618732e-08,9.543797e-08,9.536408e-08,9.515683e-08,9.436990e-08,9.553950e-08,9.621215e-08,9.644828e-08,9.734651e-08,9.487915e-08,9.675759e-08,9.523282e-08,9.620036e-08,9.594926e-08,9.481703e-08,9.566559e-08,9.478904e-08,9.676381e-08,9.549987e-08,9.401243e-08,9.444966e-08,9.564124e-08,9.583141e-08,9.596169e-08,9.430107e-08,9.353198e-08,9.646432e-08,9.543766e-08,9.477363e-08,9.515688e-08,9.611279e-08,9.478909e-08,9.463704e-08,9.580071e-08,9.409171e-08,9.624494e-08,9.609118e-08,9.738356e-08,9.644171e-08,9.710252e-08,9.613209e-08,9.570860e-08,9.591115e-08,9.557028e-08,9.458730e-08,9.584329e-08,9.548380e-08,9.530710e-08,9.518680e-08,9.575102e-08,9.613562e-08,9.664860e-08,9.526055e-08,
9.578351e-08,9.592202e-08,9.549680e-08,9.576275e-08,9.612999e-08,9.548541e-08,9.621336e-08,9.520211e-08,9.563299e-08,9.536344e-08,9.518015e-08,9.759692e-08,9.508687e-08,9.431518e-08,9.498653e-08,9.677593e-08,9.581455e-08,9.564051e-08,9.674354e-08,9.582748e-08,9.552608e-08,9.728131e-08,9.664727e-08,9.557798e-08,9.493126e-08,9.508334e-08,9.465770e-08,9.551203e-08,9.490974e-08,9.524761e-08,9.504334e-08,9.591258e-08,9.606226e-08,9.436777e-08,9.612581e-08,9.708634e-08,9.642617e-08,9.421755e-08,9.569712e-08,9.769076e-08,9.462162e-08,9.564292e-08,9.651227e-08,9.712849e-08,9.511455e-08,9.540933e-08,9.639113e-08,9.602598e-08,9.528439e-08,9.547984e-08,9.653902e-08,9.512244e-08,9.306368e-08,9.540185e-08,9.439702e-08,9.605982e-08,9.569913e-08,9.499693e-08,9.583735e-08,9.389803e-08,9.407030e-08,9.663700e-08,9.574469e-08,9.580639e-08,
9.611181e-08,9.495594e-08,9.573250e-08,9.497071e-08,9.474026e-08,9.591921e-08,9.601500e-08,9.594920e-08,9.453593e-08,9.416720e-08,9.475886e-08,9.700534e-08,9.610304e-08,9.717484e-08,9.472341e-08,9.586060e-08,9.618139e-08,9.628531e-08,9.649706e-08,9.477613e-08,9.528933e-08,9.524102e-08,9.538891e-08,9.567842e-08,9.629451e-08,9.616884e-08,9.581986e-08,9.668297e-08,9.654420e-08,9.504418e-08,9.587694e-08,9.487031e-08,9.609445e-08,9.697299e-08,9.541965e-08,9.560114e-08,9.722895e-08,9.550506e-08,9.797670e-08,9.764782e-08,9.471053e-08,9.675771e-08,9.493674e-08,9.496817e-08,9.409947e-08,9.539613e-08,9.850868e-08,9.642776e-08,9.586886e-08,9.592351e-08,9.778940e-08,9.609435e-08,9.634583e-08,9.610272e-08,9.486631e-08,9.478239e-08,9.572397e-08,9.508074e-08,9.411534e-08,9.686309e-08,9.508949e-08,9.537115e-08,9.653435e-08,9.647697e-08,
9.624567e-08,9.519285e-08,9.637079e-08,9.547775e-08,9.683820e-08,9.447177e-08,9.643607e-08,9.326195e-08,9.441892e-08,9.424097e-08,9.498486e-08,9.637202e-08,9.577383e-08,9.649528e-08,9.630624e-08,9.795281e-08,9.478210e-08,9.382745e-08,9.630201e-08,9.709644e-08,9.734074e-08,9.398099e-08,9.512091e-08,9.647033e-08,9.565511e-08,9.637013e-08,9.466517e-08,9.564459e-08,9.626046e-08,9.580638e-08,9.692980e-08,9.620586e-08,9.538011e-08,9.567625e-08,9.616131e-08,9.555204e-08,9.542066e-08,9.515340e-08,9.596079e-08,9.554216e-08,9.541992e-08,9.650956e-08,9.549879e-08,9.475005e-08,9.510380e-08,9.436566e-08,9.712070e-08,9.633830e-08,9.619102e-08,9.706098e-08,9.494310e-08,9.433097e-08,9.418008e-08,9.614745e-08,9.628272e-08,9.523937e-08,9.668993e-08,9.635587e-08,9.393158e-08,9.564159e-08,9.562835e-08,9.667564e-08,9.677221e-08,9.548465e-08,
9.584146e-08,9.465100e-08,9.432228e-08,9.754371e-08,9.502101e-08,9.560219e-08,9.567395e-08,9.654403e-08,9.456616e-08,9.479888e-08,9.428761e-08,9.578051e-08,9.710010e-08,9.646094e-08,9.588067e-08,9.408238e-08,9.633214e-08,9.412032e-08,9.712021e-08,9.765216e-08,9.547467e-08,9.605457e-08,9.578444e-08,9.445592e-08,9.621983e-08,9.619807e-08,9.547377e-08,9.738315e-08,9.653177e-08,9.599304e-08,9.460688e-08,9.565079e-08,9.569992e-08,9.500236e-08,9.749408e-08,9.508756e-08,9.560801e-08,9.491138e-08,9.728008e-08,9.680982e-08,9.673565e-08,9.588658e-08,9.594132e-08,9.786025e-08,9.404519e-08,9.427108e-08,9.550886e-08,9.460946e-08,9.655509e-08,9.475621e-08,9.541253e-08,9.513461e-08,9.542157e-08,9.534610e-08,9.627753e-08,9.539453e-08,9.587820e-08,9.484583e-08,9.490377e-08,9.705335e-08,9.504201e-08,9.538817e-08,9.591501e-08,9.596396e-08,
9.686014e-08,9.594565e-08,9.698985e-08,9.565607e-08,9.507901e-08,9.490850e-08,9.595427e-08,9.507885e-08,9.627163e-08,9.707136e-08,9.563464e-08,9.667486e-08,9.486794e-08,9.600735e-08,9.685498e-08,9.542085e-08,9.543890e-08,9.471376e-08,9.609718e-08,9.666702e-08,9.548222e-08,9.643318e-08,9.528959e-08,9.421048e-08,9.647071e-08,9.301583e-08,9.727768e-08,9.692232e-08,9.620478e-08,9.571896e-08,9.611875e-08,9.574464e-08,9.543125e-08,9.425608e-08,9.750631e-08,9.656946e-08,9.590180e-08,9.600388e-08,9.587086e-08,9.565514e-08,9.431080e-08,9.581317e-08,9.613758e-08,9.410917e-08,9.471594e-08,9.598215e-08,9.735834e-08,9.565267e-08,9.592634e-08,9.571460e-08,9.547553e-08,9.716745e-08,9.718591e-08,9.462300e-08,9.479972e-08,9.605264e-08,9.469615e-08,9.608853e-08,9.538609e-08,9.487077e-08,9.599213e-08,9.594707e-08,9.497608e-08,9.556607e-08,
9.545972e-08,9.521142e-08,9.526925e-08,9.551474e-08,9.749898e-08,9.643252e-08,9.724556e-08,9.385856e-08,9.566007e-08,9.421638e-08,9.360195e-08,9.677741e-08,9.510380e-08,9.570081e-08,9.530576e-08,9.627299e-08,9.670353e-08,9.683723e-08,9.427361e-08,9.552581e-08,9.561110e-08,9.517172e-08,9.569285e-08,9.642189e-08,9.474747e-08,9.598213e-08,9.638227e-08,9.624558e-08,9.472725e-08,9.617224e-08,9.443756e-08,9.433805e-08,9.606306e-08,9.560157e-08,9.642238e-08,9.513941e-08,9.480160e-08,9.682346e-08,9.664597e-08,9.625051e-08,9.481774e-08,9.505342e-08,9.739234e-08,9.566346e-08,9.566534e-08,9.551064e-08,9.600807e-08,9.536989e-08,9.511711e-08,9.421457e-08,9.406755e-08,9.489683e-08,9.555527e-08,9.576723e-08,9.527007e-08,9.532039e-08,9.589098e-08,9.573784e-08,9.564679e-08,9.500050e-08,9.582697e-08,9.618558e-08,9.496623e-08,9.773833e-08,
9.607475e-08,9.586489e-08,9.525978e-08,9.748386e-08,9.668884e-08,9.582380e-08,9.500085e-08,9.603250e-08,9.436235e-08,9.654454e-08,9.657100e-08,9.618801e-08,9.626982e-08,9.651677e-08,9.602120e-08,9.524288e-08,9.522420e-08,9.582940e-08,9.402699e-08,9.617853e-08,9.698825e-08,9.654656e-08,9.644940e-08,9.390483e-08,9.552077e-08,9.571937e-08,9.436002e-08,9.495408e-08,9.468042e-08,9.663286e-08,9.595827e-08,9.672113e-08,9.552222e-08,9.418380e-08,9.549548e-08,9.498272e-08,9.515405e-08,9.582432e-08,9.490264e-08,9.620061e-08,9.532209e-08,9.600442e-08,9.755391e-08,9.503838e-08,9.609132e-08,9.491242e-08,9.583620e-08,9.487245e-08,9.463017e-08,9.442747e-08,9.460704e-08,9.409574e-08,9.703622e-08,9.488573e-08,9.507113e-08,9.531801e-08,9.653665e-08,9.408711e-08,9.482900e-08,9.504444e-08,9.546929e-08,9.517141e-08,9.589986e-08,9.487510e-08,
9.605877e-08,9.668023e-08,9.518989e-08,9.540536e-08,9.708574e-08,9.444035e-08,9.749509e-08,9.526090e-08,9.844465e-08,9.536288e-08,9.406866e-08,9.514589e-08,9.605431e-08,9.531363e-08,9.587329e-08,9.460262e-08,9.613066e-08,9.530888e-08,9.523787e-08,9.391149e-08,9.455238e-08,9.674785e-08,9.556003e-08,9.446522e-08,9.475739e-08,9.449899e-08,9.605942e-08,9.531222e-08,9.404239e-08,9.748168e-08,9.571913e-08,9.528228e-08,9.596319e-08,9.338966e-08,9.598719e-08,9.518054e-08,9.600357e-08,9.489651e-08,9.446654e-08,9.586921e-08,9.424038e-08,9.562763e-08,9.614627e-08,9.306564e-08,9.686425e-08,9.358393e-08,9.568429e-08,9.410394e-08,9.349504e-08,9.579048e-08,9.474897e-08,9.702450e-08,9.564137e-08,9.460502e-08,9.615006e-08,9.607737e-08,9.490208e-08,9.631594e-08,9.482229e-08,9.617902e-08,9.541827e-08,9.597756e-08,9.421028e-08,9.594304e-08,
9.474502e-08,9.579491e-08,9.490037e-08,9.699474e-08,9.539243e-08,9.515164e-08,9.632833e-08,9.500746e-08,9.548391e-08,9.471650e-08,9.468328e-08,9.562747e-08,9.606063e-08,9.704622e-08,9.483942e-08,9.605590e-08,9.670036e-08,9.365862e-08,9.460517e-08,9.521309e-08,9.554982e-08,9.483763e-08,9.565834e-08,9.470502e-08,9.395326e-08,9.562785e-08,9.633817e-08,9.765754e-08,9.340408e-08,9.425810e-08,9.534859e-08,9.601067e-08,9.649153e-08,9.571633e-08,9.732274e-08,9.395033e-08,9.552099e-08,9.672335e-08,9.692746e-08,9.517507e-08,9.492543e-08,9.594196e-08,9.403195e-08,9.739446e-08,9.772184e-08,9.483673e-08,9.457900e-08,9.699510e-08,9.663063e-08,9.583910e-08,9.624638e-08,9.413833e-08,9.449076e-08,9.538564e-08,9.413853e-08,9.632871e-08,9.453347e-08,9.502372e-08,9.693207e-08,9.596521e-08,9.511870e-08,9.634601e-08,9.655401e-08,9.409218e-08,
9.559923e-08,9.455880e-08,9.557129e-08,9.507726e-08,9.530790e-08,9.500269e-08,9.488318e-08,9.556936e-08,9.489337e-08,9.524392e-08,9.546273e-08,9.564096e-08,9.475909e-08,9.606328e-08,9.415310e-08,9.681724e-08,9.434052e-08,9.492924e-08,9.502485e-08,9.583282e-08,9.547355e-08,9.403031e-08,9.352112e-08,9.432631e-08,9.592431e-08,9.540266e-08,9.665033e-08,9.590239e-08,9.543918e-08,9.465577e-08,9.641691e-08,9.528737e-08,9.681557e-08,9.577145e-08,9.607568e-08,9.659108e-08,9.596938e-08,9.383347e-08,9.556583e-08,9.644870e-08,9.634158e-08,9.660177e-08,9.573911e-08,9.487081e-08,9.550422e-08,9.403971e-08,9.650479e-08,9.576666e-08,9.448738e-08,9.607165e-08,9.460387e-08,9.436222e-08,9.364303e-08,9.484281e-08,9.741262e-08,9.616479e-08,9.733152e-08,9.476247e-08,9.735331e-08,9.411729e-08,9.625283e-08,9.623941e-08,9.524736e-08,9.468657e-08,
9.360410e-08,9.591832e-08,9.444370e-08,9.516791e-08,9.500822e-08,9.724771e-08,9.521823e-08,9.624852e-08,9.695888e-08,9.573150e-08,9.569706e-08,9.566591e-08,9.347527e-08,9.511105e-08,9.496500e-08,9.549659e-08,9.566468e-08,9.487568e-08,9.415222e-08,9.628857e-08,9.843864e-08,9.657731e-08,9.678269e-08,9.543100e-08,9.537447e-08,9.658514e-08,9.588199e-08,9.519304e-08,9.584005e-08,9.687059e-08,9.575572e-08,9.485729e-08,9.440378e-08,9.369549e-08,9.554639e-08,9.555833e-08,9.626241e-08,9.365179e-08,9.589814e-08,9.569467e-08,9.389086e-08,9.652444e-08,9.678926e-08,9.427380e-08,9.672571e-08,9.526416e-08,9.547505e-08,9.456021e-08,9.550124e-08,9.519868e-08,9.432359e-08,9.461200e-08,9.431026e-08,9.623099e-08,9.511012e-08,9.632211e-08,9.670524e-08,9.725194e-08,9.672187e-08,9.676650e-08,9.718729e-08,9.560307e-08,9.684164e-08,9.516469e-08,
9.470873e-08,9.538147e-08,9.496945e-08,9.611425e-08,9.675395e-08,9.544920e-08,9.625047e-08,9.454850e-08,9.366593e-08,9.561445e-08,9.425848e-08,9.576643e-08,9.582792e-08,9.605029e-08,9.550589e-08,9.441018e-08,9.450127e-08,9.493457e-08,9.394955e-08,9.567840e-08,9.408178e-08,9.434383e-08,9.593153e-08,9.401294e-08,9.530863e-08,9.643273e-08,9.459081e-08,9.478056e-08,9.532576e-08,9.635556e-08,9.561066e-08,9.571321e-08,9.708199e-08,9.621652e-08,9.534563e-08,9.718935e-08,9.587667e-08,9.551198e-08,9.513958e-08,9.548146e-08,9.453282e-08,9.548062e-08,9.526114e-08,9.537744e-08,9.511178e-08,9.570989e-08,9.647433e-08,9.622544e-08,9.435208e-08,9.424420e-08,9.626164e-08,9.612608e-08,9.553401e-08,9.462385e-08,9.470950e-08,9.584592e-08,9.634806e-08,9.653405e-08,9.645913e-08,9.619678e-08,9.738912e-08,9.451176e-08,9.553974e-08,9.538075e-08,
9.620000e-08,9.639209e-08,9.679709e-08,9.442462e-08,9.548053e-08,9.564640e-08,9.561691e-08,9.541819e-08,9.605060e-08,9.570629e-08,9.585711e-08,9.676922e-08,9.774600e-08,9.484298e-08,9.409381e-08,9.626035e-08,9.515234e-08,9.464778e-08,9.555749e-08,9.391964e-08,9.565801e-08,9.396173e-08,9.527898e-08,9.525691e-08,9.610672e-08,9.732694e-08,9.502294e-08,9.453775e-08,9.448594e-08,9.579061e-08,9.581867e-08,9.591662e-08,9.447727e-08,9.548689e-08,9.540640e-08,9.533697e-08,9.608301e-08,9.431636e-08,9.479929e-08,9.525644e-08,9.644302e-08,9.571100e-08,9.541029e-08,9.459985e-08,9.491706e-08,9.716088e-08,9.619207e-08,9.622334e-08,9.617958e-08,9.482786e-08,9.619205e-08,9.357179e-08,9.487608e-08,9.421037e-08,9.513900e-08,9.392142e-08,9.661453e-08,9.571352e-08,9.564609e-08,9.545404e-08,9.681059e-08,9.481185e-08,9.561934e-08,9.467664e-08,
9.451260e-08,9.667035e-08,9.574357e-08,9.482532e-08,9.461853e-08,9.449119e-08,9.517937e-08,9.468237e-08,9.625290e-08,9.572958e-08,9.485661e-08,9.465979e-08,9.494199e-08,9.564094e-08,9.453326e-08,9.541403e-08,9.591902e-08,9.504968e-08,9.570662e-08,9.665054e-08,9.567991e-08,9.344975e-08,9.752068e-08,9.529942e-08,9.499816e-08,9.566479e-08,9.605313e-08,9.571740e-08,9.717768e-08,9.353935e-08,9.535067e-08,9.517544e-08,9.564502e-08,9.594296e-08,9.704515e-08,9.690722e-08,9.587942e-08,9.450663e-08,9.584104e-08,9.450413e-08,9.387008e-08,9.497644e-08,9.592646e-08,9.451010e-08,9.631868e-08,9.623134e-08,9.376577e-08,9.573315e-08,9.743446e-08,9.616824e-08,9.481363e-08,9.443581e-08,9.534524e-08,9.536062e-08,9.501738e-08,9.554307e-08,9.396945e-08,9.422977e-08,9.457477e-08,9.610834e-08,9.513322e-08,9.341273e-08,9.631210e-08,9.559492e-08,
9.644389e-08,9.579813e-08,9.712335e-08,9.489675e-08,9.512936e-08,9.645323e-08,9.397812e-08,9.518526e-08,9.544069e-08,9.639227e-08,9.614591e-08,9.652038e-08,9.546462e-08,9.537018e-08,9.503653e-08,9.459319e-08,9.770406e-08,9.678697e-08,9.554300e-08,9.615703e-08,9.627520e-08,9.476938e-08,9.516988e-08,9.604269e-08,9.428401e-08,9.538496e-08,9.583556e-08,9.573722e-08,9.457155e-08,9.387949e-08,9.388986e-08,9.678799e-08,9.653044e-08,9.651222e-08,9.482999e-08,9.500998e-08,9.529682e-08,9.389191e-08,9.616589e-08,9.536083e-08,9.507031e-08,9.448956e-08,9.771894e-08,9.375259e-08,9.677733e-08,9.490550e-08,9.473223e-08,9.562485e-08,9.653265e-08,9.638516e-08,9.579725e-08,9.626227e-08,9.712284e-08,9.617249e-08,9.473102e-08,9.506260e-08,9.616203e-08,9.425610e-08,9.625704e-08,9.583685e-08,9.562476e-08,9.657527e-08,9.477083e-08,9.521754e-08,
9.684443e-08,9.617598e-08,9.448395e-08,9.530711e-08,9.502480e-08,9.744854e-08,9.579445e-08,9.562094e-08,9.544127e-08,9.634651e-08,9.561489e-08,9.460421e-08,9.561395e-08,9.567266e-08,9.492848e-08,9.442935e-08,9.618702e-08,9.741821e-08,9.621637e-08,9.508563e-08,9.500534e-08,9.650001e-08,9.618711e-08,9.630021e-08,9.506221e-08,9.723673e-08,9.524960e-08,9.761455e-08,9.413899e-08,9.508592e-08,9.520827e-08,9.532035e-08,9.526248e-08,9.439363e-08,9.617599e-08,9.604735e-08,9.557946e-08,9.437702e-08,9.328749e-08,9.650585e-08,9.532733e-08,9.509304e-08,9.570730e-08,9.537201e-08,9.541757e-08,9.623731e-08,9.607450e-08,9.656219e-08,9.497797e-08,9.498536e-08,9.472083e-08,9.376161e-08,9.396084e-08,9.636717e-08,9.680422e-08,9.426112e-08,9.628970e-08,9.532500e-08,9.513057e-08,9.728367e-08,9.439716e-08,9.430478e-08,9.682426e-08,9.468804e-08,
9.441732e-08,9.594447e-08,9.690258e-08,9.521115e-08,9.648873e-08,9.634531e-08,9.622262e-08,9.733707e-08,9.461569e-08,9.667866e-08,9.509042e-08,9.465679e-08,9.513446e-08,9.594609e-08,9.515876e-08,9.452580e-08,9.547753e-08,9.585624e-08,9.553575e-08,9.626816e-08,9.443754e-08,9.723825e-08,9.408261e-08,9.668555e-08,9.560635e-08,9.671565e-08,9.426820e-08,9.516777e-08,9.431794e-08,9.668256e-08,9.621760e-08,9.562438e-08,9.314969e-08,9.691015e-08,9.763113e-08,9.461622e-08,9.554415e-08,9.619246e-08,9.628201e-08,9.519124e-08,9.665407e-08,9.629428e-08,9.560123e-08,9.721177e-08,9.580346e-08,9.695057e-08,9.708965e-08,9.441389e-08,9.559897e-08,9.498056e-08,9.505775e-08,9.371240e-08,9.382325e-08,9.634755e-08,9.535161e-08,9.464456e-08,9.357030e-08,9.527259e-08,9.593594e-08,9.572333e-08,9.495801e-08,9.528093e-08,9.655367e-08,9.502967e-08,
9.656059e-08,9.762691e-08,9.492647e-08,9.473329e-08,9.455136e-08,9.621036e-08,9.619976e-08,9.564900e-08,9.528313e-08,9.548818e-08,9.571089e-08,9.654367e-08,9.574412e-08,9.545525e-08,9.652438e-08,9.558336e-08,9.573512e-08,9.505627e-08,9.458208e-08,9.548162e-08,9.580783e-08,9.514015e-08,9.469453e-08,9.546475e-08,9.551757e-08,9.372291e-08,9.568628e-08,9.490296e-08,9.632192e-08,9.320551e-08,9.726044e-08,9.649218e-08,9.617320e-08,9.710213e-08,9.655874e-08,9.508976e-08,9.530874e-08,9.568104e-08,9.522645e-08,9.566517e-08,9.756710e-08,9.689325e-08,9.591622e-08,9.467135e-08,9.730440e-08,9.512002e-08,9.467022e-08,9.479565e-08,9.569282e-08,9.673545e-08,9.475317e-08,9.728826e-08,9.656425e-08,9.454791e-08,9.565620e-08,9.653362e-08,9.566037e-08,9.418134e-08,9.446066e-08,9.403009e-08,9.618829e-08,9.507327e-08,9.480615e-08,9.596778e-08,
9.496056e-08,9.633815e-08,9.459033e-08,9.563219e-08,9.544566e-08,9.511378e-08,9.817670e-08,9.552717e-08,9.536256e-08,9.602540e-08,9.760227e-08,9.480727e-08,9.492396e-08,9.546735e-08,9.602072e-08,9.617457e-08,9.421948e-08,9.693835e-08,9.613230e-08,9.722066e-08,9.636260e-08,9.590265e-08,9.350878e-08,9.617015e-08,9.576621e-08,9.609466e-08,9.568702e-08,9.487771e-08,9.484821e-08,9.523356e-08,9.503267e-08,9.565086e-08,9.517399e-08,9.520007e-08,9.549330e-08,9.663376e-08,9.460847e-08,9.414758e-08,9.478458e-08,9.673265e-08,9.606549e-08,9.598753e-08,9.504982e-08,9.590830e-08,9.464180e-08,9.555359e-08,9.700391e-08,9.559153e-08,9.429347e-08,9.591316e-08,9.577396e-08,9.664564e-08,9.259254e-08,9.427805e-08,9.627879e-08,9.473951e-08,9.530432e-08,9.333802e-08,9.545979e-08,9.554092e-08,9.466690e-08,9.621343e-08,9.594386e-08,9.609340e-08,
9.669190e-08,9.497989e-08,9.652769e-08,9.469214e-08,9.521726e-08,9.417017e-08,9.437382e-08,9.449793e-08,9.494018e-08,9.613056e-08,9.619900e-08,9.663844e-08,9.594804e-08,9.569461e-08,9.606017e-08,9.570364e-08,9.609884e-08,9.624026e-08,9.604952e-08,9.612260e-08,9.481756e-08,9.631602e-08,9.707658e-08,9.491945e-08,9.579789e-08,9.436885e-08,9.574305e-08,9.597679e-08,9.223325e-08,9.518246e-08,9.664377e-08,9.791974e-08,9.676741e-08,9.675440e-08,9.550382e-08,9.548472e-08,9.549702e-08,9.560224e-08,9.663187e-08,9.400571e-08,9.490405e-08,9.600159e-08,9.483007e-08,9.614342e-08,9.459240e-08,9.643083e-08,9.495795e-08,9.485853e-08,9.676817e-08,9.613670e-08,9.365062e-08,9.678827e-08,9.628576e-08,9.506792e-08,9.535475e-08,9.613184e-08,9.461258e-08,9.620623e-08,9.596452e-08,9.439234e-08,9.485307e-08,9.482824e-08,9.514025e-08,9.495513e-08,
9.483236e-08,9.490575e-08,9.554087e-08,9.577874e-08,9.540364e-08,9.531688e-08,9.690670e-08,9.735175e-08,9.712202e-08,9.588354e-08,9.616624e-08,9.594256e-08,9.402350e-08,9.547175e-08,9.774786e-08,9.520123e-08,9.452433e-08,9.506993e-08,9.414461e-08,9.606496e-08,9.573014e-08,9.578243e-08,9.695993e-08,9.525804e-08,9.461912e-08,9.556789e-08,9.499244e-08,9.508630e-08,9.621230e-08,9.413267e-08,9.566242e-08,9.537795e-08,9.602974e-08,9.691448e-08,9.487550e-08,9.535508e-08,9.737837e-08,9.384700e-08,9.541192e-08,9.531093e-08,9.592241e-08,9.579691e-08,9.546332e-08,9.342354e-08,9.611631e-08,9.720164e-08,9.661459e-08,9.732208e-08,9.579111e-08,9.572122e-08,9.555008e-08,9.582748e-08,9.459956e-08,9.543289e-08,9.619858e-08,9.643930e-08,9.440719e-08,9.460931e-08,9.489578e-08,9.580903e-08,9.512690e-08,9.556298e-08,9.399008e-08,9.666572e-08,
9.664901e-08,9.620382e-08,9.676401e-08,9.552541e-08,9.670384e-08,9.463294e-08,9.511182e-08,9.376756e-08,9.412497e-08,9.667901e-08,9.479177e-08,9.524269e-08,9.710595e-08,9.566593e-08,9.565508e-08,9.436628e-08,9.626960e-08,9.593552e-08,9.572539e-08,9.502845e-08,9.456864e-08,9.624914e-08,9.333821e-08,9.572371e-08,9.589564e-08,9.651387e-08,9.584863e-08,9.562234e-08,9.565043e-08,9.820274e-08,9.608904e-08,9.557157e-08,9.459029e-08,9.566302e-08,9.517478e-08,9.548284e-08,9.324990e-08,9.664307e-08,9.204104e-08,9.748324e-08,9.544882e-08,9.489790e-08,9.602709e-08,9.526100e-08,9.626284e-08,9.350680e-08,9.465585e-08,9.410906e-08,9.547087e-08,9.422605e-08,9.425266e-08,9.430710e-08,9.663482e-08,9.540852e-08,9.580283e-08,9.615616e-08,9.581984e-08,9.483375e-08,9.677638e-08,9.703320e-08,9.513673e-08,9.733781e-08,9.552426e-08,9.636937e-08,
9.612203e-08,9.579105e-08,9.663653e-08,9.632586e-08,9.367829e-08,9.529941e-08,9.569119e-08,9.591520e-08,9.597405e-08,9.627718e-08,9.475933e-08,9.431657e-08,9.677794e-08,9.459282e-08,9.513238e-08,9.462665e-08,9.442176e-08,9.572129e-08,9.466789e-08,9.619140e-08,9.596404e-08,9.634367e-08,9.611487e-08,9.689966e-08,9.438682e-08,9.677460e-08,9.504317e-08,9.577516e-08,9.518693e-08,9.553300e-08,9.747423e-08,9.451778e-08,9.522420e-08,9.529224e-08,9.635063e-08,9.615446e-08,9.474646e-08,9.471081e-08,9.363729e-08,9.628087e-08,9.623095e-08,9.437102e-08,9.400318e-08,9.592493e-08,9.446054e-08,9.577168e-08,9.510480e-08,9.486346e-08,9.578871e-08,9.465727e-08,9.468761e-08,9.466343e-08,9.556553e-08,9.795824e-08,9.495948e-08,9.714077e-08,9.475013e-08,9.388651e-08,9.528557e-08,9.468064e-08,9.681888e-08,9.545420e-08,9.717508e-08,9.590011e-08,
9.628108e-08,9.487060e-08,9.684677e-08,9.348199e-08,9.482820e-08,9.708892e-08,9.552815e-08,9.495239e-08,9.513246e-08,9.542778e-08,9.620229e-08,9.446564e-08,9.531748e-08,9.549769e-08,9.729299e-08,9.498961e-08,9.540870e-08,9.851958e-08,9.786378e-08,9.539658e-08,9.439397e-08,9.499443e-08,9.546192e-08,9.527924e-08,9.534138e-08,9.305992e-08,9.399375e-08,9.658823e-08,9.628754e-08,9.618429e-08,9.582796e-08,9.329653e-08,9.477489e-08,9.416996e-08,9.562492e-08,9.506904e-08,9.507713e-08,9.355418e-08,9.493515e-08,9.371462e-08,9.542308e-08,9.611232e-08,9.445016e-08,9.488696e-08,9.612506e-08,9.689870e-08,9.430259e-08,9.537784e-08,9.421792e-08,9.493068e-08,9.644253e-08,9.571621e-08,9.606796e-08,9.525924e-08,9.504354e-08,9.558779e-08,9.510114e-08,9.632901e-08,9.567154e-08,9.483013e-08,9.609383e-08,9.484151e-08,9.358971e-08,9.570676e-08,
9.573181e-08,9.623665e-08,9.633634e-08,9.459821e-08,9.692169e-08,9.609538e-08,9.736471e-08,9.645397e-08,9.694018e-08,9.588545e-08,9.647208e-08,9.641782e-08,9.555603e-08,9.506061e-08,9.436810e-08,9.656911e-08,9.508036e-08,9.497719e-08,9.727010e-08,9.391546e-08,9.575854e-08,9.674565e-08,9.586539e-08,9.655637e-08,9.494440e-08,9.492862e-08,9.489114e-08,9.455507e-08,9.604502e-08,9.428588e-08,9.594277e-08,9.702289e-08,9.637702e-08,9.454004e-08,9.618875e-08,9.601089e-08,9.491497e-08,9.607528e-08,9.418259e-08,9.548574e-08,9.406037e-08,9.730955e-08,9.485172e-08,9.492019e-08,9.526165e-08,9.547417e-08,9.405845e-08,9.484203e-08,9.326584e-08,9.487583e-08,9.525423e-08,9.492126e-08,9.393557e-08,9.471174e-08,9.494058e-08,9.479503e-08,9.548046e-08,9.547646e-08,9.473171e-08,9.494323e-08,9.608094e-08,9.655923e-08,9.463854e-08,9.505321e-08,
===
